scenario_id,wetland_grassland,horticulture,cropland,mineral_bare_soil,dense_woodland,open_woodland,grassland,tree_hedges,urban,water,wetland_grassland_ha,horticulture_ha,cropland_ha,mineral_bare_soil_ha,dense_woodland_ha,open_woodland_ha,grassland_ha,tree_hedges_ha,urban_ha,water_ha,soc_stocks,soc_normalized,soc_density_ha,biodiv_hab_raw,biodiv_score,total_litter,maize_ha,actual_litter_used,ls_N_litter,ls_P_litter,total_N_litter_kg,total_P_litter_kg,N_litter_kg_per_maize_ha,P_litter_kg_per_maize_ha,total_gdnut_grain_prod,N_legumes_fixed,total_N_legumes,total_grass_biomass,max_grazing_CC_TLU,total_grazing_Nkg,total_grazing_Pkg,total_grazing_Kkg,init_grazing_N_kg_per_maize_ha,init_grazing_P_kg_per_maize_ha,grass_score,final_TLU,limiting_TLU_factor,final_maize_yield_avg,TLU_reduction,final_N_manure_per_ha,final_P_manure_per_ha,final_maize_production,final_total_N,final_total_P,N_density,P_density,final_N_total_per_ha,final_P_total_per_ha,system_performance_score,final_total_N_manure,final_total_P_manure,eco_div_shannon_raw,economic_diversification_score,equity_raw,equity_score,accessibility_score_brut,orientation_score_brut,connectivity_score_brut,RECYCLING_class,INPUT_class,SOIL_HEALTH_class,BIODIV_class,ECONOMIC_DIV_class,FAIRNESS_class,CONNECT_class,synergy_score_sum,synergy_score_norm,ae_composite_score,RECYCLING_norm,INPUT_norm,SOIL_HEALTH_norm,BIODIV_norm,ECONOMIC_DIV_norm,FAIRNESS_norm,CONNECT_norm,SYNERGY_norm
100,0.0834863558411598,0.0317367203533649,0.2920295634567742,0.021775821223855,0.0323248468339443,0.105126298964024,0.3827432214617725,0.031781329900026335,0.00600455934181809,0.0129913100972772,41.7431779205799,15.868360176682451,146.0147817283871,10.8879106119275,16.16242341697215,52.563149482012,191.37161073088623,15.890664950013168,3.002279670909045,6.4956550486386,7567.62,0.278,15.14,0.33389344991743564,0.33389344991743564,188.42096183881193,108.05093847900646,88.75,2826.314427582179,150.73676947104954,1331.25,71.00000000000001,12.320577856513967,0.6570974856807451,21096.215664117368,10.738966378378377,1160.3553954782808,514401.1270041386,375.82,2688.6162799999997,384.08804,1152.2641199999998,24.882859120398837,3.554694160056977,0.5261745541571039,226.44157660115434,RESIDUES,1.153279394863703,0.39747332073557995,11.994069181134641,1.713438454447806,124.61292094352378,3787.575826682007,256.13863302910386,7.575151653364014,0.5122772660582077,35.053613416026984,2.3705359401285513,0.8072962079657088,1295.9704312037265,185.1386330291038,2.2023096910380193,0.6095366923722227,0.9195777547799916,0.5939717307045987,0.665133524475101,3.752066336171427,0.7034123381650759,1,4,2,1,2,3,4,17,0.5,0.41391362804464915,0.13160557238910234,0.6049281148129895,0.27766287487073427,0.23003872448430437,0.6095366923722227,0.5939717307045987,0.740851694052507,0.5
101,0.0925060883164406,0.0282000526785851,0.20754077568650284,0.0419795475900173,0.0345113351941109,0.281258672475815,0.2812788577079777,0.02291273626685146,0.00169778859708458,0.00811416748911142,46.2530441582203,14.100026339292551,103.77038784325141,20.98977379500865,17.25566759705545,140.6293362379075,140.63942885398887,11.45636813342573,0.8488942985422899,4.05708374455571,7745.26,0.296,15.49,0.3734895125776533,0.3734895125776533,319.8562534336748,76.79008700400604,88.75,4797.843801505122,255.88500274693988,1331.25,71.00000000000001,17.336222055986866,0.9245985096526331,14992.745635592963,10.738966378378377,824.6461625287712,504917.67816191143,368.89,2639.03906,377.00558,1131.01674,34.36692368719839,4.909560526742626,0.5076010633450598,200.9371078378772,RESIDUES,1.2549054099074355,0.4552926134135455,14.975933749335962,2.1394191070479947,96.36429560858984,3305.8994181065104,235.28617936824844,6.611798836213021,0.4705723587364969,43.05112218370121,3.0640176167006277,0.6309615709636004,1150.0032555777389,164.2861793682484,2.2297655205273132,0.6643606395512092,0.9183493306466626,0.5844453580151768,1.2199971225685,3.63192013980353,0.5053054017437365,3,3,2,2,3,3,2,18,0.5833333333333334,0.4325774395973659,0.27622633293200116,0.346042750203072,0.29576008273009313,0.32490263589056284,0.6643606395512092,0.5844453580151768,0.4839658644075799,0.5833333333333334
110,0.0637527704238892,0.0196660105139017,0.24436084583401654,0.00432301918044686,0.247931554913521,0.214270159602165,0.1770212226212021,0.021551803886890382,0.00407120818272233,0.00305144861340523,31.8763852119446,9.83300525695085,122.18042291700827,2.16150959022343,123.9657774567605,107.1350798010825,88.51061131060105,10.775901943445191,2.035604091361165,1.525724306702615,7613.65,0.282,15.23,0.48622953318059436,0.48622953318059436,608.2387783414126,90.41351295858613,88.75,9123.58167512119,486.59102267313017,1331.25,71.00000000000001,14.724015873708817,0.7852808465978037,17652.627503049353,10.738966378378377,970.9476758133341,415503.3020929545,303.56,2171.66824,310.23832,930.71496,24.01928836671496,3.4313269095307084,0.3324815345733512,188.19738927631673,RESIDUES,1.1844747335645023,0.38003231889472683,11.912946008408912,1.7018494297727016,107.09252167225198,3379.2889741195504,224.87018547231656,6.7585779482391,0.44974037094463315,37.37592826049611,2.487130276370505,0.5428807852427716,1077.091298306216,153.87018547231656,2.2199322079308716,0.6447254283625619,0.9010972426158511,0.4506562083288721,1.63617129544496,3.7325916784995545,0.45479510106951226,2,3,2,4,3,2,1,17,0.5,0.4218735867828487,0.1736005171629934,0.4588645522038324,0.282316442605998,0.5950042219546346,0.6447254283625619,0.4506562083288721,0.41846901342041193,0.5
111,0.0840902328491211,0.0312507413327694,0.2237730550765987,0.00750463921576738,0.271201103925705,0.179573222994804,0.17115228822827355,0.020054397672414757,0.011201717890799,1.986150018638e-4,42.04511642456055,15.6253706663847,111.88652753829935,3.75231960788369,135.6005519628525,89.78661149740199,85.57614411413678,10.02719883620738,5.600858945399501,0.0993075009319,7914.39,0.313,15.83,0.4986361747980117,0.4986361747980117,615.3830126492677,82.79603037834151,88.75,9230.745189739015,492.3064101194142,1331.25,71.00000000000001,16.078669398964806,0.8575290346114564,16165.365498733488,10.738966378378377,889.1437864962043,421609.06041113375,308.02,2203.5750799999996,314.79643999999996,944.3893199999999,26.614501564031862,3.802071652004552,0.3444397628413524,184.15346393654167,RESIDUES,1.2123937537845824,0.40213796527322354,12.72944004664885,1.8184914352355501,100.38139006885977,3274.3408912978193,221.56387211451647,6.548681782595638,0.44312774422903295,39.54707582399203,2.6760204698470065,0.5149216023453962,1053.9471048016153,150.56387211451647,2.23522796938457,0.6752680866467317,0.9217869702345433,0.6111040950080058,1.49964886221631,3.697178585068362,0.47013663123243077,2,3,2,4,3,3,2,19,0.6666666666666666,0.4703817097913677,0.2128618697923016,0.39578070572660556,0.313340227507756,0.6247279488146378,0.6752680866467317,0.6111040950080058,0.43836241935114684,0.6666666666666666
112,0.130528911948204,0.0380294397473335,0.21796548223495446,0.013730444945395,0.231840327382088,0.218723341822624,0.12131106966733951,0.017936021387577036,0.00966580025851727,2.69202049821615e-4,65.264455974102,19.01471987366675,108.98274111747723,6.8652224726975,115.92016369104401,109.361670911312,60.655534833669755,8.968010693788518,4.832900129258635,0.1346010249108075,8647.75,0.389,17.3,0.4760899997949603,0.4760899997949603,580.0079017847779,80.64722842693315,88.75,8700.118526771668,464.00632142782234,1331.25,71.00000000000001,16.50707688245133,0.8803774337307377,15745.82643665311,10.738966378378377,866.067874586236,422987.04898735817,309.03,2210.8006199999995,315.82865999999996,947.4859799999998,27.413225018674975,3.916175002667854,0.34713857617238897,182.90683505851501,RESIDUES,1.2208782645780225,0.40812595845544114,12.98014102685886,1.854305860979837,98.46044828490152,3244.1302729931294,220.54462834384188,6.488260545986259,0.4410892566876838,40.22618428768857,2.7346832947105746,0.5063025696290712,1046.8123984068932,149.54462834384188,2.220498269316842,0.645855742765796,0.8946403458433002,0.40058327064915417,1.19121682638128,3.719007324478741,0.5571469696785178,2,3,3,4,3,1,3,19,0.6666666666666666,0.4644020048751729,0.22514234179476922,0.3779854970097307,0.38934850051706316,0.5707120137861192,0.645855742765796,0.40058327064915417,0.551188973449539,0.6666666666666666
113,0.0395114980638027,0.0357171818614006,0.19845427203178423,0.0174209494143724,0.108211047947407,0.453873574733734,0.1069725498408081,0.01620801462233068,0.0235406514257193,9.02795436559245e-5,19.75574903190135,17.8585909307003,99.22713601589211,8.710474707186199,54.105523973703505,226.936787366867,53.48627492040405,8.10400731116534,11.77032571285965,0.04513977182796225,7459.05,0.266,14.92,0.41649386657774473,0.41649386657774473,567.4396976476165,73.42808065176017,88.75,8511.595464714248,453.95175811809327,1331.25,71.00000000000001,18.129984989170328,0.966932532755751,14336.336611576091,10.738966378378377,788.5416893481083,385823.9043562061,281.88,2016.56952,288.08136,864.24408,27.463192583826036,3.9233132262608628,0.27435394509177624,167.97890059352005,RESIDUES,1.2420223476013745,0.40407655529473513,13.092768261726155,1.8703954659608792,91.19931711096223,3081.168533224942,208.339549125262,6.162337066449885,0.416679098250524,41.96171962927486,2.8373279987166304,0.403092738853599,961.3768438768338,137.33954912526198,2.155670850444177,0.5164080060142666,0.9077527546010467,0.5022693978532963,1.03585665470496,3.7286240901786267,0.6002662134765528,2,2,2,3,1,2,3,15,0.3333333333333333,0.39599767889660636,0.2565264200547149,0.3182004426760977,0.266287487073423,0.427932102808919,0.5164080060142666,0.5022693978532963,0.6071018198991041,0.3333333333333333
114,0.147357568144798,0.0357411801815033,0.2081329665035006,0.0144503703340888,0.0513874404132366,0.280853539705276,0.2075292022526262,0.0203541226238012,0.0341936498880386,0,73.678784072399,17.87059009075165,104.0664832517503,7.2251851670444,25.6937202066183,140.426769852638,103.7646011263131,10.1770613119006,17.0968249440193,0,8648.68,0.389,17.3,0.3794346567764873,0.3794346567764873,342.65185761682636,77.00919760629522,88.75,5139.777864252395,274.1214860934611,1331.25,71.00000000000001,17.286896129030374,0.9219677935482868,15035.525500212882,10.738966378378377,826.9991839199009,491881.0444331422,359.37,2570.93298,367.27614000000005,1101.8284199999998,33.384752210297485,4.769250315756784,0.4820686013884859,197.777529995863,RESIDUES,1.2510742195644236,0.4496548682531569,14.698508682809505,2.0997869546870724,96.34422179457826,3290.1695435922243,232.70290852461764,6.5803390871844485,0.4654058170492353,42.72437119021826,3.0217547482353595,0.6091166536268517,1131.9203596723232,161.7029085246176,2.263887826346466,0.732496242323069,0.8774400084717666,0.26719544494682906,0.648797189508767,3.716504134316886,0.6891447968725748,3,3,3,2,4,1,4,20,0.75,0.44729245086045605,0.27031762078695715,0.3478573050052307,0.38934850051706316,0.3391459619862722,0.732496242323069,0.26719544494682906,0.722350932554069,0.75
115,0.096039667725563,0.0492452494800091,0.35621944156289065,0.0539555698633194,0.0397700481116772,0.105447523295879,0.21436110135912914,0.029879494667053207,0.0468268655240536,0.00825507845729589,48.019833862781496,24.62262474000455,178.10972078144533,26.9777849316597,19.8850240558386,52.723761647939504,107.18055067956458,14.939747333526604,23.4134327620268,4.127539228647945,7676.42,0.289,15.35,0.26263394163548937,0.26263394163548937,197.6328866490719,131.80119337826955,88.75,2964.493299736079,158.10630931925755,1331.25,71.00000000000001,10.100439653678334,0.5386901148628446,25733.29245850322,10.738966378378377,1415.4085843193834,364689.59679071227,266.44,1906.11176,272.30168,816.90504,14.462022013180544,2.0660031447400775,0.23296205550422958,204.52975703071152,RESIDUES,1.0763857217508352,0.23236091791505958,8.881290642632091,1.2687558060902988,141.86892266209006,3917.2232897575514,238.22352934830977,7.834446579515102,0.4764470586966195,29.720696674688803,1.8074459209531435,0.6558006882639584,1170.5647054381682,167.22352934830974,2.3563682179480243,0.9171615829288904,0.9288427384051964,0.6658212528528683,0.46744087245461,3.9171613689465676,0.8368615748785758,1,4,2,1,4,3,4,19,0.6666666666666666,0.3623457193414294,0.035169232342603766,0.8016148046842263,0.28852119958634953,0.059315798355998886,0.9171615829288904,0.6658212528528683,0.9138957000216845,0.6666666666666666
116,0.118321545422077,0.0964078977704048,0.31861859881877913,0.0395164713263512,0.033458486199379,0.0727255567908287,0.22489043489098562,0.027892547458410275,0.0679698586463928,1.986150018638e-4,59.1607727110385,48.2039488852024,159.30929940938955,19.7582356631756,16.7292430996895,36.36277839541435,112.44521744549282,13.946273729205137,33.9849293231964,0.0993075009319,8374.08,0.361,16.75,0.2553735284805298,0.2553735284805298,157.80780646592387,117.88888156294827,88.75,2367.117096988858,126.24624517273911,1331.25,71.00000000000001,11.292413519837849,0.602262054391352,23017.0075786686,10.738966378378377,1266.004735489132,379770.4851575823,277.46,1984.9488400000002,283.56412,850.69236,16.83745586253706,2.405350837505294,0.26249822385179267,198.67162932471456,RESIDUES,1.1054291547355155,0.2839629880894018,9.644993267190094,1.3778561810271563,130.3178066988452,3734.292204440338,233.43392413588666,7.468584408880676,0.4668678482717733,31.676373165406318,1.9801182354185083,0.6152983421011429,1137.0374689512064,162.43392413588666,2.3534563795782324,0.9113472084973524,0.8928493838119623,0.3866944424177414,0.349253194136013,3.9031152158097404,0.8586821183546356,1,4,3,1,4,1,4,18,0.5833333333333334,0.3495783286553425,0.07053417281089477,0.6864006071516793,0.36091003102378494,0.041921362040064136,0.9113472084973524,0.3866944424177414,0.9421904609998115,0.5833333333333334
117,0.0871754288673401,0.0899498760700226,0.22010270033776713,0.20952008664608,0.0802873969078064,0.0845274478197098,0.19034107813239118,0.020499650999903654,0.0168019197881222,7.944600074552e-4,43.58771443367005,44.9749380350113,110.05135016888357,104.76004332304,40.1436984539032,42.2637239098549,95.17053906619559,10.249825499951827,8.400959894061101,0.3972300037276,7084.14,0.228,14.17,0.2715591998174788,0.2715591998174788,231.02699648536742,81.43799912497384,88.75,3465.4049472805114,184.82159718829394,1331.25,71.00000000000001,16.346791599792116,0.8718288853222463,15900.219072400298,10.738966378378377,874.5599345255018,336519.88381886645,245.86,1758.88244,251.26892,753.80676,21.597810099691163,3.085401442813023,0.17779120850911645,161.3281550804633,RESIDUES,1.1980904550216929,0.3438210563716616,11.337622572720646,1.6196603675315207,97.57008942769613,3129.1232316820096,202.9018995937868,6.258246463364019,0.4058037991875736,38.42338055089114,2.491489252853767,0.3571103344866094,923.3132971565076,131.9018995937868,2.3228577141864526,0.8502476297779933,0.92613294500884,0.644806929619843,0.54046721454447,3.462214627684712,0.5850392634838077,2,3,2,1,4,3,3,18,0.5833333333333334,0.368993367816365,0.19254183392423574,0.3845342297161581,0.22750775594622547,0.08069885628071764,0.8502476297779933,0.644806929619843,0.5873569904019235,0.5833333333333334
118,0.158600687980652,0.0337231755256653,0.21098924641311156,0.0215487126260996,0.0309911128133535,0.171208932995796,0.34448790872097007,0.025353702023625364,0.00309656281024218,0,79.300343990326,16.86158776283265,105.49462320655579,10.7743563130498,15.49555640667675,85.604466497898,172.24395436048505,12.676851011812682,1.54828140512109,0,8725.82,0.397,17.45,0.3808167286738752,0.3808167286738752,229.24808935582612,78.06602117285128,88.75,3438.7213403373917,183.3984714846609,1331.25,71.00000000000001,17.052873708682924,0.9094865977964227,15241.863160883178,10.738966378378377,838.3483766690244,580065.892405771,423.79,3031.79366,433.11338,1299.34014,38.83627747963611,5.548039639948016,0.6547800791251517,221.07453503008207,RESIDUES,1.2658689960484417,0.47833942511601957,16.20748386910461,2.3153548384435156,98.82135584757364,3434.85215555319,251.75053984059517,6.86970431110638,0.5035010796811903,43.99932395616591,3.2248414362399385,0.7701891685682473,1265.2537788841662,180.75053984059514,2.1910173550355423,0.5869880954424314,0.9019930439206505,0.45760310627206296,0.979792552303411,3.6388914646256723,0.5679128530032007,3,3,3,2,2,2,3,18,0.5833333333333334,0.44436447896403,0.2933728801213265,0.3566093428240028,0.39710444674250256,0.3424571181271229,0.5869880954424314,0.45760310627206296,0.5651491250710838,0.5833333333333334
119,0.124926492571831,0.0102247381582856,0.14401374521851507,0.0210635513067245,0.156779557466507,0.407185018062592,0.10330548785626856,0.012665565654635396,0.00187738239765167,0.0179585088044405,62.4632462859155,5.1123690791428,72.00687260925753,10.53177565336225,78.38977873325351,203.592509031296,51.65274392813428,6.332782827317698,0.938691198825835,8.97925440222025,8293.32,0.353,16.59,0.4808208395391705,0.4808208395391705,602.455775926188,53.28508573085057,88.75,9036.83663889282,481.96462074095047,1331.25,71.00000000000001,24.983538672046155,1.3324553958424619,10403.552954585526,10.738966378378377,572.2267441326137,460673.19146703964,336.56,2407.75024,343.96432,1031.89296,45.186194353929324,6.455170621989903,0.42094750715654805,170.9890885623928,RESIDUES,1.368223783208362,0.4919506520014476,18.365453264039733,2.6236361805771047,72.90592158724627,2882.0814957929,210.8006788086124,5.7641629915858,0.4216013576172248,54.08795831446427,3.956091576419567,0.42390479370273065,978.6047516602865,139.80067880861236,2.1076842989009026,0.42058820322389584,0.9256604272526211,0.6411425761396551,1.51530749606182,3.607090537964617,0.419976672533754,4,1,3,4,1,3,1,17,0.5,0.4174734472731947,0.47580793785251435,0.15138711743428013,0.35263702171664946,0.5820461195587837,0.42058820322389584,0.6411425761396551,0.3733198578031762,0.5
128,0.321960389614105,0.0114845931529999,0.19905469375848736,0.007679448928684,0.0964786261320114,0.143845990300179,0.19382545924186695,0.01930259531736371,0.003641820512712,0.00272644218057394,160.9801948070525,5.7422965764999505,99.52734687924368,3.839724464342,48.2393130660057,71.9229951500895,96.91272962093348,9.651297658681855,1.820910256356,1.36322109028697,10899.1,0.622,21.8,0.43594584336876874,0.43594584336876874,303.14230980813534,73.65023669064033,88.75,4547.1346471220295,242.5138478465083,1331.25,71.00000000000001,18.07529832649104,0.964015910746189,14379.711077113127,10.738966378378377,790.927415580396,601843.6726580361,439.7,3145.6138,449.37340000000006,1348.1202,42.710165524827886,6.101452217832556,0.6974322205719514,223.1891918247343,RESIDUES,1.2899624451463994,0.49240574977317647,17.34354755731083,2.477649651044404,95.00603940706945,3399.533798231716,253.4794832359028,6.799067596463432,0.5069589664718056,46.15781226218025,3.441665561790593,0.7848096353472279,1277.3563826513196,182.4794832359028,2.1735058268780714,0.5520209823525544,0.9344592773501218,0.7093772542064183,1.66088843126326,3.6872019005910617,0.42538766140576284,3,2,4,3,2,4,1,19,0.6666666666666666,0.49654815947769865,0.3324053125333422,0.3200402181272487,0.6220268872802482,0.4745349839795832,0.5520209823525544,0.7093772542064183,0.3803363025107414,0.6666666666666666
129,0.0896998271346092,0.0394538007676601,0.2555203889310361,0.0419774763286114,0.148796901106834,0.125998392701149,0.24403761023282966,0.02461025378108024,0.0299053937196732,0,44.8499135673046,19.72690038383005,127.76019446551807,20.9887381643057,74.39845055341699,62.99919635057449,122.01880511641482,12.305126890540121,14.9526968598366,0,7643.14,0.285,15.29,0.39096994303166804,0.39096994303166804,381.7962572501593,94.54254390448337,88.75,5726.943858752388,305.43700580012745,1331.25,71.00000000000001,14.08096233738925,0.7509846579940935,18458.79289637805,10.738966378378377,1015.2892003166085,433181.1554562378,316.48,2264.09792,323.44256000000007,970.32768,23.947926790370964,3.4211323986244238,0.36710390165541956,195.7537053552069,RESIDUES,1.1751379995364897,0.3814657945045283,11.850089496436661,1.6928699280623802,111.10053591500532,3466.8768068055288,231.0482294984172,6.933753613611057,0.4620964589968344,36.67001821220429,2.4438545860564735,0.5951241887502706,1120.3376064889203,160.0482294984172,2.3194971541650653,0.8435372455524431,0.9111682750572498,0.5287566019966726,1.50819243138866,3.7039937823229567,0.4715408276454957,1,4,2,2,4,2,2,17,0.5,0.4222187003635794,0.16083538604222739,0.49305894011962825,0.2854188210961737,0.36678210305281134,0.8435372455524431,0.5287566019966726,0.4401832448460575,0.5
130,0.0903629809617996,0.0194215849041939,0.1866873803436757,0.00672664446756244,0.316466897726059,0.288561552762985,0.07390240292251113,0.014306279644370085,0.00356425414793193,0,45.1814904808998,9.71079245209695,93.34369017183786,3.36332223378122,158.2334488630295,144.2807763814925,36.951201461255565,7.153139822185042,1.782127073965965,0,8085.53,0.331,16.17,0.5500335058718919,0.5500335058718919,767.2121353093534,69.07433072716002,88.75,11508.1820296403,613.7697082474826,1331.25,71.00000000000001,19.272716593641242,1.0278782183275332,13486.296356027133,10.738966378378377,741.7869152879599,397354.13596811256,290.3,2076.8062,296.6866,890.0598000000001,30.066251502360196,4.295178786051457,0.29693609368216084,167.60228508072115,RESIDUES,1.2647086027170849,0.4226583359258659,13.886799739875261,1.9838285342678943,87.35890029756435,3032.258313261944,208.03162828199765,6.064516626523888,0.4160632565639953,43.898482711894886,3.0117067525954275,0.40048886733778133,959.2213979739835,137.03162828199763,2.1045940286408134,0.414417535039422,0.8458380041014957,0.022123353642263265,1.2681580900461,3.667182425569031,0.5115987372787181,3,2,3,4,1,1,2,16,0.4166666666666667,0.3004967195304806,0.29154934508507685,0.28214505443589316,0.33092037228541893,0.7478652390889408,0.414417535039422,0.022123353642263265,0.49212645055030463,0.4166666666666667
131,0.0111406268551946,0.0306763257831335,0.21949875909090016,0.0699869021773338,0.133333742618561,0.442961841821671,0.055553950801491774,0.01571772395074366,0.0207871105521917,3.43062274623662e-4,5.5703134275973,15.33816289156675,109.74937954545008,34.9934510886669,66.66687130928051,221.4809209108355,27.776975400745886,7.8588619753718305,10.39355527609585,0.171531137311831,6762.23,0.194,13.52,0.39602081433311154,0.39602081433311154,598.4098057804264,81.21454086363306,88.75,8976.147086706396,478.7278446243412,1331.25,71.00000000000001,16.39176908277171,0.8742276844144913,15856.590356726627,10.738966378378377,872.1602237699923,311225.656582903,227.38,1626.6765200000002,232.38236,697.1470800000001,20.02937531508483,2.861339330726404,0.1282520477058205,154.67077203581584,RESIDUES,1.1930118960094238,0.31976967175734083,10.899670836060453,1.5570958337229222,96.8899133792577,3088.6219862853736,197.45882321648304,6.177243972570747,0.39491764643296606,38.03040629721054,2.4313235181374133,0.311082039074623,885.2117625153812,126.45882321648305,2.100693810782882,0.40662955915935783,0.9235567370917643,0.6248285556383794,0.994913702570219,3.6984321670498215,0.594805811582211,2,3,1,2,1,3,3,15,0.3333333333333333,0.3681021945883201,0.1854355915815226,0.3826836699670556,0.1938986556359876,0.37888293771852544,0.40662955915935783,0.6248285556383794,0.6000213011845072,0.3333333333333333
132,0.08269003033638,0.0496321879327297,0.1773822598010303,0.0330825820565224,0.0613033771514893,0.321000277996063,0.237120639503002,0.01946759675443173,0.0183210950344801,0,41.34501516819,24.81609396636485,88.69112990051515,16.5412910282612,30.65168857574465,160.5001389980315,118.560319751501,9.733798377215864,9.16054751724005,0,7868.62,0.309,15.74,0.39144264944642765,0.39144264944642765,389.65284733988335,65.63143612638122,88.75,5844.792710098251,311.7222778719067,1331.25,71.00000000000001,20.283724973448976,1.0817986652506122,12814.094448026428,10.738966378378377,704.8137859258959,479166.0557952342,350.08,2504.47232,357.78175999999996,1073.3452799999998,38.159645252578926,5.45137789322556,0.45716608664196606,185.7250517045106,RESIDUES,1.3013596570209398,0.46947825724259995,16.19561720192186,2.3136596002745513,85.41010320721918,3099.005401841151,222.8488022736079,6.198010803682302,0.4456976045472158,47.21830855374921,3.3954582655251633,0.5257873592899508,1062.9416159152554,151.8488022736079,2.245071319280455,0.6949233403685942,0.9349037218929019,0.7128239012067742,0.743722761386588,3.6229864911388012,0.6177440950467148,3,2,2,2,3,4,3,19,0.6666666666666666,0.47363284510817594,0.351582506919117,0.25363287444140614,0.30868665977249227,0.3679146090758402,0.6949233403685942,0.7128239012067742,0.6297654387944958,0.6666666666666666
133,0.0355972163379192,0.0530281253159046,0.272535880744457,0.0722256079316139,0.091900572180748,0.18163737654686,0.2172038322687147,0.024732652366161324,0.0510845892131329,5.41677254659589e-5,17.7986081689596,26.5140626579523,136.2679403722285,36.11280396580695,45.950286090374,90.81868827343,108.60191613435735,12.366326183080663,25.54229460656645,0.027083862732979448,6791.85,0.197,13.58,0.3214861109405756,0.3214861109405756,335.034839204848,100.8382758754491,88.75,5025.52258807272,268.02787136387843,1331.25,71.00000000000001,13.201832225337728,0.704097718684679,19687.992024979572,10.738966378378377,1082.8988542800912,360424.20397566824,263.32,1883.7912800000001,269.11304,807.3391200000001,18.681311869381567,2.6687588384830807,0.22460821339699744,181.5535404489011,RESIDUES,1.1420832686146656,0.3105212651948158,10.304293817761817,1.4720419739659738,115.16570771330028,3453.2160769772418,219.43817467102156,6.9064321539544835,0.4388763493420431,34.24509242147792,2.176139692650653,0.4969460636787579,1039.0672226971508,148.43817467102153,2.3485480725309578,0.9015462747319762,0.9386264474788443,0.7416934670105866,0.578757572464078,3.7290414152230453,0.7128002406528122,1,4,1,1,4,4,4,19,0.6666666666666666,0.42606064797314036,0.11698490431066134,0.5451967671424526,0.19700103412616343,0.2003133268964575,0.9015462747319762,0.7416934670105866,0.7530250139914854,0.6666666666666666
134,0.00768826808780432,0.0268655214458704,0.2687292743027213,0.0732791423797607,0.11309752613306,0.222554683685303,0.21356446534395246,0.02436588731408122,0.0363743528723717,0.0134809324517846,3.84413404390216,13.4327607229352,134.36463715136065,36.63957118988035,56.54876306653,111.27734184265151,106.78223267197623,12.182943657040608,18.18717643618585,6.7404662258923,6196.5,0.136,12.39,0.3471841783486305,0.3471841783486305,401.71631979301526,99.42983149200688,88.75,6025.744796895228,321.37305583441224,1331.25,71.00000000000001,13.388838943240275,0.7140714103061481,19413.002775628585,10.738966378378377,1067.7736174004895,355267.1761204425,259.56,1856.8922400000004,265.2703200000001,795.81096,18.675403670469613,2.6679148100670877,0.21450808937249793,179.21354838533475,RESIDUES,1.1448419838598602,0.3095486654903115,10.3155659094263,1.4736522727751857,113.83144554016077,3424.6985975194375,217.5249971598497,6.849397195038875,0.43504999431969943,34.44337123104496,2.187723683081334,0.48076765765326546,1025.6749801189478,146.52499715984968,2.2998807646077797,0.8043671339610085,0.9074015688694199,0.49954596864679146,0.557540478476774,3.7021297338168395,0.7041790533352722,1,4,1,1,4,2,4,17,0.5,0.38127716049057264,0.1205704248861473,0.533532797015733,0.13547052740434337,0.26188053904149405,0.8043671339610085,0.49954596864679146,0.7418458958010937,0.5
137,0.175455167889595,0.0209413450211287,0.19004274503886673,0.0264810528606176,0.183635115623474,0.224372357130051,0.14186720958352134,0.016908794566988943,0.00923562236130238,0.0110606048256159,87.7275839447975,10.47067251056435,95.02137251943337,13.2405264303088,91.817557811737,112.1861785650255,70.93360479176067,8.45439728349447,4.61781118065119,5.53030241280795,8903.51,0.416,17.81,0.46293688020855217,0.46293688020855217,505.05909334011386,70.3158156643807,88.75,7575.886400101708,404.04727467209113,1331.25,71.00000000000001,18.932440552977337,1.009730162825458,13728.687901607733,10.738966378378377,755.1191802880359,473513.11835348984,345.95,2474.9263,353.5609,1060.6827,35.197292054648,5.028184579235429,0.4460947155213895,187.95580973781657,RESIDUES,1.2768448503703187,0.4566966043132922,15.298246633813633,2.185463804830519,89.78238713065308,3162.0778705795083,224.67267004163887,6.324155741159016,0.44934534008327776,44.96965356516935,3.1951939676559773,0.5412105351927137,1075.7086902914718,153.67267004163884,2.2125614204071273,0.630007400410543,0.8856215206682391,0.3306426959670695,1.28569506436231,3.6514406741329517,0.49919702182765696,3,2,3,4,3,1,2,18,0.5833333333333334,0.440850210944105,0.3109195699853729,0.29242635726243715,0.41571871768355734,0.5391998813332486,0.630007400410543,0.3306426959670695,0.47604511074355277,0.5833333333333334
138,0.0940408632159233,0.0127889104187489,0.09937100166082402,0.0247115809470415,0.176103547215462,0.477240681648254,0.08960865421593191,0.009384415671229374,7.40191200748086e-4,0.0160101894289255,47.02043160796165,6.39445520937445,49.68550083041201,12.35579047352075,88.05177360773101,238.620340824127,44.80432710796595,4.6922078356146875,0.370095600374043,8.00509471446275,7927.19,0.315,15.85,0.5112408545911313,0.5112408545911313,684.9349104929717,36.76727061450489,88.75,10274.023657394575,547.9479283943773,1331.25,71.00000000000001,36.20747414073251,1.9310652875057341,7178.561159977927,10.738966378378377,394.8424829539073,455411.5112150564,332.72,2380.2788800000003,340.03984,1020.1195200000002,64.73906929226798,9.248438470323997,0.4106424196886883,154.56283969740818,RESIDUES,1.4813195929917724,0.5354567212749214,24.059279608512178,3.4370399440731685,54.464078342096734,2610.6865271101137,197.37057773660095,5.221373054220227,0.3947411554732019,71.00572012762306,5.368105231578903,0.31033580868297855,884.5940441562065,126.37057773660094,2.050837251049953,0.30707571401365163,0.9176245241149851,0.5788245166777674,1.81950818581579,3.5308432463056785,0.306030691167516,4,1,3,4,1,3,1,17,0.5,0.3138780938513052,0.7817356524918513,0.014595559073366963,0.3143743536711479,0.6549261338579226,0.30707571401365163,0.5788245166777674,0.22556577868442776,0.5
146,0.0694407373666763,0.0588244013488293,0.22293532514572123,0.0689094141125679,0.107080794870853,0.224214524030685,0.21547802987694717,0.021561991900205593,0.0110562201589346,4.98595938552171e-4,34.72036868333815,29.41220067441465,111.46766257286062,34.45470705628395,53.5403974354265,112.1072620153425,107.73901493847359,10.780995950102797,5.5281100794673,0.2492979692760855,7574.98,0.278,15.15,0.37242843645811,0.37242843645811,388.81132879003775,82.48607030391686,88.75,5832.169931850566,311.04906303203023,1331.25,71.00000000000001,16.139088637573092,0.8607513940038986,16104.847888526901,10.738966378378377,885.8151356783183,416257.92984040047,304.12,2175.67448,310.81064000000003,932.4319200000001,26.376265374066293,3.768037910580899,0.3339594854503878,182.55199783077745,RESIDUES,1.2123574833803963,0.3997369530751761,12.66615793594781,1.80945113370683,100.00260460759509,3261.846729663424,220.25451342644368,6.523693459326848,0.44050902685288734,39.54421295189928,2.6702025277107286,0.503849270392428,1044.7815939851055,149.25451342644365,2.283039575213719,0.7707385568993931,0.9244168309452231,0.6314985439377175,1.39956795814121,3.6436089245900396,0.4671897695744156,2,3,2,2,4,3,2,18,0.5833333333333334,0.4285060296044201,0.2128100998285019,0.3932137850224105,0.27817993795243023,0.3223605187143321,0.7707385568993931,0.6314985439377175,0.4345412154319765,0.5833333333333334
147,0.111121594905853,0.0431880429387093,0.2789171213507652,0.0139659605920315,0.0729274526238441,0.248075023293495,0.19296553051471743,0.024279643476009374,0.0145332477986813,2.64235422946513e-5,55.560797452926494,21.59402146935465,139.45856067538259,6.98298029601575,36.46372631192205,124.0375116467475,96.48276525735872,12.139821738004688,7.26662389934065,0.01321177114732565,8406.63,0.364,16.81,0.3611483487188815,0.3611483487188815,357.3100415107606,103.19933489978311,88.75,5359.650622661409,285.84803320860846,1331.25,71.00000000000001,12.899792438515007,0.6879889300541339,20148.972846379274,10.738966378378377,1108.2541877597812,434477.525206426,317.43,2270.8942199999997,324.41346,973.24038,22.004930770196005,3.1435615385994296,0.3696428631708673,202.34777854553067,RESIDUES,1.150618428098289,0.3625436204973359,11.221746799980737,1.6031066857115337,118.74305650317734,3597.5809939315627,236.43954373882593,7.195161987863125,0.47287908747765184,34.86050561687412,2.2910956157656677,0.6407147679218429,1158.0768061717815,165.4395437388259,2.289408072436666,0.783455206217765,0.9296363509194159,0.6719756814222224,1.24805038736198,3.8329069067440655,0.6017349572560529,1,4,3,1,4,3,3,19,0.6666666666666666,0.46141584418607456,0.12811356036491622,0.564749773459925,0.3640124095139607,0.2953357800899006,0.783455206217765,0.6719756814222224,0.6090063441482209,0.6666666666666666
148,0.0479195788502693,0.0305635258555412,0.2346444742679597,0.0164146367460489,0.138981431722641,0.398072749376297,0.09641812665760521,0.018105632647871978,0.0186435244977474,2.3636341211386e-4,23.959789425134648,15.2817629277706,117.32223713397985,8.20731837302445,69.4907158613205,199.0363746881485,48.20906332880261,9.05281632393599,9.3217622488737,0.11818170605693,7557.35,0.277,15.11,0.41923947548866275,0.41923947548866275,575.1393540797383,86.81845547914509,88.75,8627.090311196074,460.11148326379066,1331.25,71.00000000000001,15.33372129984256,0.8177984693249367,16950.716821117407,10.738966378378377,932.340474413279,368581.1448087769,269.28,1926.42912,275.20416000000006,825.61248,22.189165994351892,3.1698808563359857,0.24058371641690418,173.51077120141724,RESIDUES,1.1862412807211866,0.3556492453898646,11.438084682104156,1.634012097443451,102.9876358178164,3256.62732015323,212.86240653427876,6.51325464030646,0.42572481306855753,37.51077236032509,2.451810566768388,0.44133938514292337,993.0368457399511,141.86240653427873,2.167339520427273,0.5397080686494795,0.8989153958631522,0.4337360870503299,0.895569129090156,3.7816718761613495,0.6620087015478826,2,3,2,3,2,1,4,17,0.5,0.4162385514872282,0.1760389335297017,0.42909224203169916,0.2761116856256463,0.4345100093729281,0.5397080686494795,0.4337360870503299,0.6871634803288652,0.5
149,0.0434351824223995,0.0545076578855515,0.2188937381505965,0.0189271867275238,0.168324083089828,0.327160626649857,0.12647959542274465,0.018176137328147875,0.0240958575159311,0,21.71759121119975,27.25382894277575,109.44686907529825,9.4635933637619,84.16204154491399,163.5803133249285,63.239797711372326,9.088068664073937,12.04792875796555,0,7582.48,0.279,15.16,0.4259498540014025,0.4259498540014025,565.3800619947905,80.9906831157207,88.75,8480.700929921857,452.30404959583245,1331.25,71.00000000000001,16.43707583127667,0.8766440443347558,15812.88364399909,10.738966378378377,869.7562229416219,371087.6143721525,271.11,1939.52094,277.07442000000003,831.2232600000001,23.94745747765559,3.421065353950799,0.24549267835475244,169.86481122241082,RESIDUES,1.2077498671257463,0.37344689896200506,12.003482995680507,1.714783285097215,97.8164867714351,3173.1765105297236,209.8814696554431,6.346353021059447,0.4197629393108862,39.17952520533555,2.591427329431971,0.4161316838812523,972.1702875881017,138.88146965544308,2.213968431230634,0.6328169271486902,0.8815250469369926,0.29887473047576624,0.696723201207711,3.740996857924221,0.6899594715337255,2,3,2,3,3,1,4,18,0.5833333333333334,0.420138706384118,0.20621536879401994,0.3808298018875059,0.2786970010341262,0.4505866773537214,0.6328169271486902,0.29887473047576624,0.723407323511402,0.5833333333333334
150,0.130887627601624,0.0932273715734482,0.2863497309684749,0.0221669543534517,0.0894373431801796,0.0912971794605255,0.18104965907335244,0.024326263368129687,0.081095390021801,1.62503187311813e-4,65.44381380081201,46.6136857867241,143.17486548423744,11.08347717672585,44.7186715900898,45.64858973026275,90.52482953667622,12.163131684064844,40.5476950109005,0.08125159365590649,8570.43,0.381,17.14,0.30321770793199543,0.30321770793199543,257.4506969898938,105.9494004583357,88.75,3861.760454848407,205.96055759191506,1331.25,71.00000000000001,12.564960200256255,0.6701312106803338,20685.904565162626,10.738966378378377,1137.7870493314138,376299.18629765883,274.92,1966.7776800000004,280.96824000000004,842.9047200000001,18.563367716020537,2.651909673717219,0.25569962783959477,189.30483044399446,RESIDUES,1.1320477687841755,0.3114184837625693,10.225913510696314,1.460844787242331,119.93978239288002,3552.466454928483,225.77562937100996,7.1049329098569665,0.4515512587420199,33.529840089330946,2.130975997922665,0.5505374919209683,1083.4294055970693,154.77562937100993,2.3978536922945186,1,0.9395912163250828,0.7491752050675433,0.58744090048116,3.8851050351362146,0.7908954230317072,1,4,3,1,4,4,4,21,0.8333333333333334,0.47241259543357733,0.10405083455717995,0.5875243202567842,0.3810754912099277,0.15654604176482392,1,0.7491752050675433,0.8542912597831366,0.8333333333333334
151,0.00785432010889053,0.0193831045180559,0.15875802476704093,0.239654824137688,0.173536747694016,0.2619588971138,0.09639852851629255,0.013346918925642947,0.0192114263772964,0.009897256270051,3.927160054445265,9.691552259027949,79.37901238352046,119.827412068844,86.76837384700801,130.9794485569,48.19926425814627,6.673459462821474,9.605713188648199,4.9486281350255,5240.48,0.037,10.48,0.36331608002632904,0.36331608002632904,513.3489310101427,58.74046916380514,88.75,7700.233965152141,410.6791448081142,1331.25,71.00000000000001,22.663251059293433,1.2087067231623168,11468.679709171036,10.738966378378377,630.8119234002752,278958.38692935125,203.81,1458.0567400000002,208.29382,624.88146,24.822013864649715,3.546001980664245,0.06505606843597876,129.45964487040527,RESIDUES,1.2884037558842587,0.36480229198564706,12.613509052100792,1.8019298645858273,75.68144109305003,2702.985362922579,176.8462056460434,5.405970725845158,0.3536924112920868,46.015726489772604,3.0106365877481442,0.1367755283847121,740.9234395223035,105.84620564604336,2.1268784194782557,0.45891512585758415,0.9465088978898099,0.8028215076306033,0.822990682534238,3.2979179658635163,0.4311556188849994,3,1,1,2,1,4,1,13,0.16666666666666666,0.2688267108447644,0.32983594336291056,0.1965656350526115,0.03671147880041369,0.3005292123881296,0.45891512585758415,0.8028215076306033,0.38781562942970915,0.16666666666666666
152,0.00696181645616889,0.0473243519663811,0.317108682602644,0.0834134519100189,0.0968366265296936,0.149834886193275,0.22451586064696355,0.027784693062305466,0.0327700302004814,0.0134496642276645,3.480908228084445,23.66217598319055,158.554341301322,41.706725955009446,48.4183132648468,74.9174430966375,112.25793032348177,13.892346531152732,16.3850151002407,6.72483211383225,6314.94,0.148,12.63,0.3013852547090501,0.3013852547090501,322.25510174214804,117.33021256297829,88.75,4833.82652613222,257.8040813937185,1331.25,71.00000000000001,11.346182461618202,0.6051297312863043,22907.931231215003,10.738966378378377,1260.005207881812,326748.96505482326,238.72,1707.8028800000002,243.97184000000001,731.91552,14.555525322033471,2.0793607602904958,0.15865470311868243,184.54639365154821,RESIDUES,1.0967770339422367,0.22693367270631612,9.001909202027703,1.2859870288611006,128.68508252663548,3647.4511280283527,221.88513144950585,7.294902256056705,0.4437702628990117,31.08705804202428,1.8911167601474048,0.5176382681699667,1056.1959201465406,150.88513144950582,2.3546780149055455,0.9137865764531709,0.9352077731878343,0.7151818050232498,0.436658871551612,3.776796399743021,0.7722668623971287,1,4,1,1,4,4,4,19,0.6666666666666666,0.38385127561436133,0.05987745409775889,0.6817740144349342,0.1478800413650466,0.15215586586048455,0.9137865764531709,0.7151818050232498,0.8301355520620964,0.6666666666666666
155,0.0333004258573055,0.00294693559408188,0.10938393136113837,0.264988869428635,0.27468740940094,0.11703135073185,0.17498976695537544,0.013017351247370206,0.00101113086566329,0.00864288210868835,16.65021292865275,1.47346779704094,54.69196568056918,132.4944347143175,137.34370470047,58.515675365925,87.49488347768772,6.508675623685103,0.505565432831645,4.321441054344175,5165.44,0.029,10.33,0.4438568567968906,0.4438568567968906,559.1460041629899,40.472054603621196,88.75,8387.190062444848,447.31680333039196,1331.25,71.00000000000001,32.89306690846597,1.7542969017848518,7901.895201528635,10.738966378378377,434.62803365218184,348405.7312609506,254.54,1820.97916,260.13988,780.4196400000001,44.99349434651805,6.427642049502579,0.20106983656222702,131.6315551860744,RESIDUES,1.4319191733842211,0.48286495173224486,18.614170296497264,2.659167185213895,57.95271097317833,2519.231750293123,178.62195952013445,5.0384635005862455,0.3572439190402689,62.246203583341604,4.413464086998747,0.15179183868975524,753.353716640941,107.62195952013444,2.122940720227689,0.45105230693222653,0.9039016306601845,0.4724041087089139,1.63488341212484,3.1042158037786143,0.1320773616341901,4,1,1,3,1,2,1,13,0.16666666666666666,0.1509666849911946,0.6233353329145221,0.04527656450248563,0.02895553257497417,0.493488122917134,0.45105230693222653,0.4724041087089139,0,0.16666666666666666
156,0.120047390460968,0.038203481584787397,0.21378502142429312,0.0193121638149023,0.104489162564278,0.260672003030777,0.19709624004364018,0.02034129655361173,0.00294311321340501,0.0231101773679256,60.023695230484,19.1017407923937,106.89251071214656,9.65608190745115,52.244581282138995,130.3360015153885,98.5481200218201,10.170648276805865,1.471556606702505,11.555088683962799,8324.08,0.356,16.65,0.40356762760877646,0.40356762760877646,412.0938339227443,79.10045792698845,88.75,6181.407508841164,329.67506713819546,1331.25,71.00000000000001,16.829864641602637,0.8975927808854741,15443.829947690934,10.738966378378377,849.4571581922623,463490.1515564404,338.62,2422.4874800000002,346.06964,1038.20892,30.625454561034424,4.375064937290632,0.4264645699054301,192.1092190731739,RESIDUES,1.2360961572778966,0.4326701935113877,13.899786567789961,1.9856837953985658,97.77577208247236,3280.186640791852,228.06849751422703,6.560373281583704,0.45613699502845406,41.46861758777098,2.88327657628404,0.5699266764411032,1099.4794825995891,157.068497514227,2.2425304626598153,0.6898497442780577,0.9046305545759508,0.4780568801706763,1.84846563725297,3.7068747956572397,0.3894091398723936,2,3,3,3,3,2,1,17,0.5,0.413895722652993,0.2476095442701215,0.3651759852417521,0.3557394002068252,0.39696352901685017,0.6898497442780577,0.4780568801706763,0.3336828509938269,0.5
166,0.0854814872145653,0.0508796386420727,0.21559189540147813,0.0255080442875624,0.136100605130196,0.293109834194183,0.15340359824895825,0.01891674995422364,0.0193093959242105,0.00169876450672746,42.74074360728265,25.43981932103635,107.79594770073906,12.754022143781201,68.05030256509801,146.5549170970915,76.70179912447912,9.45837497711182,9.65469796210525,0.8493822533637301,8038.99,0.326,16.08,0.4115564399361611,0.4115564399361611,487.03921957314054,79.76900129854691,88.75,7305.588293597108,389.63137565851247,1331.25,71.00000000000001,16.688813678606884,0.890070062859034,15574.358523802779,10.738966378378377,856.6366229819164,412279.7885151995,301.21,2154.85634,307.83662,923.50986,27.013705887267427,3.859100841038204,0.32616823011892754,179.50982341427041,RESIDUES,1.2218808342785739,0.40403763681726895,12.879321599119324,1.8399030855884748,97.46821385623714,3215.257244346469,217.7672316235075,6.430514488692938,0.435534463247015,40.307101656104585,2.7299731484475087,0.4828160653329182,1027.3706213645526,146.7672316235075,2.244448782751718,0.6936802560982112,0.9244055770799876,0.6314112707301005,0.91842402376161,3.7187714377966032,0.6240570112924861,2,3,3,3,3,3,4,21,0.8333333333333334,0.48737057522042976,0.22660558887600468,0.3707124977274042,0.32626680455015505,0.41610305789803,0.6936802560982112,0.6314112707301005,0.6379514153007643,0.8333333333333334
167,0.0854923650622368,0.0557360611855984,0.2827575488388536,0.0209883656352758,0.10041318833828,0.21141542494297,0.17332139870524432,0.023829027056694027,0.0459202714264393,1.26391358207911e-4,42.7461825311184,27.8680305927992,141.3787744194268,10.494182817637899,50.206594169140004,105.707712471485,86.66069935262216,11.914513528347014,22.96013571321965,0.0631956791039555,7926.95,0.315,15.85,0.3474422962218526,0.3474422962218526,371.36913350433133,104.62029307037584,88.75,5570.537002564969,297.09530680346506,1331.25,71.00000000000001,12.724586797940784,0.6786446292235085,20426.405328118784,10.738966378378377,1123.5138097788583,382691.0650008927,279.59,2000.1868599999998,285.74098,857.22294,19.118536196935683,2.7312194567050976,0.2682182275960029,190.0063197589087,RESIDUES,1.1366658081628889,0.32041088823309594,10.39419922588714,1.4848856036981628,118.91830997307703,3542.2079790230446,226.34916703488378,7.0844159580460895,0.45269833406976756,33.8577524022063,2.1635302329216715,0.5553874993786561,1087.4441692441862,155.34916703488375,2.333764922047878,0.872027200775773,0.935885670463197,0.7204388672341232,0.675907371115742,3.847722232214545,0.7499395525152825,1,4,2,1,4,4,4,20,0.75,0.4721719790403259,0.10998054710355407,0.5765173759637634,0.3143743536711479,0.26249893565501164,0.872027200775773,0.7204388672341232,0.8011836656398115,0.75
168,0.160704702138901,0.0961892157793045,0.24212941396236443,0.0493124388158321,0.0588671751320362,0.13763153553009,0.18907492160797146,0.02183614504337313,0.0442364290356636,1.80559090949828e-5,80.3523510694505,48.09460788965225,121.06470698118221,24.65621940791605,29.4335875660181,68.815767765045,94.53746080398572,10.918072521686565,22.1182145178318,0.0090279545474914,9056.73,0.432,18.11,0.313490827292204,0.313490827292204,241.47332702383375,89.58788316607483,88.75,3622.099905357506,193.178661619067,1331.25,71.00000000000001,14.859710408964302,0.7925178884780963,17491.428864641206,10.738966378378377,962.0812652305679,424196.64512206835,309.92,2217.16768,316.73824,950.21472000000006,24.74852180500675,3.535503115000964,0.349507590132193,189.8265628094108,RESIDUES,1.1890518198557223,0.3874981840171309,12.126811638766615,1.732401662680945,106.5246355156431,3379.7466495013878,226.2021977529743,6.759493299002775,0.45240439550594863,37.725488426109294,2.5249195511590417,0.554144682806685,1086.41538427082,155.20219775297429,2.342785721365595,0.8900399811035208,0.9539700920881813,0.8606827256850044,0.660074119257072,3.760235531516099,0.7088551508770027,2,3,4,1,4,4,4,22,0.9166666666666666,0.5026265499436816,0.17992169272841663,0.45202713544191137,0.4312306101344364,0.18115829407929152,0.8900399811035208,0.8606827256850044,0.7479094048240853,0.9166666666666666
169,0.0147077739238739,0.0401944927871227,0.19965375535190094,0.0968519374728203,0.14903137087822,0.237384974956512,0.20769908639788626,0.019828461751341814,0.0268947146832943,0.00775344204157591,7.35388696193695,20.09724639356135,99.82687767595047,48.42596873641015,74.51568543911,118.692487478256,103.84954319894312,9.914230875670906,13.44735734164715,3.876721020787955,6326.69,0.149,12.65,0.38884151939302697,0.38884151939302697,464.3969969741258,73.87188948020335,88.75,6965.954954611886,371.5175975793006,1331.25,71.00000000000001,18.021063348552318,0.9611233785894571,14422.987286621323,10.738966378378377,793.307737435187,375117.13286954554,274.06,1960.6252399999998,280.08932,840.2679599999999,26.54088387065584,3.79155483866512,0.2533845567244696,165.5781686611707,RESIDUES,1.2375354171384776,0.3958324138467098,12.828113394007147,1.8325876277153066,91.41907956269097,3072.1947123167997,206.3767106973732,6.1443894246336,0.4127534213947464,41.58814312093784,2.793711006304764,0.38649438513922046,947.6369748816122,135.37671069737317,2.2603892237350487,0.7255102139153898,0.8868592480484325,0.34024121490830117,0.923731875292597,3.54634823436764,0.5341137808412908,2,2,1,2,3,1,3,14,0.25,0.34062265674429304,0.24977095152993678,0.32187582594134545,0.1489141675284385,0.3616828437344374,0.7255102139153898,0.34024121490830117,0.5213217717719808,0.25
170,0.0167948845773935,0.06095190346241,0.15186102722585157,0.217600733041763,0.115621455013752,0.215503826737404,0.18731868919730188,0.016114570781588528,0.0182148870080709,1.80559090949828e-5,8.39744228869675,30.475951731205,75.93051361292578,108.8003665208815,57.810727506876,107.751913368702,93.65934459865095,8.057285390794265,9.10744350403545,0.0090279545474914,5845.91,0.1,11.69,0.33348744066059594,0.33348744066059594,386.7730217499287,56.18858007356508,88.75,5801.595326248931,309.418417399943,1331.25,71.00000000000001,23.692536779841326,1.2636019615915377,10970.440606795515,10.738966378378377,603.4072722588367,336143.8210167208,245.58,1756.8793200000002,250.98276,752.9482800000001,31.267551479318403,4.466793068474057,0.17705468331489568,141.94533380012146,RESIDUES,1.3187371620395103,0.4219996180465777,14.458125358235467,2.0654464797479237,74.09796862524298,2747.0388066636924,187.05450491497933,5.494077613327385,0.37410900982995865,48.889628516455176,3.329048441339461,0.22309998570149525,812.3815344048553,116.05450491497932,2.2426252112983387,0.6900389388662495,0.8902368980549441,0.3664347354550353,0.774755896350234,3.314329987862215,0.45144504608600017,3,1,1,1,3,1,1,11,0,0.1953554654602218,0.3818053639535529,0.1754322779494247,0.09927611168562564,0.22906601094706525,0.6900389388662495,0.3664347354550353,0.41412498756578303,0
171,0.00417907303199172,0.0255903340876102,0.23204395550489437,0.282660990953445,0.151692271232605,0.100842699408531,0.1586450898349282,0.020132765024900433,0.0119688529521227,0.012243976816535,2.08953651599586,12.7951670438051,116.02197775244719,141.3304954767225,75.8461356163025,50.421349704265495,79.3225449174641,10.066382512450216,5.98442647606135,6.1219884082675,4883.3,0,9.77,0.29359208488278066,0.29359208488278066,358.92791332826005,85.85626353681091,88.75,5383.918699923901,287.142330662608,1331.25,71.00000000000001,15.505566456770227,0.8269635443610789,16762.855345673568,10.738966378378377,922.0075274950058,255612.04542324145,186.75,1336.0095000000001,190.8585,572.5755,15.56100213267708,2.223000304668154,0.019331873929042533,143.7533294446152,RESIDUES,1.1638096828034383,0.23023652238492537,9.582632893460081,1.368947556208583,99.92035083346431,3075.9865825724273,188.5327221539174,6.151973165144855,0.3770654443078348,35.827165728608684,2.195911100569662,0.23560023648626124,822.7290550774217,117.53272215391738,2.248715243670846,0.7021995480818205,0.9086012489244392,0.5088494323301433,0.627400508193204,3.330753536680205,0.4960965524856653,1,3,1,1,3,2,2,13,0.16666666666666666,0.2042483397178111,0.14559389387959784,0.42112389184088256,0,0.1334850556257104,0.7021995480818205,0.5088494323301433,0.4720247233023365,0.16666666666666666
175,0.149425908923149,0.0297610107809305,0.141796377405524,0.0139525253325701,0.038483027368784,0.510760247707367,0.08025261814892289,0.011715153694152816,0.0014986403984949,0.0223545338958502,74.7129544615745,14.880505390465249,70.898188702762,6.97626266628505,19.241513684392,255.38012385368353,40.126309074461446,5.857576847076408,0.74932019924745,11.1772669479251,8929.38,0.418,17.86,0.4145599916055799,0.4145599916055799,493.50896244034186,52.46465964004388,88.75,7402.634436605128,394.8071699522735,1331.25,71.00000000000001,25.37422350842657,1.3532919204494174,10243.370303775053,10.738966378378377,563.4162159274962,469814.00999393617,343.24,2455.5389600000003,350.79128000000003,1052.37384,46.80367654812345,6.686239506874778,0.43884995085065076,172.59178947438087,RESIDUES,1.3756797068882767,0.49716877556700595,18.827479989326978,2.6896399984752826,72.17456759560876,2882.443545447273,212.11104707425386,5.764887090894546,0.4242220941485077,54.94066987613193,4.0429319189247,0.4349856629480955,987.7773295197768,141.11104707425383,2.106873674689238,0.41896954446220613,0.9449486553670057,0.7907218985828418,1.88450533143261,3.67319303927136,0.3632383299149471,4,1,3,3,1,4,1,17,0.5,0.4088191314384954,0.49122771395461207,0.14459279489882917,0.41830403309203723,0.4232989415371912,0.41896954446220613,0.7907218985828418,0.29974708705823255,0.5
176,0.183966845273972,0.0929466784000397,0.24389321237802467,0.0133727127686143,0.0322503559291363,0.289223849773407,0.10560625062882883,0.01900891317427155,0.00487613026052713,0.0148550933226943,91.983422636986,46.47333920001985,121.94660618901233,6.6863563843071505,16.12517796456815,144.6119248867035,52.803125314414416,9.504456587135776,2.4380651302635648,7.42754666134715,9924.03,0.521,19.85,0.331153285354376,0.331153285354376,316.3319782940298,90.24048857986912,88.75,4744.979674410446,253.06558263522382,1331.25,71.00000000000001,14.752247255640144,0.7867865203008079,17618.8456621885,10.738966378378377,969.0895728276524,425464.02148415963,310.84,2223.74936,317.67848,953.03544,24.642479168669688,3.5203541669528127,0.35198976761934186,190.63017652229783,RESIDUES,1.1871677944794234,0.38672572216478623,12.090078892988164,1.7271541275697382,107.13060180010883,3391.354199100068,226.8592323246308,6.7827083982001355,0.4537184646492616,37.58129252700669,2.513940647870546,0.5597007652982321,1091.0146262724152,155.85923232463077,2.2670629741933075,0.7388363945267602,0.9158921585000365,0.5653901009620678,1.68935542537198,3.861422098805192,0.5079554507326367,2,3,4,1,4,3,2,19,0.6666666666666666,0.4463258782684215,0.17731416565952784,0.45743165843232475,0.5211995863495348,0.223473861442762,0.7388363945267602,0.5653901009620678,0.48740219049191985,0.6666666666666666
182,0.0996223613619804,0.0876799523830414,0.20454848244786308,0.0186513438820839,0.0863743647933006,0.291753113269806,0.17150414791703203,0.018861415565013907,0.0209868084639311,1.80559090949828e-5,49.8111806809902,43.8399761915207,102.27424122393154,9.32567194104195,43.1871823966503,145.876556634903,85.75207395851602,9.430707782506953,10.49340423196555,0.0090279545474914,8600.37,0.384,17.2,0.37724488385021676,0.37724488385021676,405.54642424404625,75.68293850570934,88.75,6083.196363660693,324.437139395237,1331.25,71.00000000000001,17.589829706461167,0.9381242510112625,14776.582372033628,10.738966378378377,812.7565320296909,426614.24892385234,311.68,2229.7587200000003,318.53696,955.6108800000001,29.46184125543424,4.208834465062035,0.3542425070117628,180.10540408558302,RESIDUES,1.2418659186447822,0.4221464191299313,13.619704374782557,1.945672053540365,93.9880619531293,3174.7857806923,218.2541783803727,6.349571561384599,0.4365083567607454,41.9485004596221,2.8837963045516277,0.4869338339661781,1030.7792486626088,147.25417838037268,2.277174774940531,0.7590276923444561,0.9113070493037156,0.5298327898992534,1.03174389978799,3.735804801678534,0.6049682552124904,2,2,3,2,4,2,3,18,0.5833333333333334,0.4575848422519228,0.2562873748189466,0.33687394867864523,0.3841778697001034,0.33389972256443545,0.7590276923444561,0.5298327898992534,0.6131989708327413,0.5833333333333334
183,0.0896620452404022,0.0435954891145229,0.11859637354314347,0.0396904051303864,0.123024202883244,0.421321988105774,0.12648597219586372,0.011887791618704808,0.0232391618192196,0.00249663996510208,44.8310226202011,21.79774455726145,59.298186771571736,19.8452025651932,61.512101441622,210.660994052887,63.242986097931855,5.943895809352404,11.6195809096098,1.24831998255104,7947.66,0.317,15.9,0.44770310146361636,0.44770310146361636,558.1003765160598,43.880658210963084,88.75,8371.505647740896,446.48030121284785,1331.25,71.00000000000001,30.337967894642983,1.6180249543809593,8567.402024756684,10.738966378378377,471.2329131886456,444047.7102021705,324.42,2320.90068,331.55724000000004,994.6717200000002,52.89120023774278,7.5558857482489685,0.38838622816868784,158.5825082930844,RESIDUES,1.4286033828974656,0.5111814675633919,20.68335910321936,2.9547655861741946,62.68805676394931,2710.0823246516265,200.65705878042584,5.420164649303253,0.40131411756085167,61.760293376240725,4.572790540555154,0.33812728355219535,907.5994114629806,129.6570587804258,2.149274598472582,0.5036359358653402,0.8940309046440489,0.39585708216193943,0.996713392481332,3.5526202887929696,0.5194049113968219,4,1,3,3,1,1,2,15,0.3333333333333333,0.36579086150803886,0.6145485086986454,0.07350476514516735,0.31695966907962775,0.5027029232987299,0.5036359358653402,0.39585708216193943,0.502248738799803,0.3333333333333333
184,0.370851963758469,0.0364656671881676,0.13469076065719093,0.0152561664581299,0.0544685237109661,0.214453369379044,0.14058192273974432,0.013393028482794746,0.0197122562676668,1.26391358207911e-4,185.4259818792345,18.2328335940838,67.34538032859547,7.62808322906495,27.23426185548305,107.226684689522,70.29096136987216,6.696514241397373,9.8561281338334,0.0631956791039555,11715.25,0.707,23.43,0.42410866589099216,0.42410866589099216,282.7675025665018,49.83558144316065,88.75,4241.512538497526,226.21400205320145,1331.25,71.00000000000001,26.712841737751983,1.4246848926801061,9730.060549875472,10.738966378378377,535.1826335650396,615727.7628838769,449.85,3218.2269,459.7467000000001,1379.2401,64.57689078375675,9.225270111965253,0.7246244400412013,206.8069472045274,RESIDUES,1.4247178407503447,0.5402757648004282,23.750049381703086,3.3928641973861553,71.00164198623779,3050.0301538059907,240.08536003442165,6.100060307611981,0.4801707200688433,61.201857497833444,4.817549090066262,0.671544890051167,1183.5975202409513,169.08536003442163,2.1653030856165487,0.5356417047270152,0.93595294334778,0.7209605653618645,0.737418673356504,3.626068870155799,0.6208777339534405,4,1,4,3,2,4,4,22,0.9166666666666666,0.5312632521509948,0.6044501863590515,0.12282019960876157,0.7063081695966908,0.44617557448000794,0.5356417047270152,0.7209605653618645,0.6338288373049336,0.9166666666666666
185,0.217100441455841,0.0684871599078178,0.14223850485682443,0.0393477082252502,0.0984274223446846,0.268632739782333,0.14273832285404242,0.013942164570093141,0.00908556487411261,0,108.5502207279205,34.2435799539089,71.11925242841221,19.6738541126251,49.2137111723423,134.3163698911665,71.36916142702121,6.97108228504657,4.542782437056305,0,9905.6,0.519,19.81,0.41963425667583937,0.41963425667583937,398.39782024159996,52.628246797025035,88.75,5975.967303623999,318.71825619327996,1331.25,71.00000000000001,25.295351470367674,1.3490854117529427,10275.309590856996,10.738966378378377,565.1729729062514,506832.44270701706,370.29,2649.0546600000002,378.4363800000001,1135.30914,50.335225306227485,7.190746472318214,0.5113511612553676,182.02938368652264,RESIDUES,1.3832540138627478,0.5084139898821933,19.795274061335377,2.8278962944764823,72.79823362454418,2938.213541620958,219.8272241021009,5.876427083241916,0.4396544482042018,55.82959191008143,4.176981706229425,0.5002359830005325,1041.7905687147063,148.8272241021009,2.217113938036544,0.6390978919633065,0.9271782724458444,0.6529133958453112,0.840313959581501,3.6021939530508833,0.5833204867240831,4,1,4,3,3,3,3,21,0.8333333333333334,0.5031337872180625,0.5073022922198765,0.14594753473419278,0.5191313340227507,0.43545582279600886,0.6390978919633065,0.6529133958453112,0.58512824767402,0.8333333333333334
186,0.0878514498472214,0.0791713073849678,0.22658851696550852,0.0821601450443268,0.105711154639721,0.127597659826279,0.22105711618065788,0.021987409666180596,0.0246519409120083,0.0232233442366123,43.9257249236107,39.5856536924839,113.29425848275426,41.0800725221634,52.8555773198605,63.79882991313949,110.52855809032894,10.993704833090298,12.32597045600415,11.61167211830615,7624.28,0.283,15.25,0.33495797239989045,0.33495797239989045,309.26829166375137,83.83775127723816,88.75,4639.024374956271,247.4146333310011,1331.25,71.00000000000001,15.878884866529486,0.8468738595482395,16368.754465588334,10.738966378378377,900.3307922051093,395281.4462527041,288.79,2066.0036600000003,295.1433800000001,885.43014,24.642880188520966,3.5204114555029955,0.2928766967237525,178.1746390186371,RESIDUES,1.202679203212246,0.3830304407402019,12.16312554304303,1.7375893632918615,100.82991990521523,3251.309886236573,216.6755848616377,6.502619772473146,0.4333511697232754,38.78097678795089,2.584463222840101,0.47358477108718666,1019.7290940314638,145.6755848616377,2.3343091676997867,0.8731139534045461,0.9247473526004433,0.6340617241815143,0.887850409053374,3.642502414047882,0.5923614079072833,2,3,2,1,4,3,3,18,0.5833333333333334,0.43415708026941957,0.19900832758784942,0.40440767146835105,0.2833505687693899,0.23258909842759604,0.8731139534045461,0.6340617241815143,0.5968516359654893,0.5833333333333334
187,0.061458535492420197,0.103883184492588,0.2452048015296463,0.0261011719703674,0.0336270108819008,0.0941110774874687,0.3863366698622708,0.028971929639577905,0.0198542643338442,4.51397732831538e-4,30.7292677462101,51.941592246294,122.60240076482314,13.0505859851837,16.8135054409504,47.05553874373435,193.16833493113538,14.485964819788952,9.9271321669221,0.225698866415769,7877.37,0.31,15.75,0.3190661171227696,0.3190661171227696,177.0919840133191,90.72577656596913,88.75,2656.3797601997862,141.67358721065528,1331.25,71.00000000000001,14.673338166822003,0.7825780355638403,17713.594862501646,10.738966378378377,974.3010641942113,491800.2425010614,359.31,2570.5037400000006,367.21482000000003,1101.6444600000002,28.332672778291613,4.047524682613087,0.48191034947316846,208.01881290374052,RESIDUES,1.1995284620511466,0.4210603297883707,13.122326587582517,1.87461808394036,108.8281512325729,3496.0843342048993,241.07618143009827,6.992168668409798,0.4821523628601965,38.5346311327829,2.6571961195042,0.6799235745926675,1190.5332700106876,170.07618143009825,2.2463487760920717,0.6974741729628465,0.8744988933755535,0.2443872325641222,1.03149398184432,3.703657585426754,0.5885034896145884,2,3,2,1,3,1,3,15,0.3333333333333333,0.3517068860568747,0.19455360336787278,0.4614505495147632,0.30920372285418823,0.19451552621344434,0.6974741729628465,0.2443872325641222,0.5918490623089391,0.3333333333333333
188,0.0413672961294651,0.026813043281436,0.16191891844570616,0.157726004719734,0.158094123005867,0.273969054222107,0.15189587286114672,0.015498427286744098,0.0125909093767405,1.26391358207911e-4,20.68364806473255,13.406521640718001,80.95945922285308,78.863002359867,79.0470615029335,136.9845271110535,75.94793643057336,7.749213643372049,6.29545468837025,0.0631956791039555,6357.22,0.152,12.71,0.3994594482555985,0.3994594482555985,501.58198000691834,59.90999982491128,88.75,7523.729700103775,401.2655840055347,1331.25,71.00000000000001,22.22083131181133,1.1851110032966046,11697.022668517813,10.738966378378377,643.3714738483767,366295.9629601262,267.61,1914.4819400000003,273.49742000000003,820.4922600000001,31.955966376149718,4.565138053735674,0.23610815011440325,152.5568071769532,RESIDUES,1.3046898095825823,0.4299286006615851,14.573745975410402,2.0819637107729148,78.16396626365604,2847.7345926835155,195.73044554787697,5.695469185367031,0.39146089109575394,47.533543665600114,3.267074714069519,0.2964663562512472,873.1131188351387,124.73044554787697,2.184196349643049,0.5733678753907502,0.9287689479225273,0.6652490110515509,0.529848081619831,3.410740242744318,0.5611867745485352,3,1,1,2,2,3,3,15,0.3333333333333333,0.375049437097326,0.35728297477105303,0.20625105171073013,0.15201654601861433,0.38712118773294146,0.5733678753907502,0.6652490110515509,0.5564273999498148,0.3333333333333333
189,0.0111407954245806,0.0780820921063423,0.2275412272363904,0.151497066020966,0.11126434057951,0.1759232878685,0.21393994644284228,0.02179664309322835,0.00792989227920771,8.8473956566304e-4,5.5703977122903,39.04104605317115,113.7706136181952,75.748533010483,55.632170289755,87.96164393425,106.96997322142114,10.898321546614175,3.964946139603855,0.44236978283152,6426.71,0.16,12.85,0.32266467699408563,0.32266467699408563,356.9515435852862,84.190254077464445,88.75,5354.273153779292,285.56123486822895,1331.25,71.00000000000001,15.812400313878388,0.8433280167401809,16437.57825555684,10.738966378378377,904.1163079250238,337175.6394004287,246.34,1762.31636,251.75947999999997,755.27844,20.932545926022172,2.990363703717453,0.17907551662019733,163.51805746523775,RESIDUES,1.188286183337368,0.3362098828235863,11.115853690427938,1.5879790986325624,100.0421156919135,3171.212854410073,204.6923637835784,6.342425708820146,0.4093847275671568,37.667220382684704,2.4313071153727432,0.3722510396576681,935.846546485049,133.6923637835784,2.3018396278302533,0.8082786025211417,0.9184965396293031,0.5855869569090898,0.81257478824244,3.534921619122885,0.5555533972163843,2,3,1,1,4,3,3,17,0.5,0.37548704920236636,0.1788680185155828,0.4073269078824833,0.15925542916235783,0.20313692546094123,0.8082786025211417,0.5855869569090898,0.5491225834915224,0.5
190,0.0744365453720093,0.0428027771413326,0.19022432984411752,0.0501554906368256,0.10143405944109,0.266949594020844,0.24902614688873306,0.02069181941449645,0.00424313871189952,3.61118181899656e-5,37.21827268600465,21.4013885706663,95.11216492205877,25.077745318412802,50.717029720545,133.474797010422,124.51307344436653,10.345909707248225,2.12156935594976,0.0180559090949828,7630.51,0.284,15.26,0.4069861122891314,0.4069861122891314,412.7950915236037,70.38300204232348,88.75,6191.9263728540545,330.23607321888295,1331.25,71.00000000000001,18.91436797764719,1.0087662921411835,13741.80558793905,10.738966378378377,755.8406925418485,471506.8763795162,344.48,2464.40992,352.05856,1056.17568,35.0142768635824,5.002039551940343,0.442165457559411,187.49729489538925,RESIDUES,1.2760612995363771,0.45570919967664525,15.246359021458233,2.1780512887797476,89.8130250513988,3160.1752106871404,224.2977883064703,6.320350421374281,0.4485955766129406,44.8996933774838,3.1868175809209314,0.5380404221803652,1073.084518145292,153.29778830647027,2.241710801580769,0.6882130406512444,0.9171430468901748,0.5750906829304756,1.04952993819713,3.5946202232154736,0.5280179438331991,3,2,2,3,3,3,2,18,0.5833333333333334,0.4435852912015849,0.30965446408243175,0.29298275829215475,0.2838676318510858,0.40515350564769986,0.6882130406512444,0.5750906829304756,0.5134172825325257,0.5833333333333334
192,0.136811286211014,0.0430436730384827,0.30576878863573065,0.0195553191006184,0.105126515030861,0.239731281995773,0.1201061906218529,0.023398815631866448,0.00645815441384912,0,68.405643105507,21.52183651924135,152.88439431786531,9.7776595503092,52.5632575154305,119.8656409978865,60.05309531092645,11.699407815933224,3.22907720692456,0,8852.7,0.411,17.71,0.36515030226111417,0.36515030226111417,401.1514192318915,113.13445179522033,88.75,6017.271288478373,320.9211353855132,1331.25,71.00000000000001,11.766972649583673,0.6275718746444626,22088.737291045178,10.738966378378377,1214.9470740651404,395294.79979001574,288.8,2066.0752,295.1536000000001,885.4608000000002,18.26212234394976,2.608874620564252,0.29290284984659765,199.32420494179004,RESIDUES,1.1186510628066701,0.309819234966101,10.083332456391926,1.4404760651988464,126.5579747407732,3686.9693637879936,233.96746996040756,7.373938727575987,0.4679349399208151,32.58927148435398,2.068047939843309,0.6198101665042106,1140.772289722853,162.96746996040756,2.272943901013937,0.7505794606578853,0.9335646969543767,0.7024398243568244,2.0676636507084,3.8926291919891893,0.4310395201386508,1,4,3,2,4,4,1,19,0.6666666666666666,0.43280651551525334,0.0870423196625973,0.6470270064385057,0.41054808686659777,0.3049236264760451,0.7505794606578853,0.7024398243568244,0.3876650838540961,0.6666666666666666
195,0.155431911349297,0.0781406462192535,0.2292366964817049,0.0450667850673199,0.0697257444262505,0.270237773656845,0.12394513759016974,0.018735428601503377,0.00161460624076426,0.00786530040204525,77.7159556746485,39.07032310962675,114.61834824085244,22.53339253365995,34.86287221312525,135.1188868284225,61.972568795084875,9.367714300751688,0.80730312038213,3.932650201022625,9214.97,0.448,18.43,0.353900870025158,0.353900870025158,361.08179666772486,84.8175776982308,88.75,5416.226950015873,288.8654373341799,1331.25,71.00000000000001,15.695449411870769,0.8370906352997746,16560.05895383836,10.738966378378377,910.8531151967962,419341.02660689934,306.37,2191.7709800000002,313.11014,939.33042,25.840999465912805,3.691571352273258,0.33999778126638136,185.06963754870299,RESIDUES,1.2044833235280639,0.39592767715930743,12.487866057519238,1.7839808653598908,102.16135787956483,3301.2936648155332,222.3129356598196,6.602587329631066,0.4446258713196392,38.92228184776838,2.6210715006596654,0.5212559095929162,1059.1905496187371,151.31293565981957,2.2573439974431424,0.7194294897675133,0.954605788081375,0.86561251889244,0.979071558168764,3.75770243179054,0.629168119589346,2,3,4,1,3,4,4,21,0.8333333333333334,0.5038704754747161,0.20156357895587113,0.4125220608174694,0.44777662874870733,0.2779723320465957,0.7194294897675133,0.86561251889244,0.6445790040109923,0.8333333333333334
201,0.0673278942704201,0.088120274245739,0.22061701300740277,0.0154984444379807,0.0786402001976967,0.181325688958168,0.28544961279630643,0.023879403382539764,0.0391234271228313,1.80559090949828e-5,33.66394713521005,44.0601371228695,110.30850650370138,7.74922221899035,39.32010009884835,90.662844479084,142.72480639815322,11.939701691269882,19.56171356141565,0.0090279545474914,7893.76,0.311,15.79,0.35763149990141385,0.35763149990141385,311.9896536158026,81.62829481273901,88.75,4679.844804237039,249.59172289264208,1331.25,71.00000000000001,16.308683196849575,0.8697964371653107,15937.373019654775,10.738966378378377,876.6035135183623,453601.37835887144,331.4,2370.8356,338.69079999999997,1016.0723999999999,29.044286732178612,4.149183818882658,0.4070972446651011,191.47701719474298,RESIDUES,1.223929768031979,0.4222178117237689,13.425017236032373,1.9178596051474817,99.90729993500166,3303.714778327316,227.5516092584219,6.6074295566546315,0.4551032185168438,40.472666811260325,2.7876560423127925,0.565555713462816,1095.8612648089531,156.55160925842188,2.328437830166525,0.8613900352137276,0.92949521849441,0.6708812059534568,0.881376369355609,3.714313874027833,0.6308689149523565,2,3,2,1,4,3,4,19,0.6666666666666666,0.4701486306965079,0.22959954103705865,0.3861101550728355,0.31127197518097205,0.2869101434928394,0.8613900352137276,0.6708812059534568,0.6467844302104766,0.6666666666666666
202,0.300877541303635,0.0608154982328415,0.17614976871013618,0.0101769184693694,0.0363004766404629,0.179451495409012,0.18981454092264172,0.017725302517414075,0.0283996146172285,2.88894545519724e-4,150.4387706518175,30.40774911642075,88.0748843550681,5.0884592346846995,18.150238320231452,89.725747704506,94.90727046132086,8.862651258707038,14.19980730861425,0.144447272759862,10940.18,0.626,21.88,0.3802349167168143,0.3802349167168143,232.1587158827485,65.17541442275039,88.75,3482.380738241228,185.7269727061988,1331.25,71.00000000000001,20.4256468760605,1.0893678333898935,12725.059291620237,10.738966378378377,699.9165841827936,573467.361776651,418.97,2997.3113800000006,428.18734000000006,1284.5620200000003,45.98837470458411,6.569767814940587,0.6418567481669842,209.25596576322272,RESIDUES,1.3253105687546702,0.5005466602305112,18.375237869420168,2.625033981345738,86.37766555743666,3228.7803274388707,242.08767760801092,6.457560654877741,0.48417535521602184,49.53985112385905,3.7144018147356315,0.6884770913280179,1197.6137432560765,171.08767760801092,2.2196774523028706,0.6442167309619415,0.9306015396678338,0.6794606758012792,0.772033987652255,3.695896218022821,0.6482686774285162,4,2,4,2,3,4,4,23,1,0.5401699289855116,0.39356348648103623,0.24985635078820642,0.6261633919338159,0.34106321797034844,0.6442167309619415,0.6794606758012792,0.6693467518538064,1
203,0.269912004470825,0.0817277878522873,0.15758164969086605,0.0221119374036789,0.0622823014855385,0.224545851349831,0.15168650454282792,0.015219114691019043,0.0146439876407385,2.88894545519724e-4,134.95600223541248,40.86389392614365,78.79082484543302,11.05596870183945,31.14115074276925,112.2729256749155,75.84325227141396,7.609557345509521,7.32199382036925,0.144447272759862,10789.83,0.611,21.58,0.39296403901279,0.39296403901279,306.48556209012895,58.305210385620434,88.75,4597.283431351933,245.1884496721032,1331.25,71.00000000000001,22.832436264192275,1.2177299340902548,11383.698373668161,10.738966378378377,626.1376940154556,535101.3363356984,390.94,2796.78476,399.54068,1198.62204,47.96800734449899,6.8525724777855705,0.5667162552010483,193.93767756403108,RESIDUES,1.3548437356108918,0.503919584682992,19.03679120431068,2.7195416006158113,78.99444904443295,3067.331810249919,229.56344517635182,6.134663620499838,0.45912689035270365,52.608193846881335,3.937271534706066,0.5825684047300281,1109.9441162344629,158.56344517635182,2.2352695571347296,0.6753511292886935,0.9201068588232714,0.5980749082399534,0.898548551962952,3.6671414366842705,0.6023990134351942,4,1,4,2,3,3,3,20,0.75,0.5065042188896115,0.4490490221772726,0.1929610586519934,0.6106514994829368,0.37155954130751906,0.6753511292886935,0.5980749082399534,0.6098674276902265,0.75
204,0.0800812691450119,0.0655184462666512,0.28425638768076905,0.0467048697173595,0.0703028663992882,0.23494516313076,0.16581442531943313,0.023658782541751862,0.0142439398914576,0.014473857358098,40.04063457250595,32.7592231333256,142.1281938403845,23.35243485867975,35.1514331996441,117.47258156538,82.90721265971656,11.82939127087593,7.121969945728799,7.236928679049,7919.69,0.314,15.84,0.32255268646776664,0.32255268646776664,341.4662822678684,105.17486344188454,88.75,5121.994234018025,273.1730258142947,1331.25,71.00000000000001,12.657492070199796,0.6750662437439893,20534.681446058752,10.738966378378377,1129.4693223529353,370739.4439395782,270.86,1937.73244,276.81892000000005,830.45676,18.423912107770068,2.631987443967153,0.24481078082590732,187.31647665848328,RESIDUES,1.1328892900794374,0.3084380245939479,10.19302164156556,1.4561459487950799,119.15147637887836,3532.7689815647664,224.14995131597595,7.0655379631295325,0.4482999026319519,33.58948009014373,2.1312121925390692,0.5367902680029105,1072.0496592118316,153.14995131597593,2.310277266227191,0.8251269240030873,0.9154334900759872,0.5618331484162705,1.01640574842501,3.8225473452461882,0.6533296144775946,1,4,2,1,4,3,4,19,0.6666666666666666,0.42376282690986095,0.10512931818588027,0.5811100260694302,0.31385729058945194,0.20286861950693183,0.8251269240030873,0.5618331484162705,0.6759092833639005,0.6666666666666666
205,0.0140292700380087,0.0677763670682907,0.3087271766960617,0.171723634004593,0.0539510175585747,0.0867887586355209,0.24452823311090516,0.027963548094034184,0.0245120394974947,0,7.01463501900435,33.88818353414535,154.36358834803085,85.8618170022965,26.97550877928735,43.394379317760446,122.26411655545257,13.981774047017092,12.25601974874735,0,6104.1,0.126,12.21,0.24060592249780915,0.24060592249780915,202.37394612714647,114.22905537754282,88.75,3035.609191907197,161.8991569017172,1331.25,71.00000000000001,11.654215257230613,0.6215581470522994,22302.451244523494,10.738966378378377,1226.7019851333541,310240.25142786617,226.66,1621.52564,231.64652,694.93956,14.195386932340757,2.0279124189058226,0.12632211547360114,178.08671446041532,RESIDUES,1.10014358220256,0.21430020973963063,8.922650028323938,1.2746642897605625,125.66836217466457,3577.177869333203,216.60369774283558,7.154355738666406,0.43320739548567117,31.315831663932926,1.8962224368128617,0.4729768719303169,1019.2258841998491,145.60369774283558,2.350654261438809,0.9057519240086817,0.9290234984719652,0.6672230388620197,1.11788639852297,3.6342922201290206,0.5316157295352573,1,4,1,1,4,3,2,16,0.4166666666666667,0.2505229007479693,0.06401441926450084,0.6560919177938312,0.12616339193381598,0.006541256759170954,0.9057519240086817,0.6672230388620197,0.5180825415166544,0.4166666666666667
206,0.0552603378891945,0.0724874213337898,0.25560757768154124,0.103150263428688,0.0782404690980911,0.1551503688097,0.23858882313966764,0.02442394119501113,0.0163505431264639,7.40292249247432e-4,27.63016894459725,36.2437106668949,127.80378884077062,51.575131714343996,39.12023454904555,77.57518440485,119.29441156983383,12.211970597505564,8.17527156323195,0.370146124623716,7210.53,0.241,14.42,0.3149522046148777,0.3149522046148777,291.08694543719287,94.57480374217026,88.75,4366.304181557893,232.8695563497543,1331.25,71.00000000000001,14.076159265730569,0.7507284941722971,18465.091411714537,10.738966378378377,1015.6356376289,383946.85030399315,280.51,2006.76854,286.68122,860.0436599999999,21.218849636430125,3.0312642337757323,0.2706777038031376,183.1070121333358,RESIDUES,1.1647477373927253,0.3472353494230659,11.080731974855054,1.582961710693579,110.15578867305386,3394.8436894704073,220.70829312021533,6.7896873789408145,0.4414165862404307,35.895857618964,2.333690204865876,0.5076865683373872,1047.9580518415073,149.70829312021533,2.328225156283618,0.8609653668667961,0.9376497450636541,0.7341191846749363,0.872537843324536,3.649281391796357,0.5996089717073052,1,4,2,1,4,4,3,19,0.6666666666666666,0.4237697414536676,0.14683606487495449,0.4933260985445518,0.24043433298862463,0.18465944948605162,0.8609653668667961,0.7341191846749363,0.6062495726218488,0.6666666666666666
207,0.0268861595541239,0.117942079901695,0.19052323666214954,0.229581534862518,0.133045092225075,0.109784379601479,0.159688044905663,0.017566155403852486,0.0144236385822296,5.59733191039413e-4,13.44307977706195,58.9710399508475,95.26161833107477,114.790767431259,66.5225461125375,54.8921898007395,79.8440224528315,8.783077701926244,7.2118192911148,0.2798665955197065,6450.82,0.162,12.9,0.29000746195763416,0.29000746195763416,331.88805144891217,70.49359756499533,88.75,4978.320771733683,265.51044115912975,1331.25,71.00000000000001,18.884693730839643,1.0071836656447812,13763.398616473682,10.738966378378377,757.0283741414206,276686.97688660445,202.15,1446.1811000000002,206.59730000000002,619.7919,20.51507016174932,2.9307243088213313,0.06060747444225245,137.86720303335218,RESIDUES,1.228152912147097,0.31799553285504734,11.19309559528413,1.5990136564691613,86.57691713717452,2877.319950541902,183.72022520006877,5.754639901083804,0.3674404504001375,40.81675570450215,2.6061973221139425,0.19490431085408122,789.0415764004812,112.72022520006874,2.3089695651449587,0.8225156994875005,0.9429700757092672,0.7753781042825408,0.507262564507342,3.3975624376205364,0.5599621228595657,2,2,1,1,4,4,3,17,0.5,0.36658991305091465,0.23582177834627369,0.29389865024199563,0.1618407445708377,0.1248970463957525,0.8225156994875005,0.7753781042825408,0.5548393906108693,0.5
208,0.111351110041142,0.133306100964546,0.24038151648640643,0.0848134905099869,0.0721692070364952,0.115877456963062,0.19914629343152088,0.02208103209733965,0.0208738502115011,0,55.675555020571,66.653050482273,120.19075824320322,42.40674525499345,36.0846035182476,57.938728481530994,99.57314671576044,11.040516048669826,10.43692510575055,0,8641.32,0.389,17.28,0.29639715330302746,0.29639715330302746,245.78518269881582,88.94116109997039,88.75,3686.7777404822373,196.62814615905268,1331.25,71.00000000000001,14.96776052320328,0.7982805612375085,17365.160750978,10.738966378378377,955.1361387065168,380325.39303046383,277.86,1987.8104400000002,283.97292000000004,851.9187600000001,22.349724417985612,3.1928177739979446,0.26358502006379975,178.08045999717135,RESIDUES,1.181707581444246,0.3591000503952662,11.459149802533336,1.637021400361905,105.10244437428905,3305.576227362328,216.59858409368732,6.611152454724657,0.43319716818737464,37.16587670411499,2.4353019615994134,0.47293362937090483,1019.1900886558112,145.59858409368732,2.352795954181654,0.910028467533005,0.9308537319463616,0.6814164153292382,0.754311140665402,3.7064153763016616,0.6580312458128452,1,3,3,1,4,4,4,20,0.75,0.4487162577843437,0.16980210734319512,0.44667133513625995,0.3883143743536712,0.14020541477834245,0.910028467533005,0.6814164153292382,0.6820059021297962,0.75
211,0.291109502315521,0.0320486649870872,0.19629689030349254,0.00130002549849451,0.0296090841293335,0.242228075861931,0.18480387988686597,0.01881215338408948,0.00379174086265266,0,145.5547511577605,16.0243324935436,98.14844515174627,0.650012749247255,14.80454206466675,121.11403793096551,92.40193994343299,9.40607669204474,1.89587043132633,0,10817.95,0.614,21.64,0.39808588985353727,0.39808588985353727,273.7994698426874,72.62984941229224,88.75,4106.992047640311,219.03957587414993,1331.25,71.00000000000001,18.329240811763167,0.9775595099607024,14180.487355524301,10.738966378378377,779.9695109052909,585361.4207243478,427.66,3059.47964,437.0685200000001,1311.20556,42.12427348750909,6.017753355358443,0.6651514585891345,218.20137531358773,RESIDUES,1.2910989624492584,0.4897783863031667,17.194171835682898,2.4563102622404136,93.77232321905639,3360.0296221000167,249.40144445638933,6.7200592442000335,0.49880288891277863,46.262379025824444,3.433869772201116,0.7503245095408615,1248.8101111947253,178.40144445638933,2.1914814171562162,0.5879147371671521,0.930202120818457,0.6763632009836593,2.12118541493761,3.7269480773977794,0.33271501012940524,3,2,4,2,2,4,1,18,0.5833333333333334,0.45350833287326753,0.3342962169793439,0.3115899258244393,0.6137538779731128,0.38383042815205587,0.5879147371671521,0.6763632009836593,0.26016741121109377,0.5833333333333334
212,0.26244643330574,0.0859166160225868,0.16801446095108954,0.00695223920047283,0.00824410561472178,0.304960787296295,0.14493717241287232,0.015635690063238124,0.0010832438711077,0.00180929433554411,131.22321665287,42.9583080112934,84.00723047554477,3.476119600236415,4.12205280736089,152.4803936481475,72.46858620643616,7.817845031619062,0.5416219355538501,0.904647167772055,10979.77,0.63,21.96,0.3722341471537945,0.3722341471537945,284.82170576166345,62.16535055190313,88.75,4272.325586424951,227.85736460933077,1331.25,71.00000000000001,21.41466247968009,1.1421153322496052,12137.364659106708,10.738966378378377,667.5916094769934,539799.6662010257,394.37,2821.3229800000004,403.04614000000004,1209.1384200000002,45.38417229135416,6.483453184479166,0.5759180116545703,198.30040523465783,RESIDUES,1.3339305075951857,0.4971716782852199,18.256357748540832,2.6080511069344046,82.9242576165328,3133.7544887159875,233.13041131985628,6.267508977431975,0.4662608226397126,50.409986606599304,3.7501664391840097,0.6127317461930233,1134.9128792389938,162.13041131985625,2.210868857659525,0.6266276820630109,0.9503114520754121,0.832310140555455,1.80005737478824,3.7265178372865724,0.4114021901332851,4,2,4,2,3,4,1,20,0.75,0.4872188045494196,0.40929834329018394,0.2249286394196721,0.6302998965873837,0.32189504204535285,0.6266276820630109,0.832310140555455,0.3622013020119969,0.75
213,0.0638231560587883,0.0186952035874128,0.3294703872203828,0.025809820741415,0.113760367035866,0.333117365837097,0.07109008763730529,0.023159683778882036,6.89070380758494e-4,0.0203848890960217,31.91157802939415,9.3476017937064,164.7351936101914,12.9049103707075,56.880183517933006,166.5586829185485,35.545043818652644,11.579841889441019,0.344535190379247,10.192444548010851,7634.57,0.285,15.27,0.35935551369190233,0.35935551369190233,490.118154979274,121.90404327154164,88.75,7351.77232468911,392.0945239834192,1331.25,71.00000000000001,10.920474532863823,0.582425308419404,23800.94077280045,10.738966378378377,1309.1234220814686,321402.1846486517,234.81,1679.83074,239.97582,719.92746,13.779942772350642,1.9685632531929487,0.14818294559668765,186.37287478014676,RESIDUES,1.0867210520421435,0.20628220782698029,8.749908602832571,1.2499869432617958,132.47569015224073,3707.022659023204,223.37846242024804,7.4140453180464085,0.44675692484049606,30.409349514074766,1.8324122516811998,0.5302663252289854,1066.6492369417363,152.378462420248,2.1828686189839854,0.5707166557090131,0.863556258684959,0.1595276035170264,1.34142893886219,3.938145264915913,0.6328904769743864,1,4,2,1,2,1,4,15,0.3333333333333333,0.30896906258534435,0.047622297450150716,0.7196519919940995,0.2843846949327818,0.2910405211237542,0.5707166557090131,0.1595276035170264,0.6494057954518395,0.3333333333333333
218,0.16849260032177,0.0843740776181221,0.1711235854327683,0.0929161682724953,0.11725752055645,0.165113434195518,0.1638699989318848,0.016497002631425887,0.0198320038616657,5.23621332831681e-4,84.246300160885,42.18703880906105,85.56179271638415,46.45808413624765,58.628760278225,82.55671709775899,81.93499946594241,8.248501315712943,9.91600193083285,0.2618106664158405,8909.1,0.416,17.82,0.3742440385967493,0.3742440385967493,349.3426530613003,63.315726610124266,88.75,5240.139795919505,279.4741224490403,1331.25,71.00000000000001,21.025581972664774,1.1213643718754547,12361.96781166318,10.738966378378377,679.9454592887216,439131.3130814433,320.83,2295.21782,327.88826,983.6647800000001,36.25035900058662,5.178622714369517,0.37875738340246873,173.73370503871124,RESIDUES,1.304007082920741,0.45848672181930855,15.704040590107677,2.2434343700153825,82.56415595987528,3005.508199966274,213.04467723965033,6.011016399932548,0.42608935447930063,47.46858894115083,3.364798741890837,0.44288072119816896,994.3127406775523,142.04467723965033,2.285091172894522,0.7748351981219329,0.9155638761244067,0.5628442862285662,0.794514341270826,3.5600181956159416,0.5728928512131519,3,2,3,2,4,3,3,20,0.75,0.47410192475547847,0.3561083837923373,0.2344554280776606,0.4162357807652534,0.3267103229336778,0.7748351981219329,0.5628442862285662,0.571606702957568,0.75
219,0.208642572164536,0.0717395320534706,0.20859162588417518,0.00858825724571943,0.0451409332454205,0.158701956272125,0.2319031867682934,0.021240763738751403,0.0453970283269882,5.41677254659589e-5,104.321286082268,35.8697660267353,104.2958129420876,4.294128622859715,22.57046662271025,79.3509781360625,115.9515933841467,10.620381869375702,22.6985141634941,0.027083862732979448,9672.41,0.495,19.34,0.3553851727172734,0.3553851727172734,235.35827031917856,77.17890157714481,88.75,3530.3740547876782,188.28661625534284,1331.25,71.00000000000001,17.24888502940584,0.9199405349016451,15068.659053872814,10.738966378378377,828.8216291571321,517946.0898680356,378.41,2707.14514,386.73502,1160.20506,35.076233072506874,5.010890438929554,0.5331174223348126,204.5574911769984,RESIDUES,1.2561389955408082,0.459428949612858,15.168956924503401,2.166993846357629,96.94742790405758,3330.7950626613297,238.24620478631394,6.661590125322659,0.4764924095726279,43.156808332287625,3.086934381259274,0.6559924386063575,1170.7234335041974,167.2462047863139,2.2811476786472245,0.7669608077161079,0.9283435912879509,0.6619503899019384,0.819705333574001,3.736867662831278,0.6576172769100121,3,3,4,1,4,3,4,22,0.9166666666666666,0.5169026439387463,0.2781374794691824,0.3492627009652315,0.4948293691830403,0.2815284118592073,0.7669608077161079,0.6619503899019384,0.6814691074724637,0.9166666666666666
220,0.327442109584808,0.056071013212204,0.10918315044790528,0.0212059319019318,0.0327204279601574,0.332662522792816,0.10338540624082128,0.010484526135027435,0.00653799343854189,3.0695044551976e-4,163.721054792404,28.035506606102,54.59157522395264,10.602965950965901,16.3602139800787,166.331261396408,51.69270312041064,5.242263067513718,3.268996719270945,0.15347522275988,11466.45,0.681,22.93,0.41970771033689375,0.41970771033689375,338.4009880189225,40.397765665724954,88.75,5076.014820283837,270.72079041513797,1331.25,71.00000000000001,32.95355517964907,1.7575229429146175,7887.390788356676,10.738966378378377,433.8302472458287,583480.9093409023,426.29,3049.67866,435.66838,1307.00514,75.49127061221276,10.784467230316109,0.6614684460603121,189.79559545085814,RESIDUES,1.4793782133001758,0.5547735216616432,26.888570047970703,3.8412242925672433,59.76357439187937,2851.31839913018,226.17687884062164,5.70263679826036,0.4523537576812433,70.58109160599815,5.598747235481861,0.5539305784479557,1086.2381518843513,155.1768788406216,2.150663105232623,0.5064085135905856,0.8936867563375902,0.3931882278641375,1.06350684820565,3.609724403291128,0.5323482301807133,4,1,4,3,1,1,2,16,0.4166666666666667,0.3972157531145785,0.7740569988598829,0.0446613439353449,0.6804550155118925,0.4356318024547573,0.5064085135905856,0.3931882278641375,0.5190323771933983,0.4166666666666667
221,0.0237517543137074,0.0718055739998817,0.1805185308605429,0.0612702146172523,0.133337661623955,0.419219762086868,0.0692484669238329,0.013755694240331627,0.0095639955252409,0.0175283681601286,11.8758771568537,35.90278699994085,90.25926543027145,30.63510730862615,66.6688308119775,209.609881043434,34.62423346191645,6.877847120165813,4.78199776262045,8.7641840800643,7283.09,0.248,14.57,0.39632550040632497,0.39632550040632497,576.0757276059688,66.79185641840088,88.75,8641.135914089531,460.8605820847751,1331.25,71.00000000000001,19.931322041129047,1.0630038421935493,13040.658669365619,10.738966378378377,717.275500426683,326137.78525214246,238.27,1704.5835800000002,243.51194,730.5358200000001,25.52082950535261,3.6458327864789437,0.15745769740499604,147.69692927476316,RESIDUES,1.2581001854069827,0.38012788317974083,12.655720486793479,1.8079600695419258,84.03084694366672,2893.824566052008,191.7570093750464,5.787649132104016,0.38351401875009283,43.326008906300906,2.8709639117354753,0.26286578163386254,845.2990656253246,120.75700937504638,2.1263035225730516,0.45776716864228434,0.8948063241879536,0.4018704250827425,1.12038154438383,3.662783207787724,0.5456492056965221,3,2,2,2,1,1,3,14,0.25,0.34878756990056325,0.28119717173197833,0.26324284397920017,0.24819027921406414,0.37961290203098924,0.45776716864228434,0.4018704250827425,0.5362797900916443,0.25
222,0.0188996214419603,0.115729615092278,0.35302088481187843,0.0762062668800354,0.0502406470477581,0.165901079773903,0.16261168742179913,0.027857539594173458,0.0295327045023441,0,9.44981072098015,57.864807546139,176.51044240593922,38.1031334400177,25.12032352387905,82.9505398869515,81.30584371089957,13.928769797086728,14.76635225117205,0,7386.49,0.259,14.77,0.23787561116367606,0.23787561116367606,260.0936933441461,130.61772738039502,88.75,3901.4054001621917,208.0749546753169,1331.25,71.00000000000001,10.191955002578103,0.5435709334708323,25502.228718810096,10.738966378378377,1402.6993827582548,269689.57096822077,197.03,1409.5526200000002,201.36466000000001,604.09398,10.791434273657146,1.5416334676653063,0.04690293965797244,179.03314555202766,RESIDUES,1.0619899946682825,0.09134068135802842,7.844589851416737,1.1206556930595337,138.7147196042889,3758.59188138162,217.37749980333783,7.51718376276324,0.43475499960667563,28.77551123237322,1.664226626530366,0.47952037552319576,1024.6424986233649,146.37749980333783,2.392029846275945,0.9883709131197315,0.9139089588012164,0.5500104784555393,1.23603062884761,3.9246477960001993,0.6518504524842886,1,4,2,1,4,2,4,18,0.5833333333333334,0.2466934222221993,0.01807723013383244,0.7918139831484404,0.25853154084798347,0,0.9883709131197315,0.5500104784555393,0.673991249787219,0.5833333333333334
223,0.0278381798416376,0.139797642827034,0.1982834280729294,0.0909621641039848,0.10092855244875,0.203619822859764,0.1988588348329063,0.019431395679712284,0.0202077999711037,7.22236363799311e-5,13.9190899208188,69.898821413517,99.14171403646469,45.4810820519924,50.464276224375,101.80991142988199,99.42941741645316,9.715697839856142,10.10389998555185,0.03611181818996555,7572.79,0.278,15.15,0.3258026690557601,0.3258026690557601,358.80432318672604,73.36486838698387,88.75,5382.064847800891,287.04345854938083,1331.25,71.00000000000001,18.145606054630168,0.9677656562469426,14323.994843988417,10.738966378378377,787.8628549619744,347917.4745174386,254.19,1818.4752599999997,259.78218,779.3465399999999,24.78673103327787,3.540961576182553,0.2001135776852709,158.2425978538246,RESIDUES,1.233188357309486,0.3774633232864211,12.344519331240111,1.7635027616057302,90.47270153037128,3024.7668909989834,200.379148005287,6.049533781997967,0.400758296010574,41.22909176424866,2.7312684178526725,0.3357771862231184,905.654036037009,129.379148005287,2.325115430525194,0.854755849839185,0.9483672473282154,0.8172329221063622,1.19083210801603,3.6225951232301474,0.5076781138040874,2,2,2,1,4,4,2,17,0.5,0.4193853459480467,0.2432781446088322,0.31767695308952903,0.27817993795243023,0.2106549002526953,0.854755849839185,0.8172329221063622,0.4870425669054442,0.5
224,0.0543989576399326,0.0497935898602009,0.18639833098649985,0.184124544262886,0.129007369279861,0.158196985721588,0.21129966008663167,0.019124084770679475,0.00758427288383245,7.22236363799311e-5,27.1994788199663,24.89679493010045,93.19916549324992,92.062272131443,64.5036846399305,79.098492860794,105.64983004331583,9.562042385339737,3.792136441916225,0.03611181818996555,6492.45,0.166,12.98,0.3505172133892769,0.3505172133892769,366.97636426180514,68.96738246500495,88.75,5504.645463927077,293.5810914094441,1331.25,71.00000000000001,19.30260294676974,1.0294721571610528,13465.415430464747,10.738966378378377,740.6384014964506,374727.4621637118,273.77,1958.55058,279.79294,839.37882,28.3982153591779,4.0568879084539855,0.25262138022666436,161.75242450181636,RESIDUES,1.2597074801256662,0.40916672936473547,13.422888368694148,1.917555481242021,86.87872757585444,2997.629877405246,203.24878227268508,5.995259754810492,0.40649756454537017,43.46445769384226,2.947027638403074,0.360043679034962,925.7414759087956,132.24878227268508,2.265343535014165,0.7354030091769734,0.911781815348682,0.5335145787553347,0.526061399855915,3.4007825566017136,0.5569982199380497,3,2,1,1,4,2,3,16,0.4166666666666667,0.37705549855008325,0.28370077248217745,0.2812593671133788,0.16597724922440543,0.26986579614958284,0.7354030091769734,0.5335145787553347,0.5509960892366996,0.4166666666666667
225,0.058232057839632,0.146739542484283,0.1441203684508797,0.215931713581085,0.190467223525047,0.0869706496596336,0.13117992496490444,0.01365333870053288,0.0126871764659882,1.80559090949828e-5,29.116028919816,73.3697712421415,72.06018422543984,107.9658567905425,95.2336117625235,43.4853248298168,65.58996248245222,6.82666935026644,6.3435882329941,0.0090279545474914,7226.03,0.242,14.45,0.33548520910739843,0.33548520910739843,399.88350759446564,53.32453632682548,88.75,5998.252613916985,319.90680607557255,1331.25,71.00000000000001,24.965055332891858,1.3314696177542327,10411.255416891547,10.738966378378377,572.6504027563952,288209.4468693504,210.56,1506.34624,215.19232,645.57696,28.248651441948244,4.035521634564034,0.08317442175404131,127.50566277412375,RESIDUES,1.3237893251903095,0.3944449906244123,13.684889911021346,1.9549842730030489,70.59045196017445,2633.6408119452603,175.2486298841236,5.26728162389052,0.3504972597682472,49.38891162229157,3.2864538907572816,0.12326594593253684,729.7404091888652,104.24862988412359,2.2808474234388285,0.7663612565099884,0.920207775730649,0.5988575142180192,0.727482097903498,3.3549609866591603,0.4839487797649924,4,1,2,1,4,3,2,17,0.5,0.38139541404911054,0.3908340133229839,0.15171382580724976,0.2419855222337125,0.233852247663932,0.7663612565099884,0.5988575142180192,0.4562726717585626,0.5
226,0.0542396977543831,0.0472462363541126,0.11910863900184666,0.21546596288681,0.139972120523453,0.233996197581291,0.17091426041722263,0.01348363885283471,0.00304948468692601,0.00252381409518421,27.11984887719155,23.6231181770563,59.554319500923334,107.732981443405,69.98606026172651,116.9980987906455,85.45713020861132,6.741819426417355,1.524742343463005,1.261907047592105,6318.51,0.148,12.64,0.37628901782631874,0.37628901782631874,436.7829809395971,44.07019643068327,88.75,6551.744714093957,349.4263847516777,1331.25,71.00000000000001,30.207489592062164,1.6110661115766491,8604.408081493402,10.738966378378377,473.2683577576384,373242.1157329012,272.69,1950.82426,278.68918,836.06754,44.26629373137455,6.323756247339222,0.24971230476853348,141.08368176636577,RESIDUES,1.410646284847146,0.4826224585926665,18.321908974362742,2.617415567766106,62.16745886742731,2611.9684852429027,186.35001821218066,5.223936970485806,0.37270003642436134,59.26836494480328,4.228481679342755,0.21714263367802522,807.4501274852646,115.35001821218066,2.1849436550444,0.5748600988133282,0.9413067090851018,0.7624787725688252,0.975021346131091,3.261229767558142,0.374937682419772,4,1,1,2,2,4,1,15,0.3333333333333333,0.3281469969759162,0.5694864030552451,0.07507441756359286,0.14839710444674256,0.33160966684385956,0.5748600988133282,0.7624787725688252,0.31491767082879996,0.3333333333333333
227,0.136210098862648,0.038387730717659,0.12157526175677819,0.174437195062637,0.262154966592789,0.147398933768272,0.1064997977614404,0.011371118560433418,0.0019649425521493,0,68.105049431324,19.1938653588295,60.787630878389095,87.2185975313185,131.0774832963945,73.699466884136,53.2498988807202,5.685559280216709,0.9824712760746501,0,7626.2,0.284,15.25,0.4628949410691859,0.4628949410691859,560.7692665403338,44.98284685000793,88.75,8411.538998105007,448.61541323226703,1331.25,71.00000000000001,29.594614241267507,1.578379426200934,8782.596909309656,10.738966378378377,483.06927992597883,391699.9978469914,286.17,2047.2601800000002,292.46574000000004,877.3972200000001,45.51201898862564,6.501716998375092,0.2858623710112418,146.50968492081594,RESIDUES,1.4084209512823236,0.48803269063558047,18.640532724279236,2.662933246325605,63.35478395187524,2652.823508664793,190.78631839125916,5.305647017329585,0.3815726367825183,58.97411334392512,4.241312672526539,0.25465732592638574,838.5042287388139,119.78631839125913,2.161664777665111,0.5283767119491323,0.9053062941210519,0.4832972092825513,1.44007935861929,3.3193959599907155,0.2905644641041288,4,1,2,4,2,2,1,16,0.4166666666666667,0.3467958058791732,0.5641653847799077,0.08263249181365628,0.2833505687693899,0.5390994038985238,0.5283767119491323,0.4832972092825513,0.20551067792710218,0.4166666666666667
228,0.0815156400203705,0.0600906014442444,0.16516021423041852,0.0351034216582775,0.122680336236954,0.356960594654083,0.15275594553351443,0.015731925830245054,0.00985691417008638,1.44447272759862e-4,40.75782001018525,30.0453007221222,82.58010711520926,17.55171082913875,61.340168118477,178.48029732704148,76.37797276675721,7.865962915122527,4.92845708504319,0.072223636379931,8091.14,0.332,16.18,0.4261623892560605,0.4261623892560605,511.78148342169845,61.10927926525485,88.75,7676.7222513254765,409.4251867373588,1331.25,71.00000000000001,21.784743921156245,1.1618530091283334,11931.173876005432,10.738966378378377,656.2504954365068,432358.37325396994,315.88,2259.80552,322.82936,968.4880800000001,36.97974427403968,5.282820610577098,0.36549246915566386,170.25979582963492,RESIDUES,1.3144369628311905,0.46099849363797984,15.945710294871745,2.2779586135531065,80.32429543822462,2961.9313589286735,210.20440907030954,5.923862717857347,0.4204088181406191,48.46942059440637,3.43981162268144,0.418862556967955,974.4308634921667,139.20440907030954,2.1999565205288363,0.6048378689129313,0.925651809208998,0.6410757436074869,1.91619541776707,3.6291260916056802,0.3327975179241921,3,1,3,3,2,3,1,16,0.4166666666666667,0.39815445418939,0.37420664902391343,0.21618283157382226,0.3314374353671148,0.45109586751592495,0.6048378689129313,0.6410757436074869,0.26027439930398377,0.4166666666666667
229,0.286701828241348,0.17661458253860501,0.26387550544738814,0.00454680388793349,0.0122960740700364,0.139434143900871,0.08914027087390425,0.01968224014341834,0.00769053725525737,1.80559090949828e-5,143.350914120674,88.30729126930251,131.93775272369408,2.273401943966745,6.148037035018199,69.7170719504355,44.57013543695212,9.84112007170917,3.845268627628685,0.0090279545474914,12167.92,0.753,24.34,0.2797753156498072,0.2797753156498072,164.23804865468273,97.63393701553362,88.75,2463.570729820241,131.3904389237462,1331.25,71.00000000000001,13.635115418813822,0.7272061556700706,19062.36651351932,10.738966378378377,1048.4875669985277,434979.6470059194,317.79,2273.4696599999997,324.78138,974.34414,23.285649739171017,3.3265213913101457,0.3706262769884114,198.4607644719737,RESIDUES,1.1662601188326078,0.3754971381353293,11.6335639219925,1.6619377031417857,113.86656698583158,3515.5682142245278,233.2615210322857,7.031136428449056,0.4665230420645714,36.0076457191847,2.389143858811856,0.6138404494624183,1135.830647226,162.2615210322857,2.275101387111068,0.7548875404365213,0.9221274668920159,0.6137446309357688,2.08165333261341,3.9593266292681824,0.4618896256615256,1,4,4,1,4,3,2,19,0.6666666666666666,0.4216893295224492,0.14885755438415135,0.5186601760087675,0.7533609100310238,0.1003829569729978,0.7548875404365213,0.6137446309357688,0.4276685036991348,0.6666666666666666
230,0.210240870714188,0.0210794843733311,0.2986938800513747,0.00140836089849472,0.0133309178054333,0.213042870163918,0.21408108472824106,0.026262829095125218,0.00185975863132626,0,105.12043535709401,10.539742186665551,149.34694002568736,0.70418044924736,6.66545890271665,106.52143508195901,107.04054236412053,13.13141454756261,0.92987931566313,0,9664.9,0.495,19.33,0.34514474515616944,0.34514474515616944,235.97601890176583,110.51673561900864,88.75,3539.640283526487,188.78081512141267,1331.25,71.00000000000001,12.045686949977446,0.6424366373321306,21577.645894911308,10.738966378378377,1186.835508060666,516219.3811955596,377.15,2698.1311,385.4473,1156.3419,24.413778464299188,3.4876826377570267,0.5297356349495624,228.68325702128183,RESIDUES,1.1474003780055992,0.3936543629291214,11.84255044499423,1.6917929207134612,126.80694422519538,3826.8855246448666,257.97143094060004,7.653771049289733,0.5159428618812001,34.627203773350054,2.3342295580455916,0.8227948998548366,1308.8000165842004,186.97143094060004,2.231096538541385,0.667018423441009,0.9297041903051997,0.6725017727407369,1.68046990678161,3.8754039009918793,0.5173265584475677,1,4,4,1,3,3,2,18,0.5833333333333334,0.44722007108489503,0.12389471034215804,0.6253485052221907,0.4943123061013443,0.2569944822800224,0.667018423441009,0.6725017727407369,0.4995537326010871,0.5833333333333334
231,0.0662518441677094,0.0487371571362019,0.14482257582247252,0.033674169331789,0.260428041219711,0.403765469789505,0.02603091811761259,0.009996469859033817,2.34726816415787e-4,0.00605868501588702,33.125922083854704,24.36857856810095,72.41128791123626,16.8370846658945,130.2140206098555,201.8827348947525,13.015459058806295,4.998234929516909,0.1173634082078935,3.02934250794351,7948.44,0.317,15.9,0.5134503921866415,0.5134503921866415,762.7762022471982,53.58435305431483,88.75,11441.643033707973,610.2209617977585,1331.25,71.00000000000001,24.84400620924922,1.325013664493292,10461.982877415414,10.738966378378377,575.4405658574436,360745.461393416,263.56,1885.5082400000001,269.35832,808.07496,35.18766454246052,5.0268092203515025,0.2252374013428711,146.05289768825097,RESIDUES,1.3414181456872512,0.44584573649927545,15.599515463070215,2.228502209010031,71.87902351196999,2742.5805099068416,190.41284914991402,5.485161019813683,0.38082569829982804,51.18248805069781,3.553515873503323,0.25149915738779927,835.889944049398,119.412849149914,2.0322193082872193,0.2698993063220352,0.9122158556358879,0.5368805412319446,1.17725331876645,3.615554131634125,0.5073951079201426,4,1,3,4,1,2,2,17,0.5,0.39587817150974663,0.42326766168813096,0.1538654865923575,0.31695966907962775,0.6602197253068488,0.2698993063220352,0.5368805412319446,0.48667559236833385,0.5
237,0.346129447221756,0.0446851141750813,0.12134047751128695,0.0194316320121288,0.0376809798181057,0.121266186237335,0.24987473273277325,0.016402720525860816,0.0431526489555836,3.61118181899656e-5,173.064723610878,22.34255708754065,60.670238755643474,9.715816006064399,18.84048990905285,60.633093118667496,124.93736636638663,8.201360262930407,21.5763244777918,0.0180559090949828,11098.46,0.643,22.2,0.4045175231769682,0.4045175231769682,185.26762144215394,44.89597667917617,88.75,2779.014321632309,148.21409715372317,1331.25,71.00000000000001,29.651877483655802,1.5814334657949765,8765.636095415368,10.738966378378377,482.1363840821326,650398.9192694613,475.18,3399.43772,485.63396000000006,1456.90188,75.71809260977143,10.816870372824493,0.7925284710834948,210.77975905639755,RESIDUES,1.462603750342259,0.5564212318355202,26.869550598085137,3.8385072282978765,65.66502386624167,3019.721101113707,243.33353100451063,6.039442202227414,0.48666706200902127,67.26039446011931,5.419940694092853,0.6990124033830221,1206.3347170315744,172.33353100451063,2.1199323693983945,0.4450452159053315,0.9164824622700705,0.5699678795653544,0.919972455600061,3.5516552665074053,0.537765782889972,4,1,4,3,1,3,3,19,0.6666666666666666,0.45066912416374927,0.7140080810380283,0.08191308032009893,0.6427094105480868,0.39923928077023535,0.4450452159053315,0.5699678795653544,0.5260573332474516,0.6666666666666666
238,0.221883311867714,0.0665957480669022,0.09905922265350857,0.0308884158730507,0.0608199089765549,0.265713781118393,0.23317682844400425,0.014417991504073174,0.00744481710717082,0,110.941655933857,33.2978740334511,49.529611326754285,15.44420793652535,30.40995448827745,132.8568905591965,116.58841422200213,7.208995752036587,3.72240855358541,0,9894.51,0.518,19.79,0.4284158654436471,0.4284158654436471,336.0730875293167,36.65191238179817,88.75,5041.0963129397505,268.8584700234534,1331.25,71.00000000000001,36.32143354847472,1.9371431225853188,7156.0382444894585,10.738966378378377,393.60365477140067,586062.6870510086,428.17,3063.12818,437.58974,1312.7692200000001,83.57348855611667,11.939069793730953,0.666524900244351,186.52315865400138,RESIDUES,1.5012801402435192,0.5643712575519038,29.125610977361177,4.1608015681944535,55.024788160739135,2792.3629963799817,223.50133451551153,5.584725992759964,0.44700266903102304,76.18601090421429,6.097944690779772,0.5313053687232605,1067.5093416085808,152.50133451551153,2.1887792662241154,0.5825190677327644,0.927777090260196,0.6575572004709324,1.09859625160085,3.5090698291182605,0.47198167699191895,4,1,4,3,2,3,2,19,0.6666666666666666,0.39740466428963594,0.8754120226850479,0.013640224950145217,0.5180972078593589,0.4564947266714367,0.5825190677327644,0.6575572004709324,0.4407548954512816,0.6666666666666666
239,0.0990653857588768,0.0716362968087196,0.1395649875998494,0.043796718120575,0.114031203091145,0.393586188554764,0.107669978812337,0.012540247485041602,0.0071320841088891,0.0109769189730287,49.5326928794384,35.818148404359796,69.7824937999247,21.8983590602875,57.0156015455725,196.793094277382,53.8349894061685,6.270123742520801,3.56604205444455,5.4884594865143495,8380.35,0.362,16.76,0.42046210339665474,0.42046210339665474,522.2337399385133,51.639045411944274,88.75,7833.506099077699,417.78699195081066,1331.25,71.00000000000001,25.779911099829853,1.3749285919909258,10082.17470421312,10.738966378378377,554.5499724904238,419226.49584890343,306.28,2191.12712,313.01815999999997,939.0544799999999,42.43159614048918,6.061656591498453,0.3397734708897744,159.17243478177394,RESIDUES,1.3688612877765662,0.4803041831599388,17.64121841284729,2.520174058978184,70.68669020214662,2796.775651233472,201.1393826775784,5.5935513024669445,0.4022787653551568,54.16009589105551,3.89510265096911,0.34220595988952723,910.9756787430488,130.13938267757837,2.164004847528054,0.5330493759679398,0.9259596886130605,0.6434633342343075,1.22106782266074,3.6069761697213636,0.49221916094548757,4,1,3,3,2,3,2,18,0.5833333333333334,0.43147626758073976,0.47711241797168796,0.1377555070328979,0.36142709410548096,0.437439170955024,0.5330493759679398,0.6434633342343075,0.4669968986302192,0.5833333333333334
240,0.15706479549408,0.1043701171875,0.30004097288847004,0.013614040799439,0.0401556938886642,0.103585056960583,0.22098166009783715,0.026590168207883846,0.033362839370966,2.34726816415787e-4,78.53239774704001,52.18505859375,150.02048644423502,6.8070203997195,20.077846944332098,51.7925284802915,110.49083004891858,13.295084103941923,16.681419685483,0.1173634082078935,9375.6,0.465,18.75,0.2942665342688562,0.2942665342688562,191.43950078159585,111.01515996873391,88.75,2871.5925117239376,153.1516006252767,1331.25,71.00000000000001,11.991605474197673,0.6395522919572094,21674.959881463074,10.738966378378377,1192.1880703945305,430100.8535711509,314.23,2248.0014200000005,321.14306000000005,963.4291800000002,20.249499443437482,2.892785634776783,0.3610710796607214,206.8126627392127,RESIDUES,1.1301083202255608,0.34184303618619266,10.661879257953755,1.5231256082791078,125.4591559518378,3707.0683017835927,240.09003305558028,7.414136603567186,0.48018006611116054,33.392451110529805,2.162677900236317,0.6715844065274111,1183.6302313890621,169.0900330555803,2.328973260828054,0.8624591860225609,0.9344188894793282,0.709064048124843,1.40917660683625,3.90215675247604,0.597742454682682,1,4,4,1,4,4,3,21,0.8333333333333334,0.4470258740463992,0.10156639856821992,0.6294761845214021,0.4643226473629783,0.13510089574995982,0.8624591860225609,0.709064048124843,0.603829254670957,0.8333333333333334
241,0.0160726476460695,0.0861326307058334,0.21502319142222445,0.169179812073708,0.209636405110359,0.149615839123726,0.11680277743935616,0.01759286499023441,0.0199438538402319,0,8.03632382303475,43.066315352916696,107.51159571111222,84.589906036854,104.8182025551795,74.807919561863,58.40138871967808,8.796432495117205,9.97192692011595,0,6447.27,0.162,12.89,0.359678469710052,0.359678469710052,487.7900613048671,79.55858082622304,88.75,7316.850919573006,390.2320490438937,1331.25,71.00000000000001,16.73295307903747,0.8924241642153318,15533.275348341493,10.738966378378377,854.3769246043078,267837.18661912263,195.68,1399.89472,199.98496000000003,599.95488,17.595772894161346,2.51368184202305,0.04327501438935586,142.31298782735078,RESIDUES,1.1888333451832094,0.27272594119301524,10.23755933646612,1.4625084766380172,94.58189378166747,3000.112616537802,187.355098847642,6.000225233075604,0.374710197695284,37.709478793881964,2.354932640853349,0.22564189865155804,814.4856919334941,116.35509884764201,2.2543713758318455,0.713493743034223,0.9719350308468963,1,1.34236263516319,3.51218669014058,0.41368512258852475,2,3,1,1,3,4,1,15,0.3333333333333333,0.36980310408125355,0.17963218692654903,0.36896990985379746,0.16132368148914172,0.29181425641548697,0.713493743034223,1,0.36516158703977747,0.3333333333333333
242,0.0494433082640171,0.0615016259253025,0.12870122441649462,0.172819539904594,0.193936914205551,0.270303100347519,0.10734895938634842,0.011847798794507983,0.00402533635497093,7.22236363799311e-5,24.72165413200855,30.75081296265125,64.35061220824731,86.409769952297,96.9684571027755,135.1515501737595,53.67447969317421,5.923899397253992,2.012668177485465,0.03611181818996555,6770.49,0.195,13.54,0.41340849760174725,0.41340849760174725,550.6120650257169,47.61945303410301,88.75,8259.180975385752,440.48965202057354,1331.25,71.00000000000001,27.956011990448857,1.4909873061572727,9297.376451847571,10.738966378378377,511.38370509000043,340915.2832952468,249.07,1781.84678,254.54954,763.64862,37.41846380981986,5.345494829974266,0.1863996708046373,136.07289692166535,RESIDUES,1.3766126511604502,0.4536760873583115,16.354081242897767,2.336297320413967,65.55354148808709,2621.4061087520754,182.25320052315362,5.2428122175041505,0.36450640104630727,55.049059611725,3.8272846265712395,0.1824987077493213,778.7724036620751,111.25320052315361,2.1473516675980395,0.49979621720974987,0.9553534012102425,0.8714102243427521,0.830125915750762,3.3646453634917095,0.4637054180366048,4,1,1,3,1,4,2,16,0.4166666666666667,0.37933419689997117,0.4931877500673418,0.10446742979824966,0.1949327817993795,0.420540201959931,0.49979621720974987,0.8714102243427521,0.4300230468522483,0.4166666666666667
243,0.0283154267817736,0.0714084953069687,0.2150927685499187,0.20433409512043,0.127534002065659,0.177492558956146,0.137126431435347,0.018312552720308288,0.0203114673495293,7.22236363799311e-5,14.1577133908868,35.70424765348435,107.54638427495935,102.167047560215,63.767001032829505,88.74627947807299,68.5632157176735,9.156276360154145,10.155733674764651,0.03611181818996555,6243.27,0.141,12.49,0.30815748701244644,0.30815748701244644,378.86742733642507,79.58432436346992,88.75,5683.011410046376,303.09394186914005,1331.25,71.00000000000001,16.72754038747684,0.8921354873320982,15538.301600046127,10.738966378378377,854.6533835852625,285007.4380295585,208.22,1489.60588,212.80084,638.40252,18.717327713895195,2.673903959127885,0.07690323468324237,146.74154800390477,RESIDUES,1.1928651654544806,0.2952571894923409,10.552721710626718,1.507531672946674,94.9333682494136,3025.7346111212105,190.97588964799255,6.051469222242421,0.3819517792959851,38.019228476481935,2.399667160278772,0.25626039764570446,839.8312275359478,119.97588964799255,2.276792668451945,0.7582647000642498,0.8929661824918873,0.38760021081190554,0.42872184310968797,3.465549610160667,0.6142120468759388,2,3,1,1,4,1,3,15,0.3333333333333333,0.32755451976078415,0.18523346052022047,0.3691831038236366,0.14064115822130302,0.16838072262881812,0.7582647000642498,0.38760021081190554,0.6251854218547259,0.3333333333333333
244,0.0945636704564095,0.0391960106790066,0.24761414444446597,0.0755413845181465,0.111666135489941,0.218813613057137,0.18378921005129784,0.021993994027376184,0.00671354494988918,1.08335450931918e-4,47.28183522820475,19.5980053395033,123.80707222223299,37.77069225907325,55.8330677449705,109.40680652856851,91.89460502564891,10.996997013688093,3.3567724749445897,0.054167725465959,7759.25,0.297,15.52,0.37124637928605125,0.37124637928605125,392.5531017141054,91.61723344445241,88.75,5888.296525711581,314.0424813712844,1331.25,71.00000000000001,14.530563191554325,0.7749633702162307,17887.64579466822,10.738966378378377,983.8743896400174,408908.7353165144,298.75,2137.2575,305.3225,915.9675000000001,23.32811655239318,3.332588078913311,0.3195659668859679,187.38109655113382,RESIDUES,1.1791861390706895,0.3727829404146148,11.705434135725763,1.672204876532252,108.03377177770189,3387.5438814214667,224.20278454020703,6.775087762842934,0.44840556908041407,36.97496370565847,2.4471682467484825,0.5372370416808652,1072.4194917814493,153.20278454020703,2.2703157088335435,0.7453314724544948,0.8971332985138537,0.41991600402066753,0.702866338799785,3.6777404145684365,0.6559312202295315,1,3,2,2,4,1,4,17,0.5,0.42042635477242984,0.16634978439659118,0.4688331103898157,0.297311271975181,0.31952855615761105,0.7453314724544948,0.41991600402066753,0.6792827929646645,0.5
245,0.0174328777939081,0.0200654957443476,0.14533160220086563,0.23067618906498,0.323728531599045,0.12693578004837,0.11717000328004405,0.013236179322004327,0.00359574682079256,0.0018276597838848801,8.716438896954049,10.0327478721738,72.66580110043282,115.33809453249,161.8642657995225,63.467890024185,58.58500164002203,6.618089661002164,1.7978734103962801,0.91382989194244,5455.29,0.059,10.91,0.46111595182120824,0.46111595182120824,646.6986505265535,53.77269281432028,88.75,9700.479757898302,517.3589204212427,1331.25,71.00000000000001,24.75698966010259,1.3203727818721385,10498.754942990532,10.738966378378377,577.463140207854,297215.7715992285,217.14,1553.41956,221.91708000000003,665.7512399999999,28.888632476785816,4.126947496683688,0.10081345713068932,130.14641844179312,RESIDUES,1.3233764644717614,0.4006336076181582,13.851900342764816,1.97884290610926,71.16151610174126,2653.5671222339242,177.40771171801006,5.307134244467848,0.3548154234360201,49.347856381245784,3.299215687981398,0.1415237930726513,744.8539820260703,106.40771171801006,2.111594041580411,0.4283951983186306,0.9130065452975539,0.543012303214095,1.19769054904777,3.2390277121955346,0.30880928073012687,4,1,1,4,1,2,1,14,0.25,0.27972179019597687,0.3900916021100931,0.15542521401944145,0.05894519131334026,0.534837316532388,0.4283951983186306,0.543012303214095,0.22916878369741697,0.25
246,0.128411769866943,0.0390562303364277,0.130609785884619,0.0223990809172392,0.341899424791336,0.181350186467171,0.13698552346229553,0.013010573059320463,0.00624132947996259,3.61118181899656e-5,64.2058849334715,19.52811516821385,65.3048929423095,11.1995404586196,170.949712395668,90.6750932335855,68.49276173114777,6.505286529660231,3.120664739981295,0.0180559090949828,8483.9,0.372,16.97,0.571778451219201,0.571778451219201,719.6199221010507,48.32562077730903,88.75,10794.29883151576,575.6959376808406,1331.25,71.00000000000001,27.54749920615773,1.469199957661746,9435.250932304874,10.738966378378377,518.9672167417851,455899.6467606132,333.08,2382.85432,340.40776,1021.22328,49.30830233884659,7.044043191263798,0.41159844119745215,165.52414954913192,RESIDUES,1.4000265521010182,0.5030498692532367,19.6030138353526,2.8004305479075144,67.65715223499728,2797.545029441377,206.3325446713703,5.595090058882755,0.4126650893427406,57.88947941988871,4.2696305055692605,0.38612090390340464,947.3278126995918,135.33254467137027,2.1648066663827987,0.5346504521458337,0.9434239092998269,0.7788975629168596,1.63182269061884,3.523348684110423,0.3482964345652288,4,1,3,4,2,4,1,19,0.6666666666666666,0.4520619610337262,0.5445517041249015,0.11031552686054022,0.3722854188210961,0.7999615948974079,0.5346504521458337,0.7788975629168596,0.2803718887299088,0.6666666666666666
247,0.269331753253937,0.0297742914408445,0.18010426510870423,0.0119885867461562,0.0693577602505684,0.248124688863754,0.16970486149191888,0.017265452399849883,0.00434836745262146,0,134.6658766269685,14.88714572042225,90.05213255435211,5.9942933730781,34.6788801252842,124.062344431877,84.85243074595944,8.632726199924942,2.17418372631073,0,10435.4,0.574,20.87,0.4215711382552983,0.4215711382552983,340.2571746879069,66.63857809022056,88.75,5103.857620318603,272.2057397503255,1331.25,71.00000000000001,19.97716695271692,1.0654489041449027,13010.732111452793,10.738966378378377,715.6294496138206,565237.4363342635,412.96,2954.31584,422.04512,1266.13536,44.33341653839334,6.333345219770476,0.6257383035872702,208.3492990978249,RESIDUES,1.3158844084615646,0.49547341365307795,17.893909845769414,2.556272835109916,87.68866591096966,3239.3041582104925,241.34638694238168,6.478608316420985,0.4826927738847634,48.610043176864714,3.621721739254819,0.6822085138952256,1192.4247085966717,170.34638694238166,2.199009823731931,0.6029474996852124,0.9271070227521448,0.6523608577456651,2.11585758535573,3.6794774823515404,0.3096205895944846,3,2,4,3,2,3,1,18,0.5833333333333334,0.4472055229304065,0.37674955899943396,0.2619734762554997,0.5739400206825234,0.44009618727201544,0.6029474996852124,0.6523608577456651,0.23022081021644583,0.5833333333333334
248,0.333433598279953,0.0703882500529289,0.2866321339011197,0.00657563610002398,0.00687766680493951,0.0830787047743797,0.17823645132780114,0.024244954228401224,0.010532614775002,0,166.7167991399765,35.19412502646445,143.31606695055984,3.28781805001199,3.438833402469755,41.53935238718985,89.11822566390057,12.122477114200612,5.266307387501,0,11639.02,0.699,23.28,0.31637452111020703,0.31637452111020703,117.34908707415688,106.05388954341429,88.75,1760.236306112353,93.87926965932552,1331.25,71.00000000000001,12.552580633594195,0.6694709671250239,20706.305353016884,10.738966378378377,1138.9091541029802,540311.1272486501,394.75,2824.0415000000003,403.4345,1210.3035,26.628363298678913,3.804051899811273,0.5769197165434574,231.67553300580548,RESIDUES,1.1633767986128607,0.4131082127782002,12.50237418172244,1.7860534545317768,123.38063449745925,3796.0845646018065,260.4179157855466,7.592169129203613,0.5208358315710931,35.79392119369501,2.4555244216568006,0.8434831135337206,1325.925410498826,189.41791578554657,2.1367996665124767,0.4787259250019298,0.8799866912205605,0.2869448526053923,1.96064677698633,3.8966092923633253,0.45938204656885984,1,4,4,1,1,1,2,14,0.25,0.34764627873120163,0.14499272543292563,0.5883896420126539,0.6985522233712513,0.18806702329363986,0.4787259250019298,0.2869448526053923,0.42441691873570025,0.25
249,0.187716424465179,0.0403127409517765,0.358266456186771,0.00344867864623666,0.0423212349414825,0.24569471180439,0.09493671445548531,0.02580449815094468,0.0014985715970397,0,93.8582122325895,20.15637047588825,179.1332280933855,1.72433932311833,21.16061747074125,122.847355902195,47.46835722774265,12.902249075472339,0.74928579851985,0,9719.96,0.5,19.44,0.319397409379482,0.319397409379482,308.42153872631485,132.55858878910527,88.75,4626.323080894722,246.73723098105188,1331.25,71.00000000000001,10.042729121973066,0.5356122198385637,25881.168794932335,10.738966378378377,1423.5422281714864,402243.25815083773,293.88,2102.4175200000004,300.3453600000001,901.0360800000001,15.860288942460391,2.2657555632086277,0.3065115200329061,214.80397627414004,RESIDUES,1.0814348838914305,0.269075893990268,9.27413401305912,1.3248762875798743,143.35348207595794,3984.158345183645,246.62373100173696,7.96831669036729,0.4932474620034739,30.055829513410565,1.860488507418438,0.7268353268437919,1229.3661170121586,175.62373100173693,2.271466678050742,0.74762973394366,0.9167642529344182,0.5721531532148566,1.56175317485279,4.029552715417962,0.6257424316586618,1,4,4,1,4,3,4,21,0.8333333333333334,0.42482623577248957,0.041229515291557224,0.8078871414196761,0.5000000000000001,0.19530923339488895,0.74762973394366,0.5721531532148566,0.640136904697989,0.8333333333333334
250,0.0275247432291508,0.0346216708421707,0.14472346837818625,0.0273100603371859,0.350948691368103,0.344306409358978,0.033996891416609255,0.010270631767809391,4.33341803727672e-4,0.0258641615509987,13.7623716145754,17.31083542108535,72.36173418909313,13.655030168592951,175.4743456840515,172.153204679489,16.99844570830463,5.1353158839046955,0.216670901863836,12.932080775499351,7149.9,0.234,14.3,0.5589980292543767,0.5589980292543767,861.3966324218733,53.54768329992891,88.75,12920.949486328098,689.1173059374986,1331.25,71.00000000000001,24.861019524289436,1.3259210412954368,10454.823355640174,10.738966378378377,575.0467705979898,333770.92234888644,243.85,1744.5029000000002,249.21470000000002,747.6441,32.578494390294495,4.654070627184927,0.17240732217675278,139.2088998852948,RESIDUES,1.3345991192774942,0.42912077143615,14.878708596242427,2.125529799463204,71.46469097143532,2703.0171464215096,184.81719654621708,5.406034292843019,0.3696343930924342,50.478694498910244,3.451450840758641,0.20418063139030146,796.7203758235194,113.81719654621705,2.002562325724619,0.2106800849128213,0.9310362536472983,0.6828318627303879,1.1772399198921,3.588268281882757,0.4933713457631035,4,1,2,4,1,4,2,18,0.5833333333333334,0.3929366205682591,0.4105408036525247,0.15356180763652524,0.23422957600827307,0.7693423682482947,0.2106800849128213,0.6828318627303879,0.4684909399703369,0.5833333333333334
254,0.234490483999252,0.0715543255209923,0.1998729050755503,0.0379208438098431,0.0380674377083778,0.284800499677658,0.09589985910058024,0.015907239824533476,0.0211140494793653,3.72391717974097e-4,117.24524199962599,35.777162760496154,99.93645253777515,18.96042190492155,19.0337188541889,142.400249838829,47.94992955029012,7.953619912266738,10.55702473968265,0.18619585898704852,10201.76,0.55,20.4,0.3536164790093897,0.3536164790093897,317.14550770536056,73.95297487795361,88.75,4757.182615580408,253.7164061642885,1331.25,71.00000000000001,18.001304236874773,0.9600695592999882,14438.818662657754,10.738966378378377,794.1785107954046,465291.86836894497,339.94,2431.93076,347.41868,1042.25604,32.884826661989926,4.697832380284275,0.42999326196880183,188.66215430654475,RESIDUES,1.2582771665143573,0.44501337204640595,14.600511247980986,2.085787321140141,93.05333968473892,3205.179752322622,225.25017736103104,6.4103595046452435,0.45050035472206207,43.34078186323414,3.0458568804401294,0.5460941112546638,1079.751241527217,154.250177361031,2.2477456747244964,0.7002635076237538,0.9565847770237715,0.8809594871764512,1.04346544212951,3.74459857659766,0.6066086956011529,3,2,4,1,3,4,3,20,0.75,0.5115148148112716,0.28146431445469566,0.32254733109141803,0.5496380558428128,0.2772909904607898,0.7002635076237538,0.8809594871764512,0.6153261345647995,0.75
255,0.123251743614674,0.0614812709391117,0.13978761477768417,0.0537942536175251,0.0956081971526146,0.398706167936325,0.09783058190345807,0.012207891866564763,0.0169125497341156,4.19763528043404e-4,61.625871807337,30.74063546955585,69.89380738884209,26.89712680876255,47.8040985763073,199.3530839681625,48.915290951729034,6.1039459332823816,8.4562748670578,0.209881764021702,8563.27,0.381,17.13,0.41160638981312553,0.41160638981312553,496.0782143745571,51.721417467743144,88.75,7441.173215618356,396.8625714996457,1331.25,71.00000000000001,25.738853751064624,1.3727388667234468,10098.257291539905,10.738966378378377,555.4345632281658,429444.31819591427,313.75,2244.5675,320.6525000000001,961.9575000000001,43.3972541723138,6.199607738901973,0.3597852443108808,161.8120448129617,RESIDUES,1.3708245311693878,0.48426439900251256,17.90520716975918,2.557886738537026,70.90098785163518,2812.767258101708,203.2975278390775,5.625534516203416,0.406595055678155,54.38302729920218,3.930625605260473,0.3604558862454451,926.0826948735422,132.29752783907747,2.168307532248353,0.5416409998314792,0.9360323732705377,0.7215765407618518,1.18082970144316,3.5975461651906127,0.49725881150001855,4,1,3,3,2,4,2,19,0.6666666666666666,0.4473000414112178,0.481143737065127,0.13843766758492934,0.3805584281282316,0.4162227273900138,0.5416409998314792,0.7215765407618518,0.4735318278821046,0.6666666666666666
256,0.16384157538414,0.0339494310319424,0.13962682458758338,0.101488888263702,0.076193667948246,0.257599622011185,0.191579438835382,0.015497459650039645,0.00975620839744806,0.0104669313877821,81.92078769207,16.9747155159712,69.81341229379169,50.744444131851004,38.096833974123,128.79981100559252,95.789719417691,7.748729825019822,4.87810419872403,5.23346569389105,8325.63,0.356,16.65,0.39045271588861935,0.39045271588861935,356.09286584526325,51.66192509740585,88.75,5341.392987678948,284.87429267621064,1331.25,71.00000000000001,25.76849386642093,1.3743196728757832,10086.641808207021,10.738966378378377,554.7956766633434,490084.6061176947,358.05,2561.4897,365.9271,1097.7813,49.58177023350264,7.083110033357519,0.4785502473485719,176.99442522590587,RESIDUES,1.385644574710649,0.5056712045080132,19.607757406310242,2.801108200901463,71.58506623032832,2899.020171116248,215.71064206470066,5.798040342232496,0.43142128412940134,56.115217651109546,4.175427873777246,0.46542492378129824,1012.9744944529045,144.71064206470064,2.2086959673309607,0.6222888430326556,0.9560180460838813,0.8765645147874037,1.39899685731224,3.467762716681981,0.37693143825128517,4,1,3,2,2,4,1,17,0.5,0.4213812941846426,0.5124673271198792,0.137944984140315,0.3557394002068252,0.3655429346461914,0.6222888430326556,0.8765645147874037,0.3175029797035906,0.5
257,0.0680657401680946,0.118087604641914,0.2909702860414986,0.0203986018896103,0.0938326343894005,0.247483372688293,0.12938286969065682,0.022797468900680573,0.00898146722465754,0,34.032870084047296,59.043802320957006,145.4851430207493,10.19930094480515,46.91631719470025,123.7416863441465,64.69143484532842,11.398734450340287,4.49073361232877,0,8608.5,0.385,17.22,0.327697360113263,0.327697360113263,388.2004402592775,107.65900583535448,88.75,5823.006603889162,310.560352207422,1331.25,71.00000000000001,12.365430923966667,0.6594896492782223,21019.693463637857,10.738966378378377,1156.1464439955132,336923.41305725125,246.15,1760.9571,251.56529999999998,754.6959,16.35680253905627,2.3366860770080384,0.17858152717126374,180.34647712728983,RESIDUES,1.1201169693674409,0.2673309887170838,9.587297875232201,1.3696139821760287,120.5906793414089,3519.5554018904186,218.45127969927213,7.039110803780837,0.4369025593985443,32.691695177577245,2.0291036314542508,0.48860058216214813,1032.1589578949051,147.45127969927216,2.311649498538341,0.8278670048217386,0.9158392818877561,0.5649800452643082,1.53479586238383,3.9049138726846104,0.5682923628563943,1,4,3,1,4,3,3,19,0.6666666666666666,0.42223572235426265,0.08889447048129143,0.6016823418872099,0.3852119958634953,0.21519418503369872,0.8278670048217386,0.5649800452643082,0.5656412365804391,0.6666666666666666
258,0.078503429889679,0.0556710250675678,0.2699286033809186,0.0542269833385944,0.115787446498871,0.165639758110046,0.21614947673678356,0.024532068192958823,0.0195251386612654,3.61118181899656e-5,39.2517149448395,27.8355125337839,134.9643016904593,27.1134916692972,57.8937232494355,82.819879055023,108.07473836839178,12.266034096479412,9.7625693306327,0.0180559090949828,7703.14,0.292,15.41,0.3581998129636047,0.3581998129636047,360.3701209011673,99.87358325093989,88.75,5405.55181351751,288.29609672093386,1331.25,71.00000000000001,13.329350531612892,0.7108986950193543,19499.64230823756,10.738966378378377,1072.5390526200172,402016.0756179867,293.71,2101.2013399999996,300.17161999999996,900.5148599999999,21.038609726463637,3.0055156752090912,0.3060665792991324,191.586824075932,RESIDUES,1.1531836884406963,0.34770071132773145,10.978776127380563,1.5683965896257945,115.17258711110782,3500.2787641713912,227.64138736448197,7.0005575283427826,0.45528277472896395,35.04709303737183,2.2792952846451486,0.5663149042036432,1096.489711551374,156.641387364482,2.322119824042397,0.8487742067915421,0.919849809992211,0.5960815063703359,1.50460584541759,3.7395207000587662,0.49068573836020074,1,4,2,1,4,3,2,17,0.5,0.4149098196326234,0.13148766290659605,0.5372077076623457,0.2916235780765254,0.2882717031116663,0.8487742067915421,0.5960815063703359,0.4650085051891138,0.5
259,0.100470297038555,0.118494734168053,0.1905096914172176,0.0328821875154972,0.142113119363785,0.241365730762482,0.14315777921676603,0.01698349553346635,0.0139868967235088,3.61118181899656e-5,50.2351485192775,59.2473670840265,95.2548457086088,16.4410937577486,71.05655968189251,120.682865381241,71.57888960838302,8.491747766733175,6.9934483617544,0.0180559090949828,8838.79,0.409,17.68,0.3931017706394197,0.3931017706394197,451.8438606497652,70.4885858243705,88.75,6777.657909746477,361.4750885198122,1331.25,71.00000000000001,18.886036433146,1.0072552764344536,13762.420107979799,10.738966378378377,756.9745532273536,395369.77608781384,288.85,2066.4329000000002,295.2047,885.6141000000001,29.31585129468661,4.187978756383801,0.29304969216118615,168.1803833809486,RESIDUES,1.2575700177698996,0.41775875582153854,13.655118185575274,1.9507311693678964,88.6443321277287,3050.7545233931987,208.5042814522636,6.101509046786397,0.4170085629045272,43.28012099709965,2.9579864458023497,0.40448576509198675,962.5299701658452,137.5042814522636,2.2765618537989716,0.7578038081306196,0.912305741392602,0.5375776011436615,1.09408838441803,3.7029368631314794,0.57275213449865,3,2,3,2,4,2,3,19,0.6666666666666666,0.46885786710676575,0.2803673702874044,0.29385714573275273,0.4089968976215098,0.37188951757153704,0.7578038081306196,0.5375776011436615,0.5714242351924169,0.6666666666666666
260,0.0389895625412464,0.029839800670743,0.13855848896503453,0.192023158073425,0.226209864020348,0.265286028385162,0.0883415620476007,0.011796844527125361,0.00893666315823793,1.80559090949828e-5,19.4947812706232,14.9199003353715,69.27924448251727,96.01157903671249,113.10493201017401,132.643014192581,44.17078102380035,5.898422263562681,4.468331579118965,0.0090279545474914,6192.4,0.135,12.38,0.42841686277091523,0.42841686277091523,598.5993022251878,51.26664091706278,88.75,8978.989533377817,478.8794417801502,1331.25,71.00000000000001,25.96717819202638,1.3849161702414072,10009.465242834094,10.738966378378377,550.5507331407345,320583.0547297032,234.22,1675.6098800000002,239.37284,718.11852,32.68421433560935,4.6691734765156205,0.14657866615398993,134.008935491811,RESIDUES,1.3460314067769696,0.4278501601408462,14.96021439843292,2.137173485490417,69.00650879432376,2648.760672747467,180.5657056581047,5.297521345494935,0.3611314113162094,51.66635896883768,3.522089655731824,0.1682287422425803,766.9599396067329,109.56570565810469,2.10923370637074,0.4236820683470824,0.9218178284753058,0.6113433992467195,0.596403232072556,3.334888441033923,0.5058389412600778,4,1,1,3,1,3,2,15,0.3333333333333333,0.3443919457444335,0.4320176089803211,0.1346714556110463,0.13495346432264743,0.4564971160596548,0.4236820683470824,0.6113433992467195,0.4846577066205763,0.3333333333333333
261,0.0682738348841667,0.0801537036895752,0.20221857412159483,0.111816138029099,0.0954814255237579,0.247954547405243,0.15888012358546214,0.01827100820839406,0.0168784447014332,7.22236363799311e-5,34.13691744208335,40.0768518447876,101.10928706079741,55.9080690145495,47.74071276187895,123.9772737026215,79.44006179273107,9.13550410419703,8.4392223507166,0.03611181818996555,7507.43,0.271,15.01,0.34217118256539086,0.34217118256539086,383.9334775071591,74.82087242499009,88.75,5759.002162607387,307.1467820057273,1331.25,71.00000000000001,17.79249501981701,0.9489330677235741,14608.269794544009,10.738966378378377,803.4988333729063,366727.13182857423,267.93,1916.77122,273.82446,821.47338,25.618135125617712,3.659733589373958,0.23695260144743513,164.1473569984516,RESIDUES,1.2314655348448809,0.38734984138225803,12.555963638560351,1.793709091222907,92.13932567840101,3074.1969869464447,205.20687908193403,6.148393973892889,0.41041375816386805,41.08742503675574,2.742642158946481,0.3766019361921076,939.4481535735384,134.20687908193403,2.276156844524233,0.7569950834445225,0.8982365085949687,0.4284713474906368,0.636865058269252,3.588799705622559,0.6264267540372317,2,2,2,1,4,1,4,16,0.4166666666666667,0.3940164093859053,0.2407163531224057,0.32973478640076154,0.2709410548086867,0.24987044622135654,0.7569950834445225,0.4284713474906368,0.6410242674786117,0.4166666666666667
264,0.106402948498726,0.00928717572242022,0.1732912312597034,0.021104421466589,0.307543754577637,0.265768200159073,0.09896010562777559,0.01434829919040203,0.00320362974889576,9.02795436559245e-5,53.201474249363,4.6435878612101105,86.64561562985169,10.5522107332945,153.7718772888185,132.8841000795365,49.480052813887795,7.174149595201015,1.60181487444788,0.04513977182796225,8062.17,0.329,16.12,0.5502835313156254,0.5502835313156254,734.4634884638344,64.11775556609025,88.75,11016.952326957517,587.57079077106755,1331.25,71.00000000000001,20.762579542070775,1.1073375755771082,12518.558546200971,10.738966378378377,688.5584212813262,424184.51047774206,309.91,2217.09614,316.72802,950.1840600000002,34.57850513364739,4.939786447663912,0.3494838242313429,170.573714567674,RESIDUES,1.2961136206887107,0.44960241822569785,15.225540485543855,2.1750772122205504,83.10389631719897,2996.0359044950383,210.46106903053027,5.992071808990077,0.42092213806106055,46.727086405993006,3.2824147877976584,0.42103295099709787,976.2274832137119,139.46106903053027,2.1187609381986308,0.4427060958199338,0.9031446977056624,0.4665341284390367,1.93719923691199,3.608746693080096,0.3171598087414434,3,2,3,4,1,2,1,16,0.4166666666666667,0.3888730841117042,0.34269962567850315,0.2410973955512277,0.32833505687693904,0.7484642479284602,0.4427060958199338,0.4665341284390367,0.23999693719325382,0.4166666666666667
265,0.237669616937637,0.0499554648995399,0.26028478160500484,0.00509396614506841,0.0143880285322666,0.216080248355865,0.18757227748632432,0.022921584993600818,0.00578129105269909,2.52782716415823e-4,118.8348084688185,24.97773244976995,130.14239080250243,2.546983072534205,7.1940142661332995,108.0401241779325,93.78613874316216,11.460792496800408,2.890645526349545,0.1263913582079115,10258.43,0.556,20.52,0.34650989241898017,0.34650989241898017,234.73982639163685,96.3053691938518,88.75,3521.097395874553,187.7918611133095,1331.25,71.00000000000001,13.823216827302167,0.7372382307894491,18802.97262314555,10.738966378378377,1034.2201218300913,518853.2925358007,379.07,2711.86678,387.40954,1162.22862,28.159040380618023,4.022720054374004,0.534894193707203,219.06341784408426,RESIDUES,1.1871632238523884,0.42210299458125344,13.018420089139774,1.8597742984485393,114.33019256646759,3619.2138748353545,250.10625042932332,7.238427749670709,0.5002125008586467,37.58060329482032,2.5970125292379884,0.7562845614088837,1253.743753005263,179.1062504293233,2.2446205023150383,0.6940231466407368,0.8992022619705917,0.4359607205277161,2.17238977922439,3.837199860306388,0.37681096417312143,2,4,4,1,3,2,1,17,0.5,0.4086170566392312,0.17730170211795776,0.5076577001101134,0.5558428128231644,0.260265090524763,0.6940231466407368,0.4359607205277161,0.31734676062273026,0.5
266,0.167233631014824,0.0142287109047174,0.2166013666987418,0.00705695198848844,0.0441983789205551,0.323803603649139,0.20233021768927603,0.0207020979821682,0.00379093922674656,5.41677254659589e-5,83.616815507412,7.1143554523587005,108.3006833493709,3.52847599424422,22.09918946027755,161.9018018245695,101.16510884463801,10.3510489910841,1.89546961337328,0.027083862732979448,8997.85,0.426,18,0.4012331540882587,0.4012331540882587,366.28568014457784,80.14250567853446,88.75,5494.285202168668,293.02854411566227,1331.25,71.00000000000001,16.61103541408944,0.885921888751437,15647.282730317107,10.738966378378377,860.6476739607798,523381.75396696443,382.38,2735.5465200000003,390.7923600000001,1172.3770800000002,34.133528729096064,4.876218389870867,0.5437632600335695,208.19969532010845,RESIDUES,1.2450860372323265,0.45551625262799195,14.868121306758654,2.1240173295369504,99.78431480915569,3383.4661702168246,241.22407089372066,6.766932340433649,0.48244814178744133,42.218123099226474,3.0099392182883875,0.6811741724987186,1191.5684962560447,170.22407089372066,2.2081794580577245,0.6212574745531712,0.885459472201249,0.32938601755412306,1.90660192591714,3.728702364508356,0.38634482326102937,3,3,3,3,2,1,1,16,0.4166666666666667,0.392646636713668,0.2611630220150806,0.3738056577993174,0.4255429162357808,0.3913706171374286,0.6212574745531712,0.32938601755412306,0.32970934290155673,0.4166666666666667
267,0.150975689291954,0.0243252422660589,0.2856788066625593,0.00219963071867824,0.0754862576723099,0.299445152282715,0.13564612761139902,0.02268614301085472,0.00355701404623687,0,75.487844645977,12.16262113302945,142.83940333127964,1.09981535933912,37.74312883615495,149.7225761413575,67.8230638056995,11.343071505427359,1.778507023118435,0,9008.83,0.427,18.02,0.3798628137707713,0.3798628137707713,400.3503875716032,105.70115846514693,88.75,6005.255813574048,320.2803100572826,1331.25,71.00000000000001,12.594469344808136,0.6717050317231007,20637.43699330328,10.738966378378377,1135.1211869128579,441635.6998301465,322.66,2308.3096400000004,329.75852000000003,989.2755600000002,21.838073238914635,3.119724748416376,0.38366226611346355,205.9906259690243,RESIDUES,1.1454506087751066,0.3615861093131337,11.153383441248186,1.5933404916068834,121.07545631213657,3645.2967374587784,239.4179357922743,7.290593474917556,0.4788358715845486,34.4868191644347,2.265045523329984,0.665900949372551,1178.9255505459203,168.4179357922743,2.238071250048359,0.6809455646842241,0.9084028644139395,0.507310969569967,1.53544960190416,3.8768628474757834,0.5537113099884938,1,4,3,2,3,2,3,18,0.5833333333333334,0.4402751025821369,0.12135610369605865,0.585468515123979,0.4265770423991727,0.34017173688521274,0.6809455646842241,0.507310969569967,0.5467339437277509,0.5833333333333334
272,0.209941953420639,0.0654114261269569,0.18251039698719976,0.0256237387657166,0.0432879440486431,0.324741065502167,0.1296089932322502,0.01600507333874702,0.00285655213519931,1.29059053506353e-5,104.9709767103195,32.70571306347845,91.25519849359988,12.811869382858301,21.64397202432155,162.37053275108352,64.80449661612509,8.00253666937351,1.428276067599655,0.00645295267531765,9994.82,0.529,19.99,0.3834364867955447,0.3834364867955447,357.9866334736349,67.5288468852639,88.75,5369.7995021045235,286.38930677890795,1331.25,71.00000000000001,19.713797308902432,1.0514025231414634,13184.551078355309,10.738966378378377,725.1900162715104,494164.4722949402,361.03,2582.80862,368.97265999999996,1106.91798,38.24748591351437,5.463926559073482,0.4865407324788363,191.02927173660598,RESIDUES,1.295209964934869,0.4708770137201729,16.190099171403478,2.312871310200497,87.4640354063548,3149.738744274454,227.1855325718491,6.2994774885489075,0.45437106514369824,46.64286285868429,3.3642738333419606,0.5624600585968886,1093.2987280029436,156.18553257184908,2.2158790137684155,0.6366319885793885,0.938393999387636,0.7398908427477486,1.1195967489011,3.7087437710359095,0.569469361114724,3,2,4,2,3,4,3,21,0.8333333333333334,0.508530009136818,0.3411765922163029,0.26934619806987325,0.5284384694932781,0.3487335124366402,0.6366319885793885,0.7398908427477486,0.5671674535799217,0.8333333333333334
273,0.0847014784812927,0.0723316967487335,0.2259990604370833,0.0486725717782974,0.0449677668511868,0.337537586688995,0.1324150900840759,0.018830545499920845,0.0329834744334221,0.0015607513487339,42.35073924064635,36.16584837436675,112.99953021854165,24.336285889148698,22.4838834255934,168.76879334449748,66.20754504203795,9.415272749960423,16.49173721671105,0.78037567436695,8059.26,0.328,16.12,0.331710117228329,0.331710117228329,375.59587569840227,83.61965236172082,88.75,5633.9381354760335,300.47670055872186,1331.25,71.00000000000001,15.920300580075311,0.8490826976040168,16326.172125974897,10.738966378378377,897.9886352842079,380856.28568443196,278.25,1990.6005000000002,284.3715000000001,853.1145000000001,23.80541468157612,3.4007735259394463,0.26462478207387696,174.3129527323132,RESIDUES,1.200231195924283,0.3735383549602401,11.930543393819061,1.7043633419741515,100.36291535688099,3226.8665263617827,213.51827015393928,6.453733052723566,0.4270365403078786,38.58981035227275,2.5534460395781684,0.4468855657112481,997.6278910775749,142.51827015393926,2.270140421593826,0.7449814579566569,0.9571971266807453,0.8857082306196162,1.17877176710451,3.7536314536747124,0.5780045021209843,2,3,3,1,4,4,3,20,0.75,0.46091653596288423,0.19555142167862488,0.4026014949056339,0.32833505687693904,0.2248079145280939,0.7449814579566569,0.8857082306196162,0.578234995272992,0.75
274,0.133937105536461,0.071036271750927,0.10491600567847449,0.0665563568472862,0.144816920161247,0.365273296833038,0.0885389469265938,0.009694433145225022,0.00419304938986897,0.0110376691445708,66.9685527682305,35.5181358754635,52.458002839237245,33.2781784236431,72.4084600806235,182.636648416519,44.2694734632969,4.847216572612511,2.096524694934485,5.5188345722853995,8686.35,0.393,17.37,0.44353881138190593,0.44353881138190593,544.4940227826305,38.81892210103556,88.75,8167.410341739456,435.5952182261044,1331.25,71.00000000000001,34.293842485762546,1.8290049325740028,7579.132250212997,10.738966378378377,416.8750992879102,431985.6053609317,315.61,2257.87394,322.55342,967.66026,58.16426159704644,8.309180228149492,0.36476239709521874,150.81712114015372,RESIDUES,1.4626471681396593,0.5221408664486116,22.23545892033673,3.1764941314766757,56.778386481313696,2611.281646997238,194.3080782441897,5.222563293994476,0.3886161564883794,67.26826778447766,5.005499064050678,0.2844383893626219,863.1565477093278,123.30807824418969,2.1367303481591393,0.47858750974321823,0.9270074134021302,0.6515883918148478,1.54675780329074,3.5157492434267246,0.365292078831703,4,1,3,3,1,3,1,16,0.4166666666666667,0.3568334404193966,0.7141504561437996,0.03158622049433727,0.39296794208893493,0.49272615240685436,0.47858750974321823,0.6515883918148478,0.30241018913781414,0.4166666666666667
275,0.0513689033687115,0.0687552616000175,0.2178147458136086,0.0438102073967457,0.132080674171448,0.387209802865982,0.06333621941506858,0.015886047646403337,0.0075494172051549,0.0121887503191829,25.68445168435575,34.37763080000875,108.9073729068043,21.90510369837285,66.040337085724,193.604901432991,31.66810970753429,7.943023823201669,3.77470860257745,6.094375159591451,7798.13,0.301,15.6,0.3909811608195307,0.3909811608195307,551.6381715501103,80.59145595103519,88.75,8274.572573251655,441.3105372400883,1331.25,71.00000000000001,16.518500432711196,0.8809866897445973,15734.937237575085,10.738966378378377,865.4689358427288,332369.2278167061,242.83,1737.2058200000001,248.17226000000002,744.5167800000002,21.555707109392234,3.079386729913176,0.16966208034038416,159.63921410110757,RESIDUES,1.2002852641792716,0.34258858419014304,11.336774343654518,1.6195391919506454,96.7327369967804,3110.3660859861875,201.52102144906559,6.220732171972375,0.40304204289813117,38.59424115474409,2.5005258816952427,0.3454332124388256,913.6471501434589,130.52102144906556,2.1547312986789127,0.5145319040239456,0.9538285087316815,0.8595847532632306,1.69103569291729,3.7512169385842453,0.450888525031094,2,3,2,2,1,4,1,15,0.3333333333333333,0.39724282272856293,0.19563154488221682,0.3775236197070734,0.3014477766287487,0.3668089785339194,0.5145319040239456,0.8595847532632306,0.4134033451261645,0.3333333333333333
276,0.115569181740284,0.10896247625351,0.30942642542719817,0.0322938449680805,0.0913515388965607,0.0807188600301743,0.21611397984623867,0.02700730288028714,0.0185564365237951,0,57.784590870142,54.481238126754995,154.7132127135991,16.14692248404025,45.67576944828035,40.35943001508715,108.05698992311933,13.50365144014357,9.27821826189755,0,8831.01,0.408,17.66,0.3110562011450527,0.3110562011450527,256.33000894397503,114.48777740806332,88.75,3844.9501341596256,205.06400715518004,1331.25,71.00000000000001,11.627878801901177,0.6201535361013962,22352.964972860795,10.738966378378377,1229.4803923204595,391426.0658868986,285.97,2045.8293800000004,292.26134,876.78402,17.86941301784686,2.552773288263837,0.2853258707539457,199.2830035114435,RESIDUES,1.1149022003500155,0.30313318351070573,9.962080769823434,1.4231543956890624,127.64267494543259,3701.2668780171534,233.93378367095625,7.402533756034307,0.4678675673419125,32.32892595010299,2.0433079317904586,0.6195253050812357,1140.5364856966935,162.93378367095625,2.3605151485075253,0.9254421960510567,0.9283799892307583,0.6622326542753776,1.71584848028239,3.871999979233435,0.5068833687649732,1,4,3,1,4,3,2,18,0.5833333333333334,0.41527576900393665,0.082334432461584,0.6582345128942072,0.40796277145811793,0.17532543738561915,0.9254421960510567,0.6622326542753776,0.4860120187458641,0.5833333333333334
277,0.0345489382743835,0.0750260427594185,0.22277087521553063,0.040166437625885,0.253500074148178,0.179027244448662,0.16060015377402334,0.01962016156315806,0.0147039880976081,3.61118181899656e-5,17.27446913719175,37.51302137970925,111.38543760776531,20.0832188129425,126.750037074089,89.513622224331,80.30007688701167,9.81008078157903,7.35199404880405,0.0180559090949828,7442.43,0.265,14.88,0.4503983231782914,0.4503983231782914,585.6536805661023,82.42522382974633,88.75,8784.805208491534,468.52294445288186,1331.25,71.00000000000001,16.15100254686317,0.8613868024993694,16092.968025569931,10.738966378378377,885.1617074379581,356715.78855915385,260.61,1864.4039400000004,266.34342000000004,799.0302600000001,22.61933730202572,3.231333900289388,0.21734522070185291,167.238164793618,RESIDUES,1.1991046502023301,0.3582818587405779,11.612191271980683,1.6588844674258119,98.83646918821674,3173.5491721847925,207.73392353526208,6.347098344369585,0.41546784707052414,38.50216019722223,2.520271269925181,0.397971386215262,957.1374647468346,136.73392353526208,2.2587392135532904,0.7222154647589393,0.9213716748098045,0.6078834980782211,1.35945414308206,3.6795435278293755,0.49551982130885736,2,3,2,4,3,3,2,19,0.6666666666666666,0.4513705136114432,0.19396642409333367,0.39270988762654263,0.26421923474663916,0.5091601126449333,0.7222154647589393,0.6078834980782211,0.47127687433998966,0.6666666666666666
278,0.0464351586997509,0.0809649229049683,0.2030813052654262,0.0453078076243401,0.19384591281414,0.22060164809227,0.1784561549127099,0.019014112263917887,0.0122749730944633,1.80559090949828e-5,23.21757934987545,40.48246145248415,101.5406526327131,22.65390381217005,96.92295640706999,110.300824046135,89.22807745635495,9.507056131958944,6.13748654723165,0.0090279545474914,7641,0.285,15.28,0.42609944979846437,0.42609944979846437,521.9047713355715,75.14008294820769,88.75,7828.571570033571,417.5238170684572,1331.25,71.00000000000001,17.716908842349824,0.944901804925324,14670.593492374388,10.738966378378377,806.9268244493647,384838.30167837784,281.16,2011.41864,287.34552,862.03656,26.76891694924564,3.824130992749377,0.2724236260079153,169.01877836005468,RESIDUES,1.2344092288223216,0.39885197624109164,12.873665217764291,1.8390950311091843,92.75361184574234,3105.50509675963,209.18975318718074,6.21101019351926,0.4183795063743615,41.329540438492494,2.7839968360345084,0.4102823208123681,967.3282723102651,138.1897531871807,2.2633515708255554,0.7314254444306104,0.9161267165962534,0.5672090882167619,0.876317679489247,3.651236228724559,0.5996851198654138,2,2,2,3,4,3,3,19,0.6666666666666666,0.46319830171073295,0.2450945807124583,0.3323783142892005,0.28490175801447776,0.4509450776967303,0.7314254444306104,0.5672090882167619,0.6063483141557144,0.6666666666666666
279,0.0473855957388878,0.0814033225178719,0.15947442239522916,0.22180101275444,0.132593214511871,0.216209337115288,0.12155879938602455,0.014277394711971272,0.00517056323587894,1.26391358207911e-4,23.6927978694439,40.70166125893595,79.73721119761458,110.90050637722,66.2966072559355,108.104668557644,60.77939969301228,7.138697355985636,2.58528161793947,0.0631956791039555,6580.65,0.176,13.16,0.3323087779879568,0.3323087779879568,411.78507361710035,59.00553628623479,88.75,6176.776104256505,329.4280588936803,1331.25,71.00000000000001,22.56144226097921,1.2032769205855582,11520.432273831355,10.738966378378377,633.6584703160607,307738.00344601617,224.83,1608.4338200000002,229.77626,689.32878,27.259032308384025,3.894147472626289,0.12142142157272781,136.97943538576112,RESIDUES,1.2945988379455113,0.39074218126690785,13.28622285198475,1.8980318359978212,76.38849870851126,2748.869174915849,182.9943863713983,5.497738349831698,0.36598877274279656,46.58663149134234,3.1013087565833795,0.18876639881469826,783.9607045997881,111.99438637139829,2.215797065901247,0.6364683546399066,0.8985361622825364,0.43079514806413527,0.377033736867108,3.361488310997216,0.5734173504605253,3,1,1,1,3,1,3,13,0.16666666666666666,0.31370640081083856,0.34015974767788487,0.19876077675216436,0.17528438469493282,0.22624218090329076,0.6364683546399066,0.43079514806413527,0.5722868226280025,0.16666666666666666
280,0.0204663332551718,0.0156183997169137,0.15090991546213647,0.10873606801033,0.226750314235687,0.338663399219513,0.11689506071805912,0.013576258346438407,0.00643596984446049,0.00194829015526921,10.2331666275859,7.80919985845685,75.45495773106823,54.368034005165,113.3751571178435,169.3316996097565,58.447530359029564,6.788129173219203,3.217984922230245,0.974145077634605,6384.48,0.155,12.77,0.4715508400052782,0.4715508400052782,661.5981095898893,55.836668720990495,88.75,9923.97164384834,529.2784876719114,1331.25,71.00000000000001,23.84185931026984,1.2715658298810584,10901.732292984738,10.738966378378377,599.6281080753685,363964.4604963024,265.91,1902.3201400000005,271.76002000000005,815.2800600000002,34.06937024674016,4.867052892391451,0.23154186412388167,148.7024020479022,RESIDUES,1.3281298671892452,0.44077920330975817,15.241840297693482,2.1774057568133545,74.15834741269899,2781.931695475923,192.57908391436487,5.563863390951846,0.38515816782872975,49.822665986341704,3.448971586694413,0.26981749186600285,851.0535874005541,121.57908391436487,2.10271930443629,0.41067407572037157,0.9159649530990884,0.5659546197317102,0.661193182992154,3.4589684528838704,0.5537054001920422,4,1,1,4,1,3,3,17,0.5,0.385010434736335,0.39867769162831873,0.1725179395829698,0.15511892450879008,0.5598371332243233,0.41067407572037157,0.5659546197317102,0.5467262804778317,0.5
281,0.016508037224412,0.0314158722758293,0.18057022994756688,0.188916862010956,0.190320864319801,0.224598228931427,0.14684247449040388,0.016489987760782227,0.00433747936040163,0,8.254018612206,15.70793613791465,90.28511497378344,94.458431005478,95.1604321599005,112.2991144657135,73.42123724520194,8.244993880391114,2.168739680200815,0,5901.37,0.105,11.8,0.39254022852331355,0.39254022852331355,515.3625959722692,66.81098508059974,88.75,7730.438939584038,412.2900767778154,1331.25,71.00000000000001,19.92561550161251,1.062699493419334,13044.39341141223,10.738966378378377,717.4809224868999,325320.51128474606,237.68,1700.36272,242.90896,728.72688,25.45034649539606,3.6357637850565805,0.1558570528739928,147.50312591776154,RESIDUES,1.2577989451141816,0.3794045526852847,12.635495334099854,1.8050707620142648,84.03478655641767,2892.920812739433,191.59855575036187,5.7858416254788665,0.3831971115007237,43.30007721409074,2.867770255433599,0.2615258499958478,844.1898902525329,120.59855575036184,2.1823906392771804,0.5697622232738638,0.9085793248655756,0.5086794122613961,1.29915689598893,3.38973816773841,0.36135365186144874,3,2,1,2,2,2,1,13,0.16666666666666666,0.2946222721173191,0.2807282430744998,0.2634012571526804,0.10496380558428134,0.37054417972796666,0.5697622232738638,0.5086794122613961,0.29730321964938616,0.16666666666666666
282,0.128807738423347,0.0739113539457321,0.17264274214208108,0.0533999688923359,0.261391758918762,0.16978619992733,0.11957308231294134,0.015033147901296597,0.00541793135926127,3.61118181899656e-5,64.4038692116735,36.95567697286605,86.32137107104055,26.69998444616795,130.695879459381,84.893099963665,59.78654115647067,7.516573950648298,2.708965679630635,0.0180559090949828,8670.7,0.392,17.34,0.47799184320121946,0.47799184320121946,583.5285809557136,63.877814592570004,88.75,8752.928714335703,466.82286476457085,1331.25,71.00000000000001,20.84056895952175,1.1114970111744937,12471.711692343937,10.738966378378377,685.981703233897,407178.5824668169,297.48,2128.1719200000002,304.02456,912.07368,33.31629194852793,4.759470278361133,0.3161774340228812,166.06603036915104,RESIDUES,1.2932182055031682,0.44175732698281894,14.87886069789362,2.125551528270517,82.60795275886747,2967.6608082426224,206.7755864298179,5.935321616485245,0.41355117285963583,46.45839603579375,3.2370485394450106,0.3898673986288332,950.4291050087254,135.7755864298179,2.223883981767204,0.6526163514960572,0.898348662674128,0.42934109721935243,1.74047185580792,3.595093249395955,0.3584812008006892,3,2,3,4,3,1,1,17,0.5,0.41718483202512274,0.3378408369209548,0.23911033494719,0.39141675284384697,0.5752684341036678,0.6526163514960572,0.42934109721935243,0.2935785041639662,0.5
283,0.160472929477692,0.039944127202034,0.2847040257751939,0.00908411480486393,0.036383830010891,0.258557885885239,0.18102898854017255,0.02422235134243963,0.0051684589125216,4.33341803727672e-4,80.23646473884601,19.972063601017,142.35201288759694,4.542057402431965,18.1919150054455,129.2789429426195,90.51449427008627,12.111175671219813,2.5842294562608,0.216670901863836,9154.83,0.442,18.31,0.34852490763366256,0.34852490763366256,306.6644757379595,105.34048953682174,88.75,4599.967136069393,245.33158059036762,1331.25,71.00000000000001,12.6375907863487,0.6740048419385974,20567.018822000005,10.738966378378377,1131.2479754178478,463649.9912597751,338.74,2423.34596,346.19228000000004,1038.5768400000002,23.004886066652656,3.2864122952360937,0.4267776185980184,211.40856570708044,RESIDUES,1.1506473725380302,0.3758972494919985,11.485930135456899,1.6408471622081284,121.2097575074138,3672.431478672611,243.84764332210898,7.344862957345222,0.48769528664421796,34.86248730018398,2.3148520041467258,0.7033598921906435,1209.9335032547629,172.84764332210898,2.268455004163452,0.74161600741678535,0.9092801411267188,0.514114210153526,1.92869648309944,3.8621096285520333,0.4494974323543536,1,4,4,1,4,2,1,17,0.5,0.4138950653914187,0.12814939559257923,0.5824816512796718,0.4415718717683557,0.26509264690197687,0.74161600741678535,0.514114210153526,0.41159951128353006,0.5
284,0.1994908452034,0.0154063226655126,0.17362480044364956,0.00166114361491054,0.0255328621715307,0.394145965576172,0.17202363181114197,0.016940807819366473,0.00117363408207893,0,99.7454226017,7.7031613327562996,86.81240022182477,0.8305718074552699,12.76643108576535,197.072982788086,86.01181590557098,8.470403909683236,0.586817041039465,0,9543.83,0.482,19.09,0.4168334873765709,0.4168334873765709,386.86784423805784,64.24117616415033,88.75,5803.017663570868,309.49427539044626,1331.25,71.00000000000001,20.72269032868208,1.1052101508630445,12542.655584049242,10.738966378378377,689.8838309342929,551084.3516408553,402.62,2880.34348,411.47764,1234.4329200000002,44.83640636715755,6.405200909593936,0.598019254021188,202.8378583585705,RESIDUES,1.325234939203771,0.4962052099782165,18.070678344858802,2.5815254778369714,85.13465118827651,3182.0154618920637,236.84023299396728,6.364030923784127,0.47368046598793456,49.53233505191926,3.686735628700016,0.6441031171063146,1160.8816309577708,165.84023299396725,2.1677445564010784,0.5405168466484163,0.9035677556039389,0.4698149229943042,2.04290065828182,3.688798323737021,0.33233938109909206,4,2,4,3,2,2,1,18,0.5833333333333334,0.41776502413692107,0.39342757165158065,0.2421194977980175,0.4819027921406412,0.4287457634409883,0.5405168466484163,0.4698149229943042,0.2596803319758393,0.5833333333333334
285,0.179162666201591,0.0103213023394346,0.16864327721297703,0.00153766036964953,0.0801552087068558,0.402052134275436,0.1410022571682926,0.015536620393395387,0.0015889200149104,0,89.58133310079549,5.160651169717299,84.32163860648852,0.7688301848247651,40.0776043534279,201.026067137718,70.5011285841463,7.768310196697693,0.7944600074552,0,9250.12,0.452,18.5,0.4490320477262133,0.4490320477262133,479.1994024243202,62.398012568801505,88.75,7187.991036364803,383.3595219394562,1331.25,71.00000000000001,21.334814126205263,1.1378567533976143,12182.79034586546,10.738966378378377,670.0901590539908,522681.8245250865,381.87,2731.89798,390.27114,1170.81342,43.781810790652116,6.254544398664588,0.5423924366892273,194.16158864109747,RESIDUES,1.3287271112130066,0.49155055741195314,17.808669833601925,2.544095690514561,82.9099309859765,3112.5657631647196,229.74651487296134,6.225131526329439,0.4594930297459227,49.88245033818556,3.6819524439121754,0.5841164972961475,1111.2256041107291,158.7465148729613,2.150590442325814,0.506263419909613,0.8958699631033942,0.41011889598179613,1.90699171813646,3.6779070952449873,0.36013631308901994,4,2,4,4,1,1,1,17,0.5,0.4088820275456637,0.3997587855893745,0.2268554196650465,0.45139607032057916,0.5058868014939055,0.506263419909613,0.41011889598179613,0.2957246929901822,0.5
286,0.00504940096288919,0.00388937001116574,0.1554467171728611,0.0150016183033586,0.379836171865463,0.31545302271843,0.10390215517580556,0.013403405204415337,0.00307251908816397,0.00494568236172199,2.524700481444595,1.94468500558287,77.72335858643055,7.5008091516793,189.9180859327315,157.726511359215,51.95107758790278,6.701702602207669,1.536259544081985,2.472841180860995,6669.27,0.185,13.34,0.5987401638962331,0.5987401638962331,889.8102328129858,57.5152853539586,88.75,13347.153492194786,711.8481862503886,1331.25,71.00000000000001,23.146020954382244,1.2344544509003865,11229.470848567486,10.738966378378377,617.6547156589997,376630.9997395326,275.16,1968.4946400000001,281.2135200000001,843.64056,34.22559112565569,4.889370160807957,0.2563494899326461,153.26284160458658,RESIDUES,1.3212377120444991,0.4430046460074627,15.250796195710748,2.1786851708158212,75.99136402865075,2826.0586107303698,196.30769929591,5.652117221460739,0.39261539859182,49.13578352847137,3.4131396217162076,0.30134778803731055,877.15389507137,125.30769929591,2.043664410397985,0.2927529474339674,0.9424173729439353,0.7710919197423884,1.50375999530808,3.562514408109756,0.39989854543129083,4,1,1,4,1,4,1,16,0.4166666666666667,0.384477323014862,0.38625664073028115,0.1864193292944353,0.1845915201654602,0.8645562376704302,0.2927529474339674,0.7710919197423884,0.34728449310770276,0.4166666666666667
290,0.0969367101788521,0.0484649911522865,0.295639777868986,0.034466527402401,0.0216911975294352,0.331481486558914,0.1365948849320408,0.023344081610441186,0.0110136549919844,3.66732128895819e-4,48.46835508942605,24.23249557614325,147.81988893449298,17.2332637012005,10.8455987647176,165.740743279457,68.2974424660204,11.672040805220593,5.506827495992201,0.1833660644479095,8283.55,0.352,16.57,0.3158697791695593,0.3158697791695593,340.4032762072235,109.3867178115248,88.75,5106.049143108352,272.3226209657788,1331.25,71.00000000000001,12.170124733916658,0.649073319142222,21357.017553255544,10.738966378378377,1174.700284819128,386392.29392317816,282.3,2019.5742,288.5106,865.5318000000001,18.462700411943626,2.637528630277661,0.27546714542379147,194.36068462406755,RESIDUES,1.1256433066578742,0.311510150109573,10.169105468152793,1.4527293525932563,123.13042674181656,3618.3153550595916,229.90929574863765,7.236630710119183,0.4598185914972753,33.07819658044783,2.101802671735478,0.585493021473595,1112.3650702404634,158.90929574863765,2.2681242287475936,0.7409555132971593,0.9394747660975018,0.7482721389052902,1.31896508133143,3.875097055555821,0.6059986540583454,1,4,3,1,4,4,3,20,0.75,0.4347092147037772,0.0958836627982755,0.6159903125210063,0.3516028955532575,0.18685776682913943,0.7409555132971593,0.7482721389052902,0.6145350919558286,0.75
291,0.102579586207867,0.0461021475493908,0.13377225002646412,0.0738731920719147,0.0981638133525848,0.433576285839081,0.08564643256366256,0.011401891276240328,0.00979732070118189,0.00508707389235497,51.2897931039335,23.0510737746954,66.88612501323206,36.93659603595735,49.0819066762924,216.7881429195405,42.82321628183128,5.700945638120164,4.898660350590945,2.5435369461774853,8055.75,0.328,16.11,0.4147659112960102,0.4147659112960102,527.0614637906104,49.49573250979172,88.75,7905.921956859156,421.64917103248837,1331.25,71.00000000000001,26.89625817208866,1.4344671025113955,9663.707341911768,10.738966378378377,531.533007295863,414045.65067128616,302.5,2164.085,309.15500000000003,927.4650000000001,43.72265830335736,6.246094043336766,0.3296267002469437,156.04573642148247,RESIDUES,1.3819828831174699,0.48414632587939677,18.043595142485277,2.577656448926468,68.40225511589304,2755.8639659832916,198.58299409820407,5.5117279319665835,0.39716598819640814,55.67881969295232,4.012123551437863,0.32058836708669486,893.0809586874285,127.58299409820408,2.127707496270453,0.4605706308307805,0.9485132293386321,0.8183650058870773,1.45720792388852,3.554642823303006,0.407290824332156,4,1,3,3,1,4,1,17,0.5,0.40437863436764027,0.5045758441041726,0.1200057556356706,0.327817993795243,0.42379228218667486,0.4605706308307805,0.8183650058870773,0.3568700822481893,0.5
292,0.0789869129657745,0.031561516225338,0.14995849521458166,0.057215441018343,0.0821047499775887,0.463427662849426,0.11007450449466744,0.013276544019579912,0.00437270710244775,0.00902151968330145,39.49345648288725,15.780758112669002,74.97924760729083,28.6077205091715,41.05237498879435,231.713831424713,55.03725224733372,6.638272009789956,2.186353551223875,4.510759841650725,7726.85,0.294,15.45,0.41498756214231264,0.41498756214231264,528.2586275563388,55.48464322939521,88.75,7923.879413345081,422.606902045071,1331.25,71.00000000000001,23.993125349947586,1.279633351997205,10833.001694301378,10.738966378378377,595.8477181567946,423097.99979646516,309.11,2211.37294,315.91042000000004,947.7312600000001,39.85558546095935,5.693655065851336,0.34735587516011185,163.35497684632665,RESIDUES,1.345233639648316,0.47153124503792615,16.849945301470175,2.4071350430671674,74.6398085560676,2862.0109216436913,204.55902906955666,5.724021843287383,0.40911805813911334,51.58203702979614,3.686768395064372,0.37112352110377556,934.9132034868968,133.55902906955666,2.125565709324727,0.4562938992016404,0.92319412562368,0.62201652037083,1.84612752760205,3.5911230636879847,0.3304782491046351,4,1,2,3,1,3,1,15,0.3333333333333333,0.3600131880705988,0.4304927962781544,0.16960265597924226,0.2936918304033092,0.4243233114060998,0.4562938992016404,0.62201652037083,0.25726699680892734,0.3333333333333333
293,0.0436726287007332,0.0924800112843513,0.28057006189227085,0.0669899806380272,0.10558920353651,0.239682212471962,0.13717740243673326,0.02241972431540488,0.0114007629454136,1.80559090949828e-5,21.8363143503666,46.240005642175646,140.28503094613544,33.4949903190136,52.794601768255,119.841106235981,68.58870121836664,11.20986215770244,5.7003814727068,0.0090279545474914,7695.55,0.291,15.39,0.32706518749892666,0.32706518749892666,400.2778050519519,103.81092290014023,88.75,6004.167075779278,320.2222440415615,1331.25,71.00000000000001,12.823795057487171,0.6839357363993159,20268.381271097645,10.738966378378377,1114.8220107330358,321063.08601768926,234.57,1678.11378,239.73054,719.1916200000001,16.16509836459351,2.3092997663705015,0.14751881534077135,173.51233452906183,RESIDUES,1.1263570843854982,0.2602961396211714,9.56590853095465,1.36655836156495,116.92816844516969,3439.1178037097625,212.86368471096097,6.8782356074195246,0.4257273694219219,33.1286699668202,2.0504940979642656,0.4413501937904307,993.0457929767268,141.86368471096097,2.2993002614395626,0.8032079821297378,0.9362017743173496,0.7228902380933554,1.91651008197084,3.797808752649788,0.41943623976226496,1,4,2,1,4,4,1,17,0.5,0.3851482295680165,0.09679638446403369,0.5698146125475654,0.29058945191313346,0.2136796312409521,0.8032079821297378,0.7228902380933554,0.37261907708656367,0.5
294,0.00647430680692196,0.0747828334569931,0.1854443867802619,0.136973083019257,0.272004246711731,0.175229921936989,0.11586799719929675,0.015705394774675356,0.0174998436123133,1.80559090949828e-5,3.23715340346098,37.39141672849655,92.72219339013095,68.48654150962851,136.0021233558655,87.6149609684945,57.933998599648376,7.852697387337678,8.74992180615665,0.0090279545474914,6428.56,0.16,12.86,0.4286430570706725,0.4286430570706725,606.149232964665,68.61442310869691,88.75,9092.238494469975,484.919386371732,1331.25,71.00000000000001,19.401897439129872,1.03476786342026,13396.50250100612,10.738966378378377,736.8479828361245,289976.65349770145,211.86,1515.6464400000002,216.52092000000005,649.56276,22.089327160835538,3.155618165833648,0.08663552505313957,139.85104802632955,RESIDUES,1.2401516505925856,0.3398893230136433,11.665120565049811,1.6664457950071159,85.09229007270852,2868.493500900414,185.34221686632705,5.736987001800828,0.3706844337326541,41.80598438255806,2.701213658427376,0.20862036155688224,800.3955180642894,114.34221686632705,2.197287489619511,0.5995083337171728,0.9170020333038331,0.5739971290500889,1.62966866343297,3.488691985610851,0.3310094817170306,2,2,1,3,2,3,1,14,0.25,0.33253259883079034,0.2537102243520536,0.2783363497501645,0.15977249224405377,0.45703903044636823,0.5995083337171728,0.5739971290500889,0.25795584765299584,0.25
296,0.0259114298969507,0.0342356376349926,0.11334421183168883,0.260383307933807,0.286711394786835,0.116690121591091,0.14402483323216464,0.012175794795155532,0.00650523835793138,1.80559090949828e-5,12.95571494847535,17.1178188174963,56.67210591584441,130.1916539669035,143.3556973934175,58.3450607955455,72.01241661608232,6.087897397577766,3.25261917896569,0.0090279545474914,5448.29,0.058,10.9,0.43611248454451595,0.43611248454451595,576.9300843597207,41.93735837772486,88.75,8653.95126539581,461.5440674877766,1331.25,71.00000000000001,31.74377336811698,1.6930012462995725,8187.9858627212,10.738966378378377,450.36388161639206,314761.65673778875,229.96,1645.1338400000002,235.01912000000002,705.0573600000001,39.22836114717749,5.604051592453926,0.13517736227025623,124.5666941293098,RESIDUES,1.4122505765416449,0.4583114709979571,16.999642595980372,2.4285203708543386,59.22605854757552,2494.533985457258,172.8457291201237,4.989067970914516,0.34569145824024744,59.48238234247573,4.1215216171539115,0.1029462923865652,712.9201038408659,101.84572912012369,2.143936887219234,0.4929775654844954,0.9065196393572177,0.49270664581757423,0.616021148764432,3.1467865904968013,0.40431935980815936,4,1,1,3,1,2,1,13,0.16666666666666666,0.2604301266963898,0.5733565280804163,0.05741141316860344,0.058428128231644304,0.47493422149641346,0.4929775654844954,0.49270664581757423,0.35301697572251023,0.16666666666666666
297,0.0510342642664909,0.0401199869811535,0.14975486783683323,0.0322432592511177,0.203953683376312,0.389902830123901,0.10659997643530325,0.013141484856605528,0.00938395783305168,0.00386571232229471,25.51713213324545,20.05999349057675,74.87743391841661,16.12162962555885,101.976841688156,194.95141506195048,53.299988217651624,6.570742428302764,4.69197891652584,1.932856161147355,7541.65,0.275,15.08,0.48429296121746235,0.48429296121746235,665.4552320212118,55.409301099628294,88.75,9981.828480318176,532.3641856169695,1331.25,71.00000000000001,24.025749713145732,1.2813733180344393,10818.291652532831,10.738966378378377,595.0386215583522,399508.30712899996,291.88,2088.10952,298.30136,894.90408,37.685180620587325,5.383597231512474,0.3011550733940729,157.33765207365718,RESIDUES,1.3398178968477832,0.46095089737680833,16.25133023657639,2.3216186052251984,74.23837326510954,2826.763471906307,199.63926433542213,5.653526943812614,0.39927852867084423,51.0160463281005,3.602991923259638,0.3295205067708424,900.4748503479547,128.6392643354221,2.1223065536741825,0.44978599976617756,0.8868500069385055,0.3401695505255847,0.589121708783111,3.5978226415211427,0.6427968577602116,4,1,2,4,1,1,4,17,0.5,0.40516506229334665,0.42025785835970103,0.16897871345001222,0.27456049638055846,0.5903645992548006,0.44978599976617756,0.3401695505255847,0.6622514276791379,0.5
298,0.0722218453884125,0.0500377714633942,0.12983669734001146,0.178416848182678,0.179105401039124,0.22049880027771,0.15178196901082966,0.013482886850833875,0.00461783446371555,0,36.11092269420625,25.0188857316971,64.91834867000573,89.208424091339,89.55270051956201,110.249400138855,75.89098450541483,6.7414434254169375,2.308917231857775,0,6849.83,0.203,13.7,0.408098151803017,0.408098151803017,489.0828661665328,48.03957801580424,88.75,7336.2429924979915,391.2662929332263,1331.25,71.00000000000001,27.711525683303055,1.47794803644283,9379.403015842427,10.738966378378377,515.8954131432067,379012.781054085,276.9,1980.9425999999996,282.99179999999996,848.9753999999999,41.235636985576804,5.89080528365383,0.26101424788074173,146.00046325109182,RESIDUES,1.3833763171504172,0.4727321659404412,17.393779999561055,2.4848257142230086,66.45681451296342,2682.735264421856,190.3699787540927,5.365470528843712,0.3807399575081854,55.8442720612425,3.962773750665838,0.2511366323915452,835.5898512786487,119.36997875409271,2.1895276222209246,0.5840133889899728,0.9100061979666946,0.5197447475743178,0.985993060192378,3.3339690421076855,0.40963534579211713,4,1,1,3,2,2,1,14,0.25,0.3365475392554852,0.5075677567148177,0.10794667632985602,0.203205791106515,0.40781772049226045,0.5840133889899728,0.5197447475743178,0.359910229914102,0.25
300,0.209597587585449,0.0105248093605042,0.18027691790461522,0.0205269530415535,0.110261097550392,0.352257162332535,0.09932073877751861,0.01479898963868618,0.00236259819939733,7.31791442376561e-5,104.7987937927245,5.2624046802521,90.13845895230762,10.26347652077675,55.130548775196,176.1285811662675,49.66036938875931,7.39949481934309,1.181299099698665,0.03658957211882805,9546.56,0.482,19.09,0.4482483367174864,0.4482483367174864,486.41969939388326,66.70245962470763,88.75,7296.295490908249,389.13575951510666,1331.25,71.00000000000001,19.95803464355135,1.0644285143227388,13023.204549429403,10.738966378378377,716.3154712648764,499054.6704003299,364.61,2608.4199400000007,372.63142000000005,1117.89426,39.10530368259166,5.58647195465595,0.49611826604184756,191.61911203826642,RESIDUES,1.3005100084344536,0.47445458973076327,16.441290294056582,2.3487557562937975,86.74721632912733,3144.239973282283,227.66778600248668,6.288479946564566,0.4553355720049734,47.13829131598631,3.4131842706165365,0.5665381390481179,1096.6745020174067,156.66778600248665,2.1513687972914637,0.5078176432682596,0.9005858290821873,0.4466902198824447,1.67874682531494,3.680521841016449,0.41756538218180084,3,2,4,3,1,2,1,16,0.4166666666666667,0.4191044518806268,0.3501355371041432,0.26250250836970007,0.4819027921406412,0.5040091932999303,0.5078176432682596,0.4466902198824447,0.37019313072452975,0.4166666666666667
301,0.261332750320435,0.0220210589468479,0.20842496047914025,0.0141222644597292,0.0192436575889587,0.320387989282608,0.13277655091881777,0.017741384729743008,0.00394938932731748,0,130.6663751602175,11.010529473423949,104.21248023957013,7.0611322298646,9.621828794479349,160.193994641304,66.38827545940889,8.870692364871504,1.97469466365874,0,10353.73,0.566,20.71,0.3853629952147606,0.3853629952147606,318.4441446904092,77.11723537728189,88.75,4776.662170356138,254.75531575232736,1331.25,71.00000000000001,17.262677966697122,0.9206761582238469,15056.61914501309,10.738966378378377,828.1593979101217,537508.703781074,392.7,2809.3758000000003,401.3394,1204.0182000000002,36.429934064099236,5.2042762948713195,0.5714311240079325,209.499144792202,RESIDUES,1.260696210288481,0.4665160560422663,15.54782792210868,2.221118274586954,97.22140638806404,3358.4149033848526,242.28650078210438,6.716829806769705,0.4845730015642088,43.549472267184186,3.141794432810801,0.6901584000507986,1199.0055054747306,171.28650078210435,2.191472804384938,0.5878975391393957,0.9170753911928432,0.5745660161074649,1.95105466179393,3.7518735952055016,0.3873336092312144,3,3,4,2,2,3,1,18,0.5833333333333334,0.44603669900604936,0.28523811024711176,0.3487520150471467,0.5656670113753879,0.3533490249832329,0.5878975391393957,0.5745660161074649,0.3309915044900436,0.5833333333333334
302,0.08962482213974,0.00734084285795689,0.20572862944006967,0.00751125812530518,0.170555725693703,0.345820844173431,0.152692192196846,0.01827329137921336,0.00230796448886395,1.44447272759862e-4,44.81241106987,3.670421428978445,102.86431472003484,3.75562906265259,85.2778628468515,172.9104220867155,76.34609609842299,9.136645689606679,1.1539822444319752,0.072223636379931,7945.03,0.317,15.89,0.4737613006383182,0.4737613006383182,584.2091942428054,76.11959289282578,88.75,8763.137913642082,467.3673553942444,1331.25,71.00000000000001,17.488926955696705,0.9327427709704911,14861.836190750633,10.738966378378377,817.4457488119057,451104.2568050757,329.57,2357.74378,336.82054,1010.46162,30.974203754868157,4.424886250695452,0.40220659095803785,186.69146257911817,RESIDUES,1.2456367741649867,0.4335301678577596,14.036761601407777,2.005251657343968,94.81736414177156,3217.168327444715,223.63893980468706,6.43433665488943,0.4472778796093741,42.26465493548286,2.9379944283144592,0.5324690005486068,1068.4725786328092,152.63893980468703,2.1640795591504345,0.5331985605351235,0.9063566556045115,0.4914427143068899,1.98679381385173,3.6940787348061463,0.34884063337284543,3,2,3,4,2,2,1,17,0.5,0.404993645690506,0.2620044677382859,0.340490082753162,0.3164426059979318,0.565132936078742,0.5331985605351235,0.4914427143068899,0.28107755287631236,0.5
303,0.0833941623568535,0.00754708470776677,0.17562017206847688,0.00567470164969563,0.11482135951519,0.367883652448654,0.2193794922530648,0.018732685551047325,0.00572537025436759,0.00122136517893523,41.69708117842675,3.7735423538833848,87.81008603423844,2.8373508248478148,57.410679757595,183.941826224327,109.6897461265324,9.366342775523663,2.862685127183795,0.610682589467615,7774.86,0.299,15.55,0.45951635581999983,0.45951635581999983,512.7558321342614,64.97946366533644,88.75,7691.337482013921,410.2046657074091,1331.25,71.00000000000001,20.487242043983827,1.0926529090124708,12686.801230226769,10.738966378378377,697.8122755871074,501678.9608217591,366.52,2622.08408,374.58344,1123.75032,40.3525041927787,5.764643456111243,0.5012579820714753,190.91757222140262,RESIDUES,1.3100121109043084,0.4791073550654736,16.81545811096645,2.402208301566636,85.12388436165719,3121.7217249246387,227.0942070482188,6.243443449849277,0.4541884140964376,48.04166653332865,3.494861210579107,0.561687782426406,1092.6594493375314,156.09420704821878,2.178243070521536,0.5614803357982247,0.9212326944917817,0.6068057121001875,1.72505448034178,3.6318628535549595,0.38117203938812744,3,2,2,4,2,3,1,17,0.5,0.42022772831496413,0.3664714755548428,0.24823359322130942,0.29886246122026894,0.5310050179867829,0.5614803357982247,0.6068057121001875,0.3230017792959183,0.5
308,0.0659361034631729,0.0406357124447823,0.21487486678361886,0.0367658361792564,0.0612429715692997,0.441048890352249,0.11505706742405929,0.017522121936082848,0.00577789079397917,0.00113853486254811,32.96805173158645,20.31785622239115,107.43743339180944,18.3829180896282,30.62148578464985,220.5244451761245,57.52853371202964,8.761060968041424,2.888945396989585,0.569267431274055,7841.87,0.306,15.68,0.3810250631570817,0.3810250631570817,483.3526049706339,79.50370070993898,88.75,7250.289074559508,386.6820839765071,1331.25,71.00000000000001,16.744503565399146,0.8930401901546213,15522.560376448626,10.738966378378377,853.7875688806919,398074.86670921213,290.83,2080.59782,297.22826,891.6847799999999,26.169823560677326,3.7385462229539037,0.2983476567137622,175.67474592065085,RESIDUES,1.219678821273208,0.39595383584688354,12.646225230712796,1.8066036043875424,96.96897996875629,3190.459274733761,214.6316722647242,6.3809185494675225,0.42926334452944837,40.12969517449032,2.6996437945421636,0.4563008297485536,1005.4217058530692,143.6316722647242,2.173487450910911,0.5519842891230399,0.9507497587544296,0.8357091887044584,1.32957645814391,3.7346070738440935,0.5311683947362879,2,3,2,2,2,4,2,17,0.5,0.43397977626321926,0.22339750732941133,0.368515422587979,0.30558428128231646,0.34295624411667797,0.5519842891230399,0.8357091887044584,0.517502481206611,0.5
309,0.104052044451237,0.119219288229942,0.15922279773652595,0.0435033924877644,0.0489659756422043,0.353777647018433,0.13862438294291482,0.014862270042300244,0.0111161982640624,0.00665605720132589,52.026022225618505,59.609644114971005,79.61139886826298,21.7516962438822,24.48298782110215,176.8888235092165,69.31219147145741,7.431135021150122,5.5580991320312,3.328028600662945,8865,0.412,17.73,0.35462414786964686,0.35462414786964686,388.7580667478595,58.912435162514605,88.75,5831.371001217893,311.00645339828765,1331.25,71.00000000000001,22.59709679845421,1.2051784959175582,11502.254908486635,10.738966378378377,632.6586604786404,414566.916188118,302.88,2166.8035200000004,309.54336,928.63008,36.780070523696764,5.254295789099538,0.33064760735031745,163.9906951867439,RESIDUES,1.3225682633401106,0.45856215271149003,15.93129776597596,2.275899680853709,77.9157170620238,2902.460207171413,205.07879238468183,5.804920414342826,0.41015758476936365,49.26736094280855,3.481078176771267,0.3755187964507557,938.5515466927726,134.0787923846818,2.2387491883316097,0.6822992754743512,0.9555226682159165,0.8727228821913919,1.5297446027557,3.667555770957142,0.44751299675856493,4,1,3,1,3,4,1,17,0.5,0.4366900875477851,0.3886359848841288,0.19798976389670297,0.4115822130299897,0.27970515497776643,0.6822992754743512,0.8727228821913919,0.40902628798499346,0.5
310,0.169323831796646,0.026402810588479,0.09858280441910044,0.0533320493996143,0.0651891678571701,0.486298888921738,0.08074201749265197,0.009022920049726975,0.00427184673026204,0.00683371257036924,84.661915898323,13.2014052942395,49.29140220955022,26.66602469980715,32.59458392858505,243.149444460869,40.371008746325984,4.511460024863487,2.13592336513102,3.41685628518462,8940.6,0.42,17.88,0.43788299698755156,0.43788299698755156,512.5388747739422,36.475637635067166,88.75,7688.083121609133,410.03109981915384,1331.25,71.00000000000001,36.49696307762842,1.946504697473516,7121.621791235815,10.738966378378377,391.7106461928993,487509.40008383064,356.17,2548.04018,364.00574,1092.01722,69.85594619325722,9.97942088475103,0.47350666390073187,162.16239889899094,RESIDUES,1.4885230660637905,0.5447050596653538,25.444047083263442,3.6348638690376345,54.294827969181966,2651.0484875716043,203.583977339815,5.3020969751432085,0.40716795467962996,72.67997653927024,5.58136856651115,0.36287818961336027,928.087841378705,132.583977339815,2.087849475091206,0.380981920948894,0.9497228487301821,0.8277455486683629,1.85169844583036,3.5310690225622925,0.2982368893974397,4,1,3,3,1,4,1,17,0.5,0.3310377150103827,0.812011609996885,0.012180413399091625,0.4193381592554291,0.47917600020509693,0.380981920948894,0.8277455486683629,0.21545953369391416,0.5
311,0.163110896945,0.0831854939460754,0.19234094963967807,0.0432535968720913,0.0401162877678871,0.335174053907394,0.11918879896402391,0.016254685357213035,0.0073572127148509,1.80559090949828e-5,81.5554484725,41.5927469730377,96.17047481983903,21.62679843604565,20.05814388394355,167.587026953697,59.59439948201196,8.127342678606517,3.67860635742545,0.0090279545474914,9416.05,0.469,18.83,0.3569805053547026,0.3569805053547026,361.6921701272574,71.16615136668088,88.75,5425.3825519088605,289.3537361018059,1331.25,71.00000000000001,18.706224440054164,0.9976653034695557,13894.710201970342,10.738966378378377,764.2509068053723,441887.2459029974,322.84,2309.59736,329.94248,989.82744,32.45359367685753,4.636227668122503,0.38415492324175404,180.55863081712747,RESIDUES,1.2654809479851101,0.4407179072694602,14.520571030575592,2.0743672900822276,90.05940869595916,3128.874062697956,218.62473655608346,6.257748125395913,0.43724947311216694,43.96576184900813,3.0720325935517834,0.4900673856558183,1033.373155892584,147.62473655608343,2.234816638727649,0.6744467393908807,0.9439380825789913,0.7828849530627923,2.00406251499304,3.714191445518026,0.3549368281786756,3,2,4,1,3,4,1,18,0.5833333333333334,0.4346853794948215,0.292765968943911,0.29946837492810635,0.468459152016546,0.28535049627399556,0.6744467393908807,0.7828849530627923,0.2889825060731157,0.5833333333333334
312,0.0830965787172318,0.0919138789176941,0.35194259357452407,0.069304421544075,0.0586105994880199,0.123225815594196,0.1763768230676647,0.028274418711662287,0.0172187648713589,3.61118181899656e-5,41.548289358615904,45.95693945884705,175.97129678726202,34.6522107720375,29.30529974400995,61.612907797098,88.18841153383235,14.137209355831144,8.60938243567945,0.0180559090949828,8102.29,0.333,16.2,0.26409741753339727,0.26409741753339727,239.82415048480001,130.21875962257388,88.75,3597.362257272,191.85932038784,1331.25,71.00000000000001,10.223181389981717,0.545236340799025,25424.332959823616,10.738966378378377,1398.4148814209568,329271.42017647496,240.56,1720.9662400000002,245.85232000000002,737.55696,13.215962469524742,1.8879946385035344,0.1635949730358014,194.23086375630024,RESIDUES,1.0730246142981763,0.19258869406260296,8.53657401339088,1.219510573341554,139.72793431839926,3841.2869608710143,229.80315420715112,7.682573921742029,0.4596063084143022,29.498721781750973,1.7647469141405792,0.5845954565877893,1111.6220794500578,158.8031542071511,2.3717639505857595,0.9479038642080673,0.9116933252511221,0.5328283421162076,1.83170600532591,3.9063180784540896,0.4960567572964756,1,4,3,1,4,2,2,17,0.5,0.31806889457030935,0.031155210130105065,0.7885099492345299,0.3324715615305067,0.06282198151152295,0.9479038642080673,0.5328283421162076,0.47197312076698084,0.5
313,0.0416133478283882,0.0529730245471001,0.184447367012501,0.0297853611409664,0.323482751846313,0.155072629451752,0.17830399042367923,0.017840422511100778,0.0164450388401747,3.61118181899656e-5,20.8066739141941,26.48651227355005,92.2236835062505,14.8926805704832,161.74137592315648,77.536314725876,89.15199521183962,8.920211255550388,8.22251942008735,0.0180559090949828,7316.38,0.252,14.63,0.5198979469537731,0.5198979469537731,676.458074869513,68.24552579462537,88.75,10146.871123042694,541.1664598956104,1331.25,71.00000000000001,19.506773293918144,1.0403612423423012,13324.47779298307,10.738966378378377,732.886406983236,393343.03491082735,287.37,2055.84498,293.69214,881.07642,30.12424559797159,4.303463656853085,0.2890802861723508,165.94265742713074,RESIDUES,1.2677208547882062,0.4225470389145327,13.916267856811643,1.988038265258806,86.51627629583304,3013.859423970191,206.6747167124221,6.027718847940382,0.4133494334248442,44.162007529108166,3.028399507601107,0.3890144138774568,949.7230169869548,135.6747167124221,2.2260902119274184,0.6570217636805792,0.934874191284597,0.7125948926967448,1.30691384434683,3.5914637016207296,0.4631502510455436,3,2,2,4,3,4,2,20,0.75,0.4733275591586689,0.2963147239792342,0.27528134289171713,0.25129265770424,0.675666722384937,0.6570217636805792,0.7125948926967448,0.4293031602310806,0.75
314,0.00548990396782756,0.0146830128505826,0.16608131892979192,0.211395606398582,0.323095053434372,0.106051750481129,0.14945369830727576,0.015673450246453315,0.00807624682784081,0,2.74495198391378,7.3415064252913,83.04065946489595,105.69780319929099,161.547526717186,53.025875240564496,74.72684915363787,7.836725123226658,4.038123413920405,0,5319.9,0.045,10.64,0.4614294549357148,0.4614294549357148,632.7479219580446,61.450088004023,88.75,9491.218829370668,506.1983375664357,1331.25,71.00000000000001,21.663923409073817,1.1554092484839371,11997.714479488166,10.738966378378377,659.9104290235955,307384.99596536637,224.57,1606.57378,229.51054,688.53162,26.144369067377433,3.7349098667682044,0.12073005060552891,138.80144399113175,RESIDUES,1.2808578028542972,0.38192348046875474,12.927376510803994,1.846768072971999,78.70882470603611,2785.548853273641,184.48406060714933,5.571097706547282,0.36896812121429867,45.33026629825619,3.002177321455936,0.20136353341980517,794.3884242500452,113.48406060714932,2.150411959006004,0.5059070234619512,0.9355620981834049,0.7179295790773425,0.8543758503393,3.2819652120195344,0.4152426202194702,3,2,1,4,1,4,1,16,0.4166666666666667,0.3286040041444148,0.3174406116291495,0.2190052241330524,0.044984488107549174,0.5355884046376711,0.5059070234619512,0.7179295790773425,0.36718119866127313,0.4166666666666667
315,0.00350272096693516,0.0255027897655964,0.1925060165375472,0.0830579474568367,0.380954146385193,0.170119881629944,0.11657668988406705,0.01617309734225275,0.0101802889257669,0.00142641679849476,1.75136048346758,12.7513948827982,96.2530082687736,41.52897372841835,190.4770731925965,85.059940814972,58.288344942033525,8.086548671126376,5.09014446288345,0.71320839924738,6302.37,0.147,12.6,0.5341403412967924,0.5341403412967924,778.7323030360046,71.22722611889246,88.75,11680.984545540068,622.9858424288037,1331.25,71.00000000000001,18.690184533901096,0.9968098418080586,13906.634634672408,10.738966378378377,764.9067865159403,321737.56391838833,235.06,1681.61924,240.23132000000004,720.6939600000001,23.609219839518133,3.372745691359734,0.148839791422361,149.93985763039984,RESIDUES,1.2361912641937236,0.36212091538160535,12.047862031829014,1.721123147404145,88.05047470092588,2954.292579706245,193.59082759861496,5.90858515941249,0.3871816551972299,41.47701294410849,2.717932989212204,0.2783731015895874,858.1357931903044,122.59082759861492,2.125081208025049,0.4553264444149602,0.9070254289444523,0.4966290208179479,0.343705337481299,3.523681218329562,0.6649866875833972,2,2,1,4,1,2,4,16,0.4166666666666667,0.3983429881984047,0.24776135939828575,0.29997416279851674,0.14632885211995864,0.709788530069786,0.4553264444149602,0.4966290208179479,0.691025043317135,0.4166666666666667
316,0.0373207554221153,0.0623419210314751,0.20079970270395248,0.0667480006814003,0.160148575901985,0.233782902359962,0.20895705243945145,0.019944588035345066,0.00993849989026785,1.80559090949828e-5,18.66037771105765,31.17096051573755,100.39985135197624,33.37400034070015,80.0742879509925,116.89145117998099,104.47852621972572,9.972294017672533,4.969249945133925,0.0090279545474914,7195.04,0.239,14.39,0.4101512250304219,0.4101512250304219,479.63015341445737,74.29589000046242,88.75,7194.45230121686,383.7041227315659,1331.25,71.00000000000001,17.91821862544098,0.9556383266901858,14505.770523333525,10.738966378378377,797.8610647666642,400517.9006083307,292.62,2093.40348,299.05764,897.1729200000001,28.17657181288185,4.025224544697407,0.303132378857962,172.3892639752661,RESIDUES,1.2417244119994055,0.41087668657212056,13.27958027795484,1.8970828968506914,92.25502032479672,3115.7293003499076,211.94546222617757,6.231458600699815,0.42389092445235516,41.9367652817742,2.852721223540877,0.4335854275343904,986.6182355832431,140.94546222617757,2.2603798903327044,0.7254915769276665,0.8689097638315558,0.20104378985489293,0.542023254673243,3.5998291812602887,0.6554015214607738,2,2,2,3,3,1,4,17,0.5,0.3878266149246005,0.25607516494274996,0.325387167574821,0.23888314374353675,0.41273645593387237,0.7254915769276665,0.20104378985489293,0.678595931060017,0.5
317,0.257786482572556,0.0391249544918537,0.23776274108886766,0.044372234493494,0.0595520660281181,0.134619191288948,0.19475199142098473,0.021762171953916595,0.0101959640160203,7.22236363799311e-5,128.893241286278,19.56247724592685,118.88137054443384,22.186117246747,29.77603301405905,67.309595644474,97.37599571049236,10.881085976958298,5.09798200801015,0.03611181818996555,10059.45,0.535,20.12,0.3640119846463208,0.3640119846463208,240.02749130681156,87.97221420288103,88.75,3600.4123696021734,192.02199304544925,1331.25,71.00000000000001,15.13261899865199,0.8070730132614397,17175.9804162598,10.738966378378377,944.7306505562401,523510.89395054244,382.47,2736.19038,390.88434,1172.65302,31.10289316681075,4.443270452401536,0.5440161828191886,214.11021667079638,RESIDUES,1.2155834546882152,0.4401908210557786,13.92934806920173,1.9899068670288185,106.9375680573098,3501.3762426065423,246.05651315004312,7.002752485213085,0.49211302630008624,39.8009334462321,2.796979880290258,0.7220387616238774,1225.395592050302,175.05651315004312,2.235001086407146,0.6748150455038676,0.8790187200853485,0.27943828094463985,1.05259940779895,3.719754079070634,0.5915922663773507,2,3,4,2,3,1,3,18,0.5833333333333334,0.4330798445892193,0.21745243461248215,0.43864704408515953,0.5351602895553258,0.30219645477999574,0.6748150455038676,0.27943828094463985,0.5958542879493105,0.5833333333333334
318,0.116488941013813,0.0210877265781164,0.16931467826664426,0.0233647525310516,0.15127620100975,0.319220393896103,0.17906006267666819,0.01691822542250155,0.00278252200223505,4.86554024973884e-4,58.2444705069065,10.5438632890582,84.65733913332213,11.6823762655258,75.638100504875,159.6101969480515,89.5300313383341,8.459112711250775,1.391261001117525,0.243277012486942,8258.02,0.349,16.52,0.46712001251429286,0.46712001251429286,529.4044667591894,62.64643095865837,88.75,7941.067001387841,423.52357340735153,1331.25,71.00000000000001,21.250212975077837,1.1333446920041514,12231.29235798238,10.738966378378377,672.7579157904345,484614.00945968024,354.06,2532.94524,361.84932000000003,1085.54796,40.432394970298326,5.776056424328333,0.46783599365727785,184.72797979459256,RESIDUES,1.31849382922426,0.4782579794537859,16.876223557860826,2.4108890796944036,82.59893264191471,3061.2430897508466,222.03359628005887,6.122486179501693,0.44406719256011773,48.86540291131704,3.544233771698555,0.518893731552307,1057.235173960412,151.03359628005887,2.1830460042134594,0.5710708594840185,0.9063402114600982,0.49131519072282054,1.48481901452444,3.6110069490693912,0.4294817165069774,3,2,3,4,2,2,1,17,0.5,0.4269159980497247,0.3813672868546131,0.22891268561908912,0.3490175801447777,0.5492217942657972,0.5710708594840185,0.49131519072282054,0.3856450754405835,0.5
319,0.172527670860291,0.0451051145792007,0.271317229360342,0.0566787123680115,0.0836457014083862,0.139242067933083,0.1833578350245952,0.023464976847171783,0.0246607288718224,0,86.2638354301455,22.55255728960035,135.658614680171,28.33935618400575,41.8228507041931,69.6210339665415,91.6789175122976,11.732488423585892,12.3303644359112,0,8834.79,0.409,17.67,0.3429419767409567,0.3429419767409567,285.42171523869064,100.38737486332654,88.75,4281.325728580359,228.33737219095252,1331.25,71.00000000000001,13.261129716883666,0.707260251567129,19599.956648991105,10.738966378378377,1078.0566434709303,439154.2023190506,320.84,2295.2893599999998,327.89848,983.6954400000001,22.864322960182452,3.2663318514546362,0.37880221235145833,201.52698808103582,RESIDUES,1.1592354414763353,0.3718769851607161,11.48928597600709,1.6413265680010127,116.3726028183387,3562.685901656315,235.76846545505492,7.12537180331263,0.47153693091010984,35.489382071269134,2.348586819568142,0.6350399275652427,1153.3792581853843,164.7684654550549,2.3091925861685207,0.8229610290602362,0.9033705788648875,0.46828582644619415,1.76777267999554,3.7608625797898436,0.43699113914472765,1,4,3,1,4,2,1,16,0.4166666666666667,0.39740748105383367,0.1394856755778111,0.5414626502704385,0.40847983453981396,0.25171710837589456,0.8229610290602362,0.46828582644619415,0.39538256519889303,0.4166666666666667
320,0.306460589170456,0.00269743544049561,0.2534151269495491,0.00156113575212657,0.00629378948360682,0.212411746382713,0.19314957886934261,0.02268716529011728,0.00132345675956458,0,153.230294585228,1.348717720247805,126.70756347477455,0.7805678760632849,3.14689474180341,106.2058731913565,96.5747894346713,11.343582645058639,0.66172837978229,0,10773.06,0.609,21.55,0.37364832933992126,0.37364832933992126,218.32672716360517,93.76359697133316,88.75,3274.9009074540772,174.66138173088413,1331.25,71.00000000000001,14.197940810728605,0.7572235099055257,18306.708770835427,10.738966378378377,1006.9241153909674,587189.3402371651,429,3069.066,438.438,1315.314,32.731956741573406,4.675993820224772,0.6687314690727989,234.72894279253177,RESIDUES,1.2088345326882597,0.4528462871968956,14.327529326769993,2.0467899038242847,113.34467392801183,3681.5748007811853,262.914383627174,7.3631496015623705,0.525828767254348,39.26443651587697,2.8040134137298103,0.8645939985068011,1343.4006853902179,191.91438362717398,2.1567565539191107,0.5185759445201862,0.8929308313031673,0.38732606396830016,1.76235986767452,3.8058095204556417,0.46142742097771733,2,4,4,2,2,1,2,17,0.5,0.4243167209596159,0.2077508392343688,0.48660812540136505,0.609100310237849,0.32528312774387924,0.5185759445201862,0.38732606396830016,0.427069161566998,0.5
321,0.0217968765646219,0.0181182995438576,0.1531329902261498,0.00295115308836102,0.362796872854233,0.296288192272186,0.12875218811631242,0.014132975086569813,0.00172353826928884,3.0695044551976e-4,10.89843828231095,9.0591497719288,76.5664951130749,1.47557654418051,181.3984364271165,148.144096136093,64.37609405815621,7.066487543284906,0.8617691346444201,0.15347522275988,7108.47,0.23,14.22,0.5932819888740781,0.5932819888740781,847.9944196841867,56.65920638367542,88.75,12719.916295262801,678.3955357473494,1331.25,71.00000000000001,23.495740321268567,1.2531061504676573,11062.32721393706,10.738966378378377,608.4613123798919,402897.3834257175,294.35,2105.7799000000005,300.82570000000004,902.4771000000002,37.1657147073404,5.309387815334342,0.30779263516148747,159.21446791060814,RESIDUES,1.3330173206966005,0.45909812158787794,16.08240391818356,2.297486274026223,75.52770348636273,2850.9275551258843,201.17374896371325,5.701855110251769,0.4023474979274265,50.31711061783051,3.5505924244938805,0.3424965715695365,911.2162427459924,130.17374896371322,2.0885958141219865,0.38247221471754766,0.8809728669149413,0.2945925997857257,1.86063329689204,3.5761140104833493,0.31919803269531233,4,1,2,4,1,1,1,14,0.25,0.32627093811378116,0.4076188457713806,0.17932974900792642,0.23009307135470533,0.8514795882019016,0.38247221471754766,0.2945925997857257,0.2426399080091681,0.25
322,0.0070418044924736,0.0152457458898425,0.19124396708607705,0.0243512894958258,0.275029301643372,0.29789787530899,0.1612284890413281,0.01766556319594384,0.00740156089887023,0.00289440038613975,3.5209022462368,7.62287294492125,95.62198354303852,12.1756447479129,137.51465082168602,148.94893765449498,80.61424452066406,8.83278159797192,3.700780449435115,1.447200193069875,6691.2,0.187,13.38,0.5169461676627398,0.5169461676627398,713.2547410275046,70.7602678218485,88.75,10698.821115412567,570.6037928220037,1331.25,71.00000000000001,18.813524043629364,1.0033879489935662,13815.464182298205,10.738966378378377,759.8921370638805,391712.7593102912,286.18,2047.33172,292.47596,877.42788,28.933351766764364,4.133335966680623,0.28588736454737934,167.45513149242984,RESIDUES,1.255431472858392,0.4148608166453636,13.544030259613544,1.9348614656590777,88.83466725143754,3049.521345621355,207.91131550821066,6.09904269124271,0.4158226310164213,43.096520681621286,2.9382494146526437,0.3994714662377723,958.3792085574747,136.91131550821066,2.147353846174889,0.4998005674036558,0.9418344079009178,0.7665710526297892,1.66752869583728,3.614551154109208,0.38640785047225373,3,2,1,4,1,4,1,16,0.4166666666666667,0.40133255235066084,0.27704728424164454,0.2961070682286671,0.1866597724922441,0.6685948745712212,0.4998005674036558,0.7665710526297892,0.3297910704661643,0.4166666666666667
326,0.144748821854591,0.0884293541312218,0.13641280157864116,0.0167919248342514,0.06447983533144,0.420394271612167,0.10556181474030041,0.012268407374620458,0.00675416830927134,0.00415863050147891,72.3744109272955,44.2146770656109,68.20640078932058,8.3959624171257,32.23991766572,210.1971358060835,52.7809073701502,6.1342036873102295,3.37708415463567,2.079315250739455,9398.48,0.467,18.8,0.40596649312227945,0.40596649312227945,463.4167862971125,50.472736584097234,88.75,6951.251794456687,370.73342903769003,1331.25,71.00000000000001,26.37562553759856,1.4067000286719233,9854.460786041038,10.738966378378377,542.0250212013685,457517.6476617859,334.26,2391.2960399999997,341.61372,1024.84116,47.377974761000786,6.7682821087143985,0.4147673226214756,167.79737310655037,RESIDUES,1.3858629172794141,0.49800343114177476,19.026864615579196,2.7181235165113145,69.9482939655124,2833.6129469647776,208.1911322519157,5.6672258939295554,0.41638226450383137,56.14145653155613,4.124823545183238,0.40183768101186135,960.3379257634092,137.19113225191563,2.1757957567567345,0.5565935265825646,0.9453211302705005,0.793610424338626,1.67205778231208,3.6666420951724943,0.4120737582447543,4,1,4,3,2,4,1,19,0.6666666666666666,0.44838414279743516,0.5129418107317406,0.12809677184500928,0.4669079627714582,0.40271071068744374,0.5565935265825646,0.793610424338626,0.3630721262980831,0.6666666666666666
327,0.16575562953949,0.0461341887712479,0.23777205169200877,0.0555977672338486,0.0553813874721527,0.260888457298279,0.14553288969397507,0.020030406385660143,0.012907269410789,0,82.877814769745,23.06709438562395,118.88602584600439,27.7988836169243,27.69069373607635,130.4442286491395,72.76644484698754,10.015203192830072,6.4536347053945,0,8936.36,0.419,17.87,0.3514850789308548,0.3514850789308548,332.45747634872805,87.97565912604324,88.75,4986.862145230921,265.96598107898245,1331.25,71.00000000000001,15.132026440321525,0.8070414101504815,17176.653014230713,10.738966378378377,944.7676454702552,441503.48190801166,322.56,2307.59424,329.65632,988.96896,26.22991703527786,3.747131005039695,0.3834033151344669,193.08558763278754,RESIDUES,1.1982076782076962,0.4013963677058918,12.561058889672347,1.7944369842389067,105.413110260208,3381.085080610225,228.86677644856707,6.76217016122045,0.45773355289713413,38.43205170837225,2.601478394389388,0.5766771638610819,1105.0674351399696,157.8667764485671,2.263030266216188,0.7307838616680427,0.9282341189832745,0.6611014372110701,1.68881971755324,3.7334863649165735,0.4423181423251223,2,3,3,1,4,3,1,17,0.5,0.4291466081657003,0.19269863642688184,0.43867557306459604,0.41882109617373325,0.27218460021293894,0.7307838616680427,0.6611014372110701,0.40229010542053584,0.5
328,0.118286788463593,0.074567511677742,0.18767259359359736,0.0347870439291,0.0448830053210258,0.345596164464951,0.1703199250102047,0.017761629164218914,0.00590869970619678,2.16670901863836e-4,59.1433942317965,37.283755838871,93.83629679679868,17.39352196455,22.4415026605129,172.7980822324755,85.15996250510236,8.880814582109457,2.95434985309839,0.108335450931918,8746.37,0.4,17.49,0.3708652588725096,0.3708652588725096,380.2399874991181,69.43885962963103,88.75,5703.599812486772,304.19198999929455,1331.25,71.00000000000001,19.171541800953303,1.0224822293841764,13557.468161201472,10.738966378378377,745.7015789155432,454384.458051599,331.97,2374.91338,339.27334,1017.82002,34.20150320248886,4.885929028926981,0.4086309191457616,182.40764774516035,RESIDUES,1.2765647007205478,0.45052972333295077,15.034167541680421,2.14773822024006,88.64319706147606,3120.907028490645,220.1364927964431,6.2418140569812905,0.4402729855928862,44.9446757210121,3.170220449624236,0.5028512523515596,1043.9554495751017,149.1364927964431,2.236472541177573,0.6777532542599213,0.9112039850400674,0.5290335312720126,1.96817533404936,3.6872142709325813,0.3498867414285353,3,2,3,2,3,2,1,16,0.4166666666666667,0.3946398471724302,0.3104678899780506,0.2851638844860768,0.3991726990692864,0.3186154711002511,0.6777532542599213,0.5290335312720126,0.2824340441766099,0.4166666666666667
329,0.0938428416848183,0.0737552121281624,0.24639383846521332,0.0252223797142506,0.118554823100567,0.241032138466835,0.1682504678070548,0.021370569497346857,0.0115597099065781,1.80559090949828e-5,46.92142084240915,36.8776060640812,123.19691923260666,12.6111898571253,59.2774115502835,120.5160692334175,84.1252339035274,10.685284748673428,5.779854953289051,0.0090279545474914,8405.62,0.364,16.81,0.3808028318285945,0.3808028318285945,420.6129608576001,91.16572023212893,88.75,6309.194412864002,336.4903686860801,1331.25,71.00000000000001,14.602528193824726,0.7788015036706523,17799.490890727007,10.738966378378377,979.025604433482,405420.6502599509,296.2,2119.0148,302.7164000000001,908.1492000000001,23.24354806394882,3.320506866278403,0.31273449483107196,186.155038313735,RESIDUES,1.1798869019141487,0.3715224905005571,11.686437759328923,1.6694911084755601,107.56523920545864,3375.6781197106507,223.20035932530973,6.751356239421301,0.4464007186506195,37.02793233153203,2.4482926121462123,0.5287602317444645,1065.4025152771683,152.20035932530973,2.287537732953864,0.7797205023345013,0.9274531539095519,0.6550450889614295,1.90187122953026,3.7763674389484025,0.41201082664442185,1,3,3,2,4,3,1,17,0.5,0.42720008511124247,0.16730762804281632,0.46509392360880186,0.3640124095139607,0.3424238241829535,0.7797205023345013,0.6550450889614295,0.3629905227123919,0.5
330,0.0253314599394798,0.0462209843099117,0.2856149224638938,0.132578909397125,0.183978617191315,0.119569391012192,0.1687426021099089,0.023847023785114274,0.0141161466017365,0,12.6657299697399,23.11049215495585,142.80746123194692,66.2894546985625,91.9893085956575,59.784695506096,84.37130105495446,11.923511892557137,7.058073300868251,0,6447.38,0.162,12.89,0.35272385561466246,0.35272385561466246,432.1906934192783,105.67752131164072,88.75,6482.860401289175,345.7525547354227,1331.25,71.00000000000001,12.597286381028683,0.6718552736548632,20632.82199879169,10.738966378378377,1134.8673483160742,305441.7354860339,223.15,1596.4151,228.0593,684.1779,15.106477519397966,2.1580682170568526,0.11692414293852307,170.80057900492287,RESIDUES,1.118602397616968,0.23459296883296948,9.250083287611108,1.32144046965873,118.21112871341953,3443.643222077049,210.64655339442496,6.887286444154098,0.4212931067888499,32.58633604701817,1.9932957433135932,0.42260146271801513,977.5258737609745,139.64655339442496,2.3035489315560045,0.8116917493433846,0.8936146547565267,0.39262908341714076,1.60067639653819,3.6434364217001765,0.41768423883917455,1,4,1,1,4,1,1,13,0.16666666666666666,0.2983048943583055,0.08698923748508892,0.5852727650783128,0.16132368148914172,0.2751524508952983,0.8116917493433846,0.39262908341714076,0.3703472524912373,0.16666666666666666
331,0.013566623441875,0.0260067097842693,0.2509311309456821,0.131054401397705,0.197063341736794,0.187737330794334,0.164169750452042,0.02151142662763594,0.00795931741595268,0,6.7833117209375,13.00335489213465,125.46556547284105,65.5272006988525,98.531670868397,93.86866539716699,82.084875226021,10.75571331381797,3.9796587079763404,0,6171.76,0.133,12.34,0.39055590739473744,0.39055590739473744,504.5961455249791,92.84451844990238,88.75,7568.942182874686,403.6769164199833,1331.25,71.00000000000001,14.338487852875494,0.7647193521533598,18127.264899516074,10.738966378378377,997.0541620502325,324854.2654224037,237.34,1697.9303600000003,242.56148000000002,727.6844400000001,18.28789020986931,2.612555744267044,0.15494390267047087,166.6367133967758,RESIDUES,1.1573192677693482,0.29789873853216564,10.2719606287476,1.467422946963943,107.45075010883878,3281.99940016266,207.24217687320396,6.5639988003253205,0.4144843537464079,35.349414860001474,2.232142299117303,0.39381302813609714,953.6952381124274,136.24217687320393,2.235703919403655,0.676218466190585,0.8840355692787651,0.3183437158399927,1.00773410477557,3.5769610050830773,0.5292099016727769,1,4,1,2,3,1,2,14,0.25,0.3230646038957244,0.13695461682781435,0.4789968171068348,0.1328852119958635,0.3657901599821615,0.676218466190585,0.3183437158399927,0.5149628976636915,0.25
332,0.0386722683906555,0.0096862930804491,0.1861379145383837,0.0866330415010452,0.375913798809052,0.161042466759682,0.12167779889702754,0.0159533642232418,0.00419282447546721,9.02795436559245e-5,19.336134195327748,4.84314654022455,93.06895726919184,43.3165207505226,187.956899404526,80.52123337984101,60.83889944851377,7.9766821116209,2.096412237733605,0.04513977182796225,6632.75,0.181,13.27,0.5445867479443555,0.5445867479443555,762.9072602055977,68.87102837920196,88.75,11443.608903083967,610.3258081644782,1331.25,71.00000000000001,19.32960827403614,1.0309124412819277,13446.602946252837,10.738966378378377,739.603658208593,355295.5229887816,259.58,1857.0353199999997,265.29076,795.8722799999999,26.96395514490092,3.8519935921287027,0.21456360718119877,156.7227615527067,RESIDUES,1.2553804095442638,0.39624485109520496,13.023701402857496,1.860528771836785,86.45933981241717,2967.809367127044,199.136529845493,5.935618734254088,0.398273059690986,43.092276055272016,2.8914412131187124,0.3252692323054059,896.9557089184509,128.136529845493,2.1239179088700757,0.4530035624400964,0.9091127263495178,0.512815916251556,0.579536766481755,3.498830617164199,0.5942624728574519,3,2,1,4,1,2,3,16,0.4166666666666667,0.4065380445216003,0.27697052770299174,0.28046141499570504,0.1809720785935884,0.734815942598957,0.4530035624400964,0.512815916251556,0.5993167523099989,0.4166666666666667
333,0.0235338117927313,0.0188826955854893,0.16433706717193125,0.0949515402317047,0.303308129310608,0.213252022862434,0.15913847646117243,0.015904959067702305,0.00663715321570635,5.41677254659589e-5,11.76690589636565,9.44134779274465,82.16853358596562,47.47577011585235,151.654064655304,106.626011431217,79.56923823058622,7.952479533851153,3.318576607853175,0.027083862732979448,6433.61,0.16,12.87,0.509222764402628,0.509222764402628,687.7301461923867,60.804714853614556,88.75,10315.9521928858,550.1841169539093,1331.25,71.00000000000001,21.8938614086908,1.1676726084635096,11871.709732500312,10.738966378378377,652.979788459851,376689.4984074767,275.21,1968.85234,281.26462,843.79386,32.379928838412454,4.625704119773207,0.256464060537671,155.90254594549359,RESIDUES,1.3022977723267257,0.43351424023293633,14.674214871385228,2.09631641019789,79.185844700824,2876.4912394151,198.46592156503561,5.752982478830201,0.39693184313007124,47.30704265845441,3.2639890186614,0.31959836643857253,892.261450955249,127.4659215650356,2.1531227565796645,0.511319958556454,0.88498526439728,0.32570855783131647,0.494398945740253,3.4584239718994585,0.5944105769920975,3,1,1,4,1,1,3,14,0.25,0.3551742677884777,0.3531871058112656,0.21366059481332458,0.16028955532574973,0.6500912104844844,0.511319958556454,0.32570855783131647,0.5995087993639262,0.25
334,0.112913377583027,0.0712072178721428,0.1841947467923161,0.139452323317528,0.154362216591835,0.141781568527222,0.17334608530998213,0.01765008157491681,0.0050924108363688,0,56.4566887915135,35.6036089360714,92.09737339615805,69.726161658764,77.1811082959175,70.89078426361101,86.67304265499106,8.825040787458406,2.5462054181844,0,7814.62,0.303,15.63,0.37720777308940895,0.37720777308940895,392.2884781250359,68.15205631315696,88.75,5884.327171875539,313.8307825000287,1331.25,71.00000000000001,19.533526529015358,1.0417880815474858,13306.228508276914,10.738966378378377,731.8826413643425,395804.17391066666,289.17,2068.7221799999998,295.53174000000007,886.59522,30.354508607844114,4.336358372549161,0.2939004674546219,166.49759729306754,RESIDUES,1.2687734413878582,0.42422243907366763,13.981955943473478,1.9974222776390684,86.46951902610327,3016.031690192027,207.12843554681203,6.032063380384054,0.4142568710936241,44.25444885086721,3.039210359186554,0.39285119717712946,952.8990488276842,136.12843554681203,2.273055506380068,0.7508023148499264,0.8947914421413031,0.40175501549502185,0.772109194334574,3.487362028352278,0.5410473621837701,3,2,2,2,4,1,3,17,0.5,0.41098565036469475,0.2979863613161536,0.27450727949778825,0.3029989658738367,0.3338108129181481,0.7508023148499264,0.40175501549502185,0.5303125664798714,0.5
335,0.122213207185268,0.0546098127961159,0.21069305986165954,0.0430847406387329,0.0505126863718033,0.204846650362015,0.28592667603492766,0.023273969948291763,0.0048211719840765,1.80559090949828e-5,61.106603592634,27.304906398057952,105.34652993082977,21.54237031936645,25.25634318590165,102.4233251810075,142.96333801746383,11.636984974145882,2.41058599203825,0.0090279545474914,8365.58,0.36,16.73,0.3686429381370545,0.3686429381370545,284.5791201242806,77.95643214881403,88.75,4268.68680186421,227.6632960994245,1331.25,71.00000000000001,17.076846172984492,0.9107651292258397,15220.466644406284,10.738966378378377,837.1715038244491,509057.33798470866,371.91,2660.6441400000003,380.09202000000005,1140.2760600000001,34.12988597170525,4.875697995957893,0.5157086553153304,202.88225387871498,RESIDUES,1.2509114008377842,0.4544856178142159,14.89467492794084,2.127810703991549,97.51658974358864,3329.5572192231107,236.8765307712374,6.659114438446221,0.4737530615424748,42.71048747930371,3.0385758332173887,0.6444100620578782,1161.1357153986617,165.87653077123738,2.254303538595138,0.71335828527712,0.9180997531468715,0.582509895976133,1.256366818726,3.640746013658847,0.5009057396521278,3,3,3,2,3,3,2,19,0.6666666666666666,0.45174073738752296,0.27006655850119443,0.3557017861482732,0.359875904860393,0.31329125391296214,0.71335828527712,0.582509895976133,0.4782608100214151,0.6666666666666666
336,0.113792888820171,0.0244717169553041,0.15230567863583605,0.0326600261032581,0.211154356598854,0.347504317760468,0.10172703498601895,0.013129907399415988,0.00325414398685098,0,56.8964444100855,12.23585847765205,76.15283931791802,16.33001305162905,105.577178299427,173.752158880234,50.863517493009475,6.564953699707994,1.62707199342549,0,8275.32,0.351,16.55,0.49923143108189094,0.49923143108189094,642.8288229487839,56.35310109525933,88.75,9642.432344231758,514.2630583590272,1331.25,71.00000000000001,23.62336719943156,1.2599129173030168,11002.562224652795,10.738966378378377,605.1740579793477,439199.8458153317,320.88,2295.5755200000003,327.93936,983.81808,40.73556690552943,5.819366700789918,0.37889160589097226,168.1338104373036,RESIDUES,1.3438630076134865,0.4760227797391436,17.075607290327554,2.4393724700467936,75.73084792622207,2898.6874818741235,208.46620341353946,5.797374963748247,0.41693240682707894,51.43794086813749,3.6992853873498106,0.4041637657126628,962.2634238947759,137.46620341353943,2.1268967011094166,0.4589516307164704,0.8602982048144477,0.13426154550773553,1.40694002338284,3.592790664963747,0.43925373958637803,4,1,3,4,1,1,1,15,0.3333333333333333,0.33984711691025615,0.427887072784031,0.17679475154427782,0.35056876938986564,0.6261540587756838,0.4589516307164704,0.13426154550773553,0.39831648564664635,0.3333333333333333
337,0.316397845745087,0.0157691966742277,0.16891306035220618,0.0561599545180798,0.049859419465065,0.164393991231918,0.19972368648648245,0.017620335385203353,0.0111625418066978,0,158.1989228725435,7.88459833711385,84.45653017610309,28.0799772590399,24.9297097325325,82.196995615959,99.86184324324122,8.810167692601677,5.5812709033489005,0,10507.21,0.582,21.01,0.3989273488894104,0.3989273488894104,241.72795200295718,62.497832330316285,88.75,3625.9192800443575,193.38236160236573,1331.25,71.00000000000001,21.30073876745067,1.1360394009307027,12202.279479843373,10.738966378378377,671.1621201167957,595991.6006824925,435.43,3115.06622,445.00946000000005,1335.02838,49.842788203215044,7.120398314745007,0.6859708411858784,212.76473987389224,RESIDUES,1.3446796608166314,0.5113686703399117,19.4837982989625,2.783399756994643,84.0395639797044,3220.107279363056,244.9564513208943,6.440214558726112,0.4899129026417886,51.52350344479155,3.919439157925346,0.7127363070313527,1217.6951592462601,173.9564513208943,2.1603030625119044,0.5256576318477157,0.9092456472663046,0.5138467118515249,1.63708209794265,3.5789402426607984,0.3755824765076924,4,2,4,2,2,2,1,17,0.5,0.4286332884531577,0.42943432021684863,0.22768207262348217,0.5811789038262669,0.3858463885801432,0.5256576318477157,0.5138467118515249,0.31575377716216574,0.5
338,0.174381867051125,0.0076376493088901,0.3034825307726864,0.00117363408207893,0.0915059521794319,0.184444174170494,0.20644628798961653,0.026294354379177123,0.00463357614353299,0,87.1909335255625,3.81882465444505,151.7412653863432,0.586817041039465,45.75297608971595,92.222087085247,103.22314399480827,13.147177189588561,2.316788071766495,0,9025.02,0.428,18.05,0.38728929397463824,0.38728929397463824,339.18616573482745,112.28853638589396,88.75,5087.792486022412,271.34893258786195,1331.25,71.00000000000001,11.855618060823133,0.6322996299105672,21923.578023018865,10.738966378378377,1205.8628169254323,486729.4668269956,355.6,2543.9624000000003,363.4232,1090.2696,22.655584282061948,3.2365120402945635,0.47197915176660926,222.34403790911207,RESIDUES,1.1376459844587952,0.37473555143669274,11.332585130402396,1.6189407329146281,127.74460252016758,3809.6322146868624,252.78848539449007,7.619264429373725,0.5055769707889801,33.927169569603905,2.2512403628251954,0.7789663492037133,1272.5193977614304,181.78848539449007,2.2525588478866263,0.7098744775384243,0.9333712705824931,0.7009398117337151,1.73239439046229,3.8581108798307002,0.495677587602648,1,4,4,2,3,4,2,20,0.75,0.4699547248964783,0.1112358334477658,0.6400215952344078,0.42812823164426067,0.3579640352297596,0.7098744775384243,0.7009398117337151,0.47148145034324596,0.75
339,0.0136120645329356,0.0077047273516655,0.21852127195894722,0.00611085910350084,0.263976335525513,0.268410265445709,0.1906027273535725,0.02040970580279826,0.00340905762277544,0.00724303815513849,6.8060322664678,3.85236367583275,109.2606359794736,3.0554295517504197,131.9881677627565,134.2051327228545,95.30136367678625,10.204852901399128,1.70452881138772,3.621519077569245,6794.66,0.198,13.59,0.5104937170930206,0.5104937170930206,676.0247460926327,80.85287062481046,88.75,10140.37119138949,540.8197968741061,1331.25,71.00000000000001,16.465092577572545,0.8781382708038692,15785.976686314345,10.738966378378377,868.2762592352163,409749.0877473577,299.36,2141.6214400000003,305.94592,917.83776,26.487883775184397,3.7839833964549134,0.3212118109678855,179.67000796116133,RESIDUES,1.2170927659884225,0.39981958858511046,12.718007185359955,1.8168581693371368,98.40544394685465,3227.813648798535,217.89819850904553,6.455627297597069,0.43579639701809103,39.92206614131088,2.694996440141006,0.4839235608150444,1028.2873895633184,146.8981985090455,2.1740570714628586,0.5531217104879351,0.943824979407947,0.7820078431701337,1.54874302278157,3.670914432682433,0.4445712731827364,2,3,1,4,2,4,1,17,0.5,0.4297343895725328,0.21964290454478314,0.3796885138139668,0.19751809720785937,0.6531361481707781,0.5531217104879351,0.7820078431701337,0.4052117466316532,0.5
344,0.187742620706558,0.0550562366843224,0.23077023975551095,0.0159635916352272,0.0247862972319126,0.21746464073658,0.23678072726726562,0.0228030195981264,0.0085672065615654,6.54396280879155e-5,93.871310353279,27.5281183421612,115.38511987775547,7.9817958176136,12.3931486159563,108.73232036829,118.39036363363282,11.4015097990632,4.2836032807827,0.03271981404395775,9477.19,0.475,18.95,0.3571818013861776,0.3571818013861776,252.45944407530135,85.38498870953904,88.75,3786.8916611295203,201.9675552602411,1331.25,71.00000000000001,15.591148047446838,0.8315278958638316,16670.84211993811,10.738966378378377,916.9465229699571,522245.2996017476,381.55,2729.6086999999998,389.9441,1169.8323,31.968250406233913,4.566892915176274,0.5415374954344423,211.85610988342557,RESIDUES,1.2246451519798172,0.4447487619357212,14.200328493448216,2.0286183562068882,104.56631247498842,3460.6914110547787,244.21355544068882,6.921382822109558,0.48842711088137764,40.53044291927343,2.8601462520707197,0.7064541554199901,1212.4948880848215,173.21355544068882,2.251881923709371,0.7085227917205724,0.9349171436208588,0.7129279860901493,1.71460173674292,3.7480447895856237,0.44346708791878825,2,3,4,1,3,4,1,18,0.5833333333333334,0.4563151332678635,0.23064431947054254,0.41722105011607147,0.4746639089968976,0.2858327596005324,0.7085227917205724,0.7129279860901493,0.4037799464497164,0.5833333333333334
345,0.171414405107498,0.108538530766964,0.14670040108263477,0.0422864928841591,0.0441387966275215,0.336014181375504,0.11473771776258994,0.013236393600702293,0.0229150485247374,1.80559090949828e-5,85.707202553749,54.269265383482,73.35020054131738,21.14324644207955,22.06939831376075,168.007090687752,57.36885888129497,6.618196800351146,11.4575242623687,0.0090279545474914,9645.77,0.493,19.29,0.3618401455506686,0.3618401455506686,363.9923836793009,54.27914840057486,88.75,5459.885755189513,291.1939069434407,1331.25,71.00000000000001,24.525992747260954,1.3080529465205843,10597.636974209534,10.738966378378377,582.9019497207839,447375.9184655545,326.85,2338.2849,334.0407,1002.1221,43.078879623233654,6.1541256604619505,0.3949045788899234,168.47645549061815,RESIDUES,1.3587062485350578,0.4845450344481623,17.764177929764532,2.537739704252076,73.74941809702275,2878.37639978469,208.7463500091294,5.75675279956938,0.4174927000182588,53.029137055403865,3.84579265077266,0.40653276981377107,964.2244500639058,137.7463500091294,2.2376807688905047,0.6801658498196288,0.9238608678532328,0.62718707571419,1.76451674633095,3.658202653782147,0.3850159874900091,4,1,4,1,3,3,1,17,0.5,0.41761518097382205,0.45666103345858067,0.15961940365023575,0.4922440537745605,0.29699318107759315,0.6801658498196288,0.62718707571419,0.32798623776618485,0.5
346,0.092425711452961,0.0537549965083599,0.20769232538342502,0.046276792883873,0.0535527281463146,0.433316975831985,0.08612956309318545,0.01605362960696222,0.00694612553343177,0.00385115458630025,46.2128557264805,26.87749825417995,103.84616269171251,23.1383964419365,26.7763640731573,216.65848791599248,43.06478154659273,8.026814803481109,3.473062766715885,1.925577293150125,8254.99,0.349,16.51,0.36751566813886144,0.36751566813886144,462.31772575586996,76.84616039186726,88.75,6934.765886338048,369.854180604696,1331.25,71.00000000000001,17.323572097961165,0.9239238452245956,15003.693585698622,10.738966378378377,825.2483327557346,389610.44797608984,284.65,2036.3860999999997,290.91229999999996,872.7368999999999,26.49951656160447,3.7856452230863527,0.281769953160503,171.52097421776273,RESIDUES,1.2284038665985877,0.3974320245292017,12.774208036384719,1.824886862340674,94.39812055862498,3138.1471723988343,211.23554852044285,6.276294344797669,0.4224710970408857,40.83674651272426,2.7488107075652697,0.4275821831373747,981.6488396430998,140.23554852044282,2.172689080282322,0.5503900983815774,0.9360265185858726,0.7215311379513849,1.96427480584582,3.73329886110612,0.3745362617212058,2,3,3,2,2,4,1,17,0.5,0.4021538366304171,0.23618327665442618,0.3465071194948993,0.3485005170630818,0.31059055000315244,0.5503900983815774,0.7215311379513849,0.31439714746373965,0.5
347,0.22657984495163,0.0837476700544357,0.1877439234703778,0.0218360256403685,0.056987710297107697,0.236674353480339,0.16486601346731183,0.01757414187490939,0.00397229986265302,1.80559090949828e-5,113.289922475815,41.87383502721785,93.8719617351889,10.91801282018425,28.49385514855385,118.3371767401695,82.43300673365592,8.787070937454695,1.9861499313265099,0.0090279545474914,10317.3,0.562,20.63,0.37983488718420283,0.37983488718420283,311.5319316931813,69.46525168403979,88.75,4672.978975397719,249.2255453545451,1331.25,71.00000000000001,19.164257923589524,1.022093755924775,13562.621031500092,10.738966378378377,745.9850023004952,509380.0715477597,372.15,2662.3611,380.33729999999997,1141.0119,38.32651628629598,5.475216612327997,0.5163407343161023,196.41452565422279,RESIDUES,1.2891747992116902,0.472216779109975,16.18247376886023,2.3117819669800332,89.55285189196151,3201.3546155247427,231.58851617489256,6.402709231049485,0.46317703234978513,46.08569807082813,3.333875722904808,0.5996930158304242,1124.1196132242478,160.58851617489256,2.24677388577626,0.6983230342540452,0.9195225878601809,0.5935439137772158,1.80955020789374,3.7101807852077457,0.4006710695198975,3,2,4,2,3,3,1,18,0.5833333333333334,0.4548538009861921,0.33110125529473883,0.28538244912222827,0.56153050672182,0.3401048306057464,0.6983230342540452,0.5935439137772158,0.3482862272973646,0.5833333333333334
348,0.102026507258415,0.0897696912288666,0.29503711262345356,0.0123632214963436,0.0680812895298004,0.112366497516632,0.28172600913047763,0.028414429754018797,0.0102152805775404,0,51.0132536292075,44.8848456144333,147.51855631172677,6.1816107481718,34.0406447649002,56.183248758316,140.8630045652388,14.207214877009399,5.1076402887702,0,8596.18,0.384,17.19,0.3303480113595721,0.3303480113595721,246.57653338804835,109.1637316706778,88.75,3698.6480008207254,197.2612267104387,1331.25,71.00000000000001,12.1949843563069,0.6503991656697015,21313.48101591828,10.738966378378377,1172.3056441497279,448979.7013465995,328.02,2346.65508,335.23644,1005.70932,21.49665501614882,3.070950716592689,0.39804561408726286,210.36565927071288,RESIDUES,1.1381451618551102,0.3586803875656579,11.028981170873056,1.5755687386961508,124.24417305103141,3707.520385287872,242.99496301973488,7.415040770575744,0.4859899260394698,33.962931905558335,2.2259679043658522,0.6961493703957796,1203.9647411381443,171.99496301973488,2.3138319486160337,0.832224932810287,0.9039291678917578,0.4726176586740157,1.70535918602662,3.839375944173351,0.49268952537368277,1,4,3,1,4,2,2,17,0.5,0.4023294807079354,0.11188253186032965,0.6141436626169787,0.3836608066184075,0.22154459282945635,0.832224932810287,0.4726176586740157,0.4676068215261818,0.5
349,0.00949074979871511,0.0388879887759686,0.15006287492811696,0.0562469102442265,0.376567363739014,0.247364923357964,0.09958106370270214,0.012913754194974897,0.00886632595211267,1.80559090949828e-5,4.745374899357555,19.4439943879843,75.03143746405848,28.12345512211325,188.283681869507,123.68246167898201,49.79053185135107,6.456877097487449,4.433162976056335,0.0090279545474914,6742.33,0.192,13.48,0.5612426092661921,0.5612426092661921,828.7591810749481,55.523263723403275,88.75,12431.38771612422,663.0073448599585,1331.25,71.00000000000001,23.9764363750626,1.2787432733366724,10840.54208480717,10.738966378378377,596.2624623434635,344671.013338191,251.81,1801.44874,257.34982,772.0494600000001,32.44493603571582,4.634990862245118,0.19375532997522663,143.56804618061858,RESIDUES,1.3250474487064314,0.4298556602969756,14.798637306232047,2.1140910437474356,73.57095894054987,2749.18110424438,188.38123455727379,5.49836220848876,0.3767624691145476,49.51404005967303,3.392834317084108,0.23431921168222963,821.6686419009162,117.38123455727376,2.087450866502408,0.3801859771867184,0.9324371077097989,0.6936954215947903,1.20635098995427,3.512295545070626,0.44716219219529674,4,1,1,4,1,4,1,16,0.4166666666666667,0.39249924963493177,0.3930967391674112,0.1699224898993352,0.19183040330920376,0.7747199140212749,0.3801859771867184,0.6936954215947903,0.40857139870697895,0.4166666666666667
350,0.00783916562795639,0.0156767163425684,0.1424534479826689,0.110089652240276,0.387536406517029,0.218930467963219,0.09975991563498979,0.012442943781614306,0.00527129368856549,0,3.919582813978195,7.8383581712842005,71.22672399133445,55.044826120138005,193.7682032585145,109.4652339816095,49.87995781749489,6.221471890807153,2.635646844282745,0,6145.64,0.131,12.29,0.5570226530209187,0.5570226530209187,822.7530036126082,52.70777575358749,88.75,12341.29505418912,658.2024028900865,1331.25,71.00000000000001,25.25718418139453,1.3470498230077084,10290.837082268,10.738966378378377,566.0270316968831,333944.6400027718,243.98,1745.43292,249.34756,748.0426799999999,33.115283182504605,4.730754740357801,0.1727475510641553,138.5664017926692,RESIDUES,1.3400684580293702,0.4320583580921829,15.046038642331192,2.149434091761599,70.63202778026782,2690.3202624366877,184.29189010568638,5.3806405248733755,0.3685837802113728,51.0421892021041,3.4964839147693074,0.19973848170315286,793.0432307398045,113.29189010568636,2.060175089858689,0.3257215604928361,0.8876500341793642,0.34637372500517266,0.756600495699768,3.4037193270627197,0.501859326000708,4,1,1,4,1,1,2,14,0.25,0.32060510392193103,0.4207306058653317,0.14660615028512178,0.13029989658738364,0.7646097786064194,0.3257215604928361,0.34637372500517266,0.4794973281601445,0.25
351,0.0273012965917587,0.0412912666797638,0.10728467780351662,0.247699916362762,0.395401835441589,0.106028385460377,0.05780360222607848,0.008761164806783212,0.00817507598549128,2.52782716415823e-4,13.65064829587935,20.6456333398819,53.642338901758315,123.849958181381,197.7009177207945,53.014192730188505,28.901801113039237,4.380582403391606,4.08753799274564,0.1263913582079115,5673.38,0.082,11.35,0.49534905998408774,0.49534905998408774,738.3411666603755,39.69533078730115,88.75,11075.117499905633,590.6729333283004,1331.25,71.00000000000001,33.536689922883255,1.788623462553774,7750.245124526041,10.738966378378377,426.2868227034352,263190.47961054236,192.29,1375.64266,196.52038,589.5611399999999,34.65502447557582,4.950717782225118,0.03417436215133969,109.67687700031911,RESIDUES,1.4167323599333759,0.42962776535275304,15.813011001511377,2.2590015716444825,56.237659664629156,2385.239525151662,160.67181463546095,4.770479050303324,0.3213436292709219,60.08866730277302,4.047625034198257,0,627.7027024482264,89.67181463546092,2.030112092868363,0.2656916073026643,0.9119190598991002,0.5345789039353787,0.331337945853166,3.1704065280222657,0.48641489322880826,4,1,1,4,1,2,2,15,0.3333333333333333,0.28233822535839914,0.584320116194045,0.038844160428334676,0.08169596690796277,0.616852706996628,0.2656916073026643,0.5345789039353787,0.45947048812276853,0.3333333333333333
352,0.235841438174248,0.0494895614683628,0.17532868288457384,0.0166370943188667,0.0667236000299454,0.270989686250687,0.16200789481401404,0.016695119217038135,0.00628697592765093,0,117.920719087124,24.7447807341814,87.66434144228693,8.318547159433349,33.3618000149727,135.4948431253435,81.00394740700702,8.347559608519068,3.143487963825465,0,10150.7,0.545,20.3,0.409490669257939,0.409490669257939,353.54540323130817,64.87161266729233,88.75,5303.1810484696225,282.83632258504656,1331.25,71.00000000000001,20.521302697184282,1.094469477183162,12665.744051581614,10.738966378378377,696.6540673452371,534501.5206847304,390.5,2793.6369999999997,399.091,1197.2730000000001,43.064090518725855,6.152012931246552,0.5655415063657335,199.1477496212228,RESIDUES,1.3181314978276544,0.4900185669110812,17.569509277928592,2.5099298968469417,85.50931597163347,3167.6664679774194,233.82320009031181,6.335332935954839,0.46764640018062364,48.82977835349125,3.6043993740301037,0.618590176972646,1139.7624006321826,162.8232000903118,2.217853235542715,0.640574125177957,0.9247390122510578,0.6339970451553943,0.482883800053467,3.679756916170971,0.7110224995854968,3,2,4,3,3,3,4,22,0.9166666666666666,0.5371899267699897,0.3807230799151227,0.24734042993129082,0.5444674250258532,0.41115390201134133,0.640574125177957,0.6339970451553943,0.7507198120777073,0.9166666666666666
353,0.0438951142132282,0.0685077682137489,0.24040173619985544,0.149728804826736,0.12530928850174,0.177006393671036,0.1637082189023492,0.02083499702811238,0.0106077045202255,0,21.9475571066141,34.25388410687445,120.20086809992772,74.864402413368,62.65464425087,88.503196835518,81.85410945117461,10.417498514056192,5.30385226011275,0,6835.64,0.202,13.67,0.32803165040910287,0.32803165040910287,378.95568402007314,88.94864239394651,88.75,5684.335260301097,303.1645472160585,1331.25,71.00000000000001,14.966501614538409,0.7982134194420486,17366.621423077555,10.738966378378377,955.2164800709932,325262.0234189586,237.63,1700.0050199999998,242.85786,728.57358,19.112208733561236,2.730315533365891,0.15574250342516965,163.92348883441565,RESIDUES,1.1695518718719764,0.31017342576940765,10.547287581322045,1.5067553687602921,104.03005121231118,3224.633391368121,205.02384447101826,6.449266782736242,0.4100476889420365,36.25275557423883,2.304968788202341,0.3750541403211954,938.1669112971277,134.02384447101824,2.2934645721942513,0.7915552466309731,0.8992474347628376,0.43631103345521477,1.05522933720897,3.5752541157128195,0.5166617843018126,1,3,1,1,4,2,2,14,0.25,0.3376124729358049,0.1532899313510599,0.44673329114281063,0.2016546018614271,0.2159950748918812,0.7915552466309731,0.43631103345521477,0.4986917180697252,0.25
354,0.0833377167582512,0.0681812465190887,0.17385122758150104,0.0343052893877029,0.0448794551193714,0.29847976565361,0.27227966183424046,0.02048368477821352,0.00418390845879912,1.80559090949828e-5,41.6688583791256,34.09062325954435,86.92561379075052,17.15264469385145,22.4397275596857,149.239882826805,136.13983091712024,10.24184238910676,2.09195422939956,0.0090279545474914,8085.5,0.331,16.17,0.382169869631529,0.382169869631529,346.58388169988973,64.32495420515538,88.75,5198.758225498346,277.2671053599118,1331.25,71.00000000000001,20.69570070355846,1.1037707041897848,12559.012680487634,10.738966378378377,690.7835204998925,498449.129525006,364.16,2605.2006400000005,372.17152000000004,1116.51456,40.50062176011941,5.785803108588487,0.49493230426029966,189.57682818491872,RESIDUES,1.3127108135204624,0.47941336724264416,16.86726584534389,2.4096094064776983,84.440062964316,3107.0196235678195,225.99801472398957,6.214039247135639,0.4519960294479791,48.30193292728073,3.513380110667483,0.5524180495344769,1084.9861030679272,154.99801472398957,2.244301511192694,0.6933861834614314,0.9136203541025584,0.5477723622831685,1.26318781804179,3.610009343232838,0.4834286217524672,3,2,3,2,3,2,2,17,0.5,0.4261985199097193,0.3711779316439248,0.24281330195460743,0.33092037228541893,0.3456989617677032,0.6933861834614314,0.5477723622831685,0.4555981813797411,0.5
356,0.160487458109856,0.0111585520207882,0.25615704348683327,0.00215838151052594,0.0155041087418795,0.367686957120895,0.16295446416735684,0.02179631340503692,0.00209673820063472,0,80.24372905492801,5.5792760103941,128.07852174341664,1.07919075526297,7.75205437093975,183.8434785604475,81.47723208367842,10.89815670251846,1.04836910031736,0,9022.14,0.428,18.04,0.37196670514345187,0.37196670514345187,357.1473996423927,94.77810609012832,88.75,5357.2109946358905,285.71791971391417,1331.25,71.00000000000001,14.045965412455708,0.7491181553309713,18504.784821488836,10.738966378378377,1017.818894708267,488705.23281789344,357.04,2554.26416,364.89488000000006,1094.6846400000002,26.949938813622712,3.849991259088959,0.4758487220135946,210.19971589980614,RESIDUES,1.185816612660591,0.4112712415981231,12.69296321340052,1.8132804590572171,112.38945271818208,3552.083908746037,242.8592877196815,7.104167817492074,0.48571857543936303,37.477895004234604,2.5623986143881883,0.6950020591405113,1203.0150140377705,171.8592877196815,2.2062334444779585,0.6173716642283262,0.9043672786284224,0.4760151872990788,1.51225002237129,3.8264229892147337,0.5334819461399469,2,4,4,2,2,2,2,18,0.5833333333333334,0.43587859213368496,0.17544440486076612,0.4950097379847399,0.4276111685625646,0.3212543067431294,0.6173716642283262,0.4760151872990788,0.5205024699121611,0.5833333333333334
362,0.183684706687927,0.125605374574661,0.1734353913664816,0.0227952767163515,0.0207242928445339,0.250022023916245,0.19069855168461822,0.017586227327585215,0.0153759913519025,7.22236363799311e-5,91.8423533439635,62.8026872873305,86.71769568324079,11.39763835817575,10.36214642226695,125.01101195812251,95.34927584230911,8.793113663792608,7.68799567595125,0.03611181818996555,10033.99,0.533,20.07,0.3417200476527216,0.3417200476527216,263.76427439034023,64.17109480559819,88.75,3956.464115855103,211.0114195122722,1331.25,71.00000000000001,20.745321612993017,1.1064171526929611,12528.972672314629,10.738966378378377,689.1312295810502,486692.63530382415,355.57,2543.7477799999997,363.39254,1090.17762,39.64008698474141,5.662869569248773,0.47190701662162143,186.47438943936956,RESIDUES,1.3107770881930867,0.4755620849920703,16.631011655208606,2.3758588078869436,84.1140007954445,3087.61145522045,223.46146080562858,6.1752229104409,0.44692292161125713,48.11529964658,3.482275960579905,0.5309681846070651,1067.2302256393998,152.46146080562855,2.2752230669757947,0.7551305114412447,0.9385587987056841,0.7411688538842073,1.94767528190566,3.706806768692258,0.3649961354107593,3,2,4,1,4,4,1,19,0.6666666666666666,0.4478830255072632,0.3678029998018175,0.24153912211389253,0.532574974146846,0.24878962102025082,0.7551305114412447,0.7411688538842073,0.3020264384595674,0.6666666666666666
363,0.0743435025215149,0.0494723282754421,0.29552510601282134,0.0538575910031796,0.0418156012892723,0.174828290939331,0.2613881333470346,0.02772920072078706,0.00991037208586931,0.0111298952251673,37.17175126075745,24.73616413772105,147.76255300641066,26.9287955015898,20.90780064463615,87.4141454696655,130.69406667351728,13.864600360393531,4.955186042934655,5.564947612583651,7564.7,0.277,15.13,0.3109601650536061,0.3109601650536061,253.48870017975565,109.34428922474389,88.75,3802.330502696335,202.79096014380454,1331.25,71.00000000000001,12.17484707650143,0.6493251774134098,21348.73365836621,10.738966378378377,1174.2446456522057,421711.374067365,308.1,2204.1474000000007,314.87820000000005,944.6346000000002,20.15786481056769,2.879694972938241,0.3446401458228577,203.4544372281419,RESIDUES,1.1325166570575933,0.33964804534845217,10.64902834340802,1.5212897633440028,123.83422890114558,3669.9050807963076,237.34434787772884,7.339810161592616,0.4746886957554577,33.56284179828783,2.1706149407574125,0.6483660645983084,1164.4104351441017,166.34434787772884,2.3058253526094883,0.8162373190790211,0.953028411490218,0.8533800359321703,1.87214115105283,3.7783867273289107,0.42035424496703033,1,4,2,1,4,4,1,17,0.5,0.3897377118904515,0.1046476119271343,0.615638942048342,0.27714581178903835,0.1750953549314879,0.8162373190790211,0.8533800359321703,0.3738094570545975,0.5
364,0.242040008306503,0.0207908861339092,0.15134033454954612,0.0169433541595936,0.0172040723264217,0.278013378381729,0.24975416421890267,0.018279445633292195,0.00559826474636793,3.61118181899656e-5,121.02000415325149,10.3954430669546,75.67016727477306,8.4716770797968,8.60203616321085,139.0066891908645,124.87708210945134,9.139722816646097,2.799132373183965,0.0180559090949828,9863.82,0.515,19.73,0.41124757059663514,0.41124757059663514,281.80168454818414,55.99592378333207,88.75,4227.025268222762,225.4413476385473,1331.25,71.00000000000001,23.774051931906236,1.2679494363683328,10932.82576785921,10.738966378378377,601.3383428354412,613040.2321296935,447.88,3204.13352,457.73336000000006,1373.2000799999998,57.220835080744806,8.174405011534974,0.7193608667778917,211.58337299771736,RESIDUES,1.3858384172649079,0.5275891466515197,21.625394823845852,3.0893421176922646,77.60130238917932,3143.5223031759774,243.99056576293376,6.287044606351955,0.48798113152586753,56.13841313413047,4.357291554060597,0.7045684874539241,1210.933960340536,172.99056576293373,2.1679743016427246,0.5409756031757886,0.9442430547766837,0.7852499984378427,1.7224354143484,3.5960849655119445,0.36342297814069,4,1,4,3,2,4,1,19,0.6666666666666666,0.4590802091710183,0.5128867762875006,0.1738368033673822,0.5149948293691831,0.4153630713515813,0.5409756031757886,0.7852499984378427,0.29998652093934386,0.6666666666666666
365,0.0582756586372852,0.060986302793026,0.24015200451016427,0.00546652125194669,0.0425202734768391,0.199691385030746,0.35824075144529305,0.027666239768266664,0.00691710924729705,8.37775878608227e-5,29.1378293186426,30.493151396513,120.07600225508213,2.733260625973345,21.26013673841955,99.84569251537299,179.12037572264651,13.833119884133332,3.458554623648525,0.04188879393041135,7743.34,0.296,15.49,0.36445729091763457,0.36445729091763457,274.6020123031732,88.85624166876077,88.75,4119.030184547597,219.68160984253856,1331.25,71.00000000000001,14.98206513125603,0.7990434736669885,17348.580805814265,10.738966378378377,954.2241917898857,512237.11877844285,374.24,2677.31296,382.47328,1147.41984,30.1308372908739,4.304405327267699,0.5219363083916837,211.8779135237759,RESIDUES,1.2101409114259367,0.43384482277742653,13.64698362102339,1.9495690887176271,107.52857327891746,3498.09386646916,244.23138209703922,6.99618773293832,0.4884627641940784,39.368015130657795,2.748612562384616,0.7066049030023916,1212.6196746792743,173.2313820970392,2.2657432115150375,0.736201085351691,0.921417158305381,0.6082362204957663,1.55701363207104,3.7140450995535907,0.46471152527075466,2,3,2,2,4,3,2,18,0.5833333333333334,0.42953327944731573,0.209623874760898,0.4459680786069633,0.29576008273009313,0.3032633157715307,0.736201085351691,0.6082362204957663,0.43132766897313485,0.5833333333333334
366,0.0120948674157262,0.0221070181578398,0.15994854803383374,0.148410260677338,0.274468839168549,0.221616566181183,0.13916121223568867,0.014926668658852574,0.00715773971751332,1.08335450931918e-4,6.0474337078631,11.0535090789199,79.97427401691687,74.20513033866901,137.2344195842745,110.8082830905915,69.58060611784434,7.463334329426287,3.57886985875666,0.054167725465959,5983.36,0.114,11.97,0.4683684964142742,0.4683684964142742,646.3291223325588,59.18096277251848,88.75,9694.93683498838,517.063297866047,1331.25,71.00000000000001,22.494564765988986,1.199710120852746,11554.683109964148,10.738966378378377,635.5423694541383,340175.5318807951,248.53,1777.9836200000002,253.99766000000002,761.99298,30.043168220062014,4.2918811742945735,0.1849508554708807,145.3523523913639,RESIDUES,1.302117028533884,0.41515168232662497,14.056557112865178,2.008079587552168,77.06053939112616,2798.672952660392,189.84008331517913,5.597345905320784,0.37968016663035825,47.29008825723254,3.2077897084049143,0.2466556767500852,831.880583206254,118.84008331517913,2.1410985242526386,0.4873099071310625,0.9285248543996796,0.6633560770016315,1.42719697569396,3.3911106486978566,0.3305968967311117,3,1,1,4,1,3,1,14,0.25,0.3247061871726264,0.35288051553790867,0.20021356347168506,0.11375387797311277,0.5522129014144118,0.4873099071310625,0.6633560770016315,0.25742084752467426,0.25
367,0.0358295813202858,0.0235173981636763,0.23126302866637713,0.0953400507569313,0.223982021212578,0.224411055445671,0.14065342032909423,0.019450554326176657,0.00555290933698416,0,17.9147906601429,11.75869908183815,115.63151433318856,47.67002537846565,111.991010606289,112.2055277228355,70.32671016454711,9.725277163088329,2.77645466849208,0,6728.4,0.191,13.46,0.43415432692319184,0.43415432692319184,574.3555367674682,85.56732060655953,88.75,8615.333051512023,459.48442941397457,1331.25,71.00000000000001,15.557925508981606,0.8297560271456859,16706.44119085908,10.738966378378377,918.9045790817661,349288.5264099593,255.19,1825.6292600000002,260.80418000000003,782.4125400000001,21.33558988476786,3.0479414121096946,0.2027988054069811,167.63823821056076,RESIDUES,1.1862225908568778,0.3430846106408529,11.212541869087488,1.6017916955839269,101.50188874259416,3209.5817440084475,208.0610235609545,6.419163488016895,0.41612204712190903,37.50943375644747,2.4315477227296127,0.40073744268189854,959.4271649266814,137.06102356095448,2.198788491724257,0.6025055427484362,0.9498491405084577,0.8287249356038857,0.858020069788711,3.601574807989216,0.5786514097520867,2,3,1,3,2,4,3,18,0.5833333333333334,0.4390544289680494,0.1760147272529134,0.4187310236904611,0.19079627714581185,0.4702428840595876,0.6025055427484362,0.8287249356038857,0.5790738422438318,0.5833333333333334
368,0.0641422271728516,0.0384525395929813,0.28709923452138897,0.0302113778889179,0.207503288984299,0.197934359312057,0.1334211376011369,0.022696890503168095,0.0170403458178043,0.0014986403984949,32.0711135864258,19.226269796490648,143.54961726069448,15.105688944458949,103.75164449214951,98.96717965602849,66.71056880056845,11.348445251584048,8.520172908902149,0.74932019924745,7622,0.283,15.24,0.41660059627890583,0.41660059627890583,531.6052850167454,106.22671677291392,88.75,7974.079275251181,425.28422801339633,1331.25,71.00000000000001,12.532158014879426,0.6683817607935696,20740.048701825137,10.738966378378377,1140.765139909845,352356.31204500597,257.43,1841.65422,263.09346,789.28038,17.33701535685222,2.4767164795503174,0.20880711411975086,183.31738119370382,RESIDUES,1.1266308441184973,0.2878942578809625,9.876630549456321,1.410947221350903,119.67829558580455,3521.1771759576504,220.88029086397228,7.042354351915301,0.4417605817279446,33.14775494271412,2.0793289821444727,0.5091410331310192,1049.1620360478057,149.88029086397225,2.2636244179209326,0.7319702669700545,0.9040886059531885,0.4738540935118365,0.370120963238917,3.810123547986562,0.8057494708916477,1,4,2,3,4,2,4,20,0.75,0.4595162878154636,0.09714150240124414,0.5898209031016013,0.28283350568769394,0.42818780492259245,0.7319702669700545,0.4738540935118365,0.8735525460208415,0.75
369,0.045320775359869,0.0205243341624737,0.18952498295903164,0.119602479040623,0.196937680244446,0.255704760551453,0.1475291651487353,0.01707561334967611,0.0073649319820106,4.15285903727636e-4,22.6603876799345,10.26216708123685,94.76249147951582,59.801239520311505,98.468840122223,127.85238027572652,73.76458257436765,8.537806674838055,3.6824659910053,0.207642951863818,6640.49,0.182,13.28,0.4297528374493127,0.4297528374493127,552.1130632998055,70.12424369484171,88.75,8281.695949497083,441.6904506398444,1331.25,71.00000000000001,18.984161965342178,1.012488638151583,13691.284768960444,10.738966378378377,753.061895348117,370520.9839227551,270.7,1936.5877999999998,276.6554,829.9662,27.616523158915065,3.9452175941307237,0.24438292328349137,161.5632372722822,RESIDUES,1.2532391856712422,0.40316498975883924,13.186006305901062,1.8837151865572945,87.88245006393517,3008.970614904843,203.09410279381794,6.0179412298096855,0.40618820558763585,42.90913464962162,2.8962038247088775,0.3587356627122157,924.6587195567256,132.09410279381794,2.1829707449917852,0.5709205814676357,0.9090960881427262,0.5126868877226631,0.460869108777181,3.500780201056236,0.6244240142292135,3,2,1,3,2,2,4,17,0.5,0.40818826288139315,0.2736587402274829,0.2908398624344635,0.18148914167528438,0.45969783287385046,0.5709205814676357,0.5126868877226631,0.6384273090558563,0.5
370,0.0463063754141331,0.0288851726800203,0.3199408727288249,0.110892735421658,0.126568630337715,0.174150601029396,0.15957919353246722,0.025676713705062894,0.00792751926928759,7.22236363799311e-5,23.15318770706655,14.44258634001015,159.97043636441245,55.446367710829,63.2843151688575,87.075300514698,79.78959676623361,12.838356852531447,3.963759634643795,0.03611181818996555,6820.54,0.2,13.64,0.3294250721782446,0.3294250721782446,386.50284096032357,118.37812290966521,88.75,5797.542614404853,309.20227276825887,1331.25,71.00000000000001,11.245743447172936,0.5997729838492234,23112.52864593031,10.738966378378377,1271.2586818624377,322702.57396760903,235.76,1686.62704,240.94672,722.8401600000001,14.247793414388498,2.035399059198357,0.15072977950379843,184.2348346510535,RESIDUES,1.0938926659652561,0.218549225266994,8.90715936152777,1.27245133736111,129.49296046161643,3656.921487537347,221.63040081070136,7.313842975074694,0.44326080162140274,30.89186918707908,1.8722243212103333,0.5154841890645795,1054.4128056749094,150.63040081070133,2.2902359375195633,0.7851082916433499,0.8961803773140525,0.4125261439172551,0.751640765221361,3.7441817144532292,0.6781022597926725,1,4,1,1,4,1,4,16,0.4166666666666667,0.3510162711949089,0.056347809870825244,0.6904522378159416,0.20010341261633924,0.21933342295930716,0.7851082916433499,0.4125261439172551,0.7080320432188544,0.4166666666666667
371,0.0888812318444252,0.0735271796584129,0.19747766828537014,0.0559782460331917,0.140595003962517,0.261199802160263,0.15681911596655812,0.01790121629834176,0.00762057537212968,0,44.4406159222126,36.76358982920645,98.73883414268506,27.98912301659585,70.2975019812585,130.5999010801315,78.40955798327906,8.950608149170879,3.81028768606484,0,8150.45,0.338,16.3,0.40299568709731104,0.40299568709731104,466.8902359656993,73.06673726558695,88.75,7003.353539485489,373.51218877255945,1331.25,71.00000000000001,18.219644804462803,0.9717143895713497,14265.786756935137,10.738966378378377,784.6612348729448,405916.7870523016,296.56,2121.59024,303.08432,909.25296,29.03633471805821,4.148047816865459,0.31370618691351465,172.83642349150327,RESIDUES,1.2483846201375122,0.4171957664840057,13.537999039577416,1.9339998627967738,91.21539104598718,3105.088653799516,212.31105984665308,6.210177307599032,0.42462211969330615,42.496610222418596,2.9057142523681234,0.4366770312729185,989.1774189265716,141.31105984665308,2.248242489870268,0.7012555507641781,0.916308893161878,0.5686218591094303,1.17459357339222,3.6487804670290838,0.525129594400927,3,2,3,3,3,3,2,19,0.6666666666666666,0.4548742810918909,0.26619896767358864,0.31520799333882854,0.33764219234746645,0.39559327878578826,0.7012555507641781,0.5686218591094303,0.5096719515834083,0.6666666666666666
372,0.341995090246201,0.0458350777626038,0.1622251868098972,0.0401711501181126,0.0745445042848587,0.179347172379494,0.1380998897552491,0.015032057181000699,0.0027318368665874,1.80559090949828e-5,170.9975451231005,22.9175388813019,81.1125934049486,20.0855750590563,37.27225214242935,89.673586189747,69.04994487762454,7.516028590500349,1.3659184332937,0.0090279545474914,11363.21,0.67,22.73,0.4117816090658311,0.4117816090658311,289.48898846380433,60.02331911966196,88.75,4342.334826957065,231.59119077104347,1331.25,71.00000000000001,22.178880134003116,1.182873607146833,11719.147495146972,10.738966378378377,644.5884059447259,575801.9087873487,420.68,3009.54472,429.93496,1289.80488,50.13959181431133,7.1627988306159045,0.6464289969527218,205.6253459980328,RESIDUES,1.3540672566155043,0.5112072216458287,19.606296310769046,2.8008994729670063,81.27561105331762,3152.6733861606676,239.11928288799163,6.305346772321335,0.4782385657759833,52.52414282315054,3.9837730801138393,0.6633754503438603,1176.8349802159414,168.11928288799163,2.182671043411866,0.57032213574982,0.9276769639782836,0.656780725757009,1.22516311861957,3.630653586446688,0.5033848935344725,4,1,4,3,2,3,2,19,0.6666666666666666,0.49679705589204254,0.44752910849796673,0.20718950045907375,0.6701137538779731,0.416642516190935,0.57032213574982,0.656780725757009,0.4814755359335308,0.6666666666666666
373,0.133934766054153,0.0311497151851654,0.16633814574778077,0.0568159036338329,0.0724569633603096,0.373201817274094,0.14736309555172888,0.015615970805287347,0.00301533681340516,1.08335450931918e-4,66.9673830270765,15.574857592582699,83.16907287389039,28.407951816916448,36.2284816801548,186.600908637047,73.68154777586444,7.8079854026436735,1.50766840670258,0.054167725465959,8443.52,0.368,16.89,0.40751478820294124,0.40751478820294124,443.59825612627003,61.54511392667889,88.75,6653.973841894051,354.87860490101605,1331.25,71.00000000000001,21.63047421743293,1.1536252915964231,12016.267648819681,10.738966378378377,660.9309092120714,468990.11019233527,342.64,2451.24656,350.17807999999997,1050.53424,39.82845109232012,5.689778727474303,0.43723632951418706,179.88690901474808,RESIDUES,1.320851785922515,0.4749973470267684,16.728033989826134,2.3897191414037335,81.29197364485846,3021.709666885278,218.07553681045806,6.043419333770555,0.4361510736209161,49.09747458563744,3.543344433000157,0.48542318697485937,1029.5287576732062,147.07553681045803,2.178648158351044,0.5622892173429063,0.9069698592635785,0.4961980804970339,1.36602616671138,3.600811064465847,0.4534303019670232,3,2,3,3,2,2,1,16,0.4166666666666667,0.4071333116020499,0.38556389144932623,0.21979217712612215,0.3681489141675285,0.4064201029222988,0.5622892173429063,0.4961980804970339,0.41669927453052324,0.4166666666666667
374,0.0853752195835114,0.0174907557666302,0.20643361316621345,0.00580799439921975,0.0884459465742111,0.389769166707993,0.18222153148055104,0.019356828257441554,0.00360032939352095,0.0014986403984949,42.6876097917557,8.7453778833151,103.21680658310672,2.903997199609875,44.22297328710555,194.8845833539965,91.11076574027551,9.678414128720776,1.800164696760475,0.74932019924745,7984.49,0.321,15.97,0.4268073195889596,0.4268073195889596,488.84008346982336,76.38043687149897,88.75,7332.6012520473505,391.07206677585873,1331.25,71.00000000000001,17.429201174113082,0.9295573959526979,14912.764215127258,10.738966378378377,820.2469435288796,468463.1375301064,342.26,2448.5280399999997,349.78972,1049.36916,32.0570049123882,4.579572130341172,0.4362042448725192,191.32176879999983,RESIDUES,1.2484736790861601,0.44100459066207026,14.33577486651878,2.0479678380741113,95.35896503116852,3246.4696907250386,227.42467817087993,6.4929393814500775,0.4548493563417599,42.50394241901024,2.9775252340268095,0.5644823459056916,1094.9727471961592,156.4246781708799,2.188069848493225,0.5811024986132142,0.915236383168555,0.5603045934091581,1.45391513945809,3.713058455986337,0.4895379239395064,3,3,3,3,2,2,2,18,0.5833333333333334,0.4402634491196434,0.2663315574435204,0.34265025067370364,0.3205791106514995,0.45264098614270254,0.5811024986132142,0.5603045934091581,0.46352013095515276,0.5833333333333334
380,0.277688056230545,0.100669607520103,0.14981272257864514,0.0313143655657768,0.0269444510340691,0.148059323430061,0.2416493863463404,0.017898404166102444,0.00513314921408892,8.30571807455271e-4,138.8440281152725,50.3348037600515,74.90636128932258,15.657182782888398,13.47222551703455,74.0296617150305,120.8246931731702,8.949202083051222,2.56657460704446,0.4152859037276355,10926.1,0.625,21.85,0.3695920361205935,0.3695920361205935,191.9791148180513,55.43070735409871,88.75,2879.686722270769,153.58329185444106,1331.25,71.00000000000001,24.01647143876044,1.2808784767338905,10822.471079081324,10.738966378378377,595.2685026053971,584066.6115508088,426.72,3052.75488,436.10784,1308.3235200000001,55.07335240192042,7.867621771702917,0.662615553488767,203.82520215356595,RESIDUES,1.3830082077468941,0.5223443894039044,21.0448766152906,3.006410945041514,76.66112323193464,3093.0508995706855,237.64748528075555,6.186101799141371,0.4752949705615111,55.80031443242942,4.287289421775405,0.650929485900849,1166.5323969652886,166.64748528075552,2.178716985307319,0.5624266513773348,0.8977575031372211,0.42475668218330154,1.94322233685187,3.6133532392644208,0.3180479220529016,4,1,4,2,2,1,1,15,0.3333333333333333,0.37727780457371973,0.5067728609672436,0.1691559884035732,0.6246122026887281,0.3155650948197945,0.5624266513773348,0.42475668218330154,0.24114855625795645,0.3333333333333333
381,0.0815262496471405,0.0643920376896858,0.3277213679850106,0.0237546060234308,0.0241513587534428,0.235672935843468,0.19682392448186897,0.027475436121225397,0.0166765600442886,0.00180557544808835,40.76312482357025,32.1960188448429,163.8606839925053,11.8773030117154,12.0756793767214,117.836467921734,98.41196224093449,13.737718060612698,8.3382800221443,0.9027877240441751,8148.29,0.338,16.3,0.29490063180029424,0.29490063180029424,273.68316941618957,121.25690615445392,88.75,4105.247541242844,218.94653553295169,1331.25,71.00000000000001,10.97875611558395,0.5855336594978108,23674.591623237164,10.738966378378377,1302.1738383388627,387421.8822915496,283.05,2024.9397,289.2771,867.8313,16.699582433850686,2.3856546334072415,0.27748361120731363,203.027664138593,RESIDUES,1.099922828806794,0.28271448811661193,9.582694827442742,1.3689564039203916,133.37323922976688,3795.3917657368584,236.99541819971367,7.590783531473717,0.47399083639942735,31.30041732140507,1.9544900634182025,0.6454154100080732,1161.9679273979955,165.99541819971364,2.3286753059100835,0.8618642280486672,0.9174755523941469,0.577669247830156,1.92114532352011,3.922759982322748,0.4825319329458729,1,4,3,1,4,3,2,18,0.5833333333333334,0.37418851445156015,0.06373567822095769,0.7142927544620108,0.33764219234746645,0.13662006124278805,0.8618642280486672,0.577669247830156,0.4544354424460301,0.5833333333333334
382,0.123249091207981,0.0220216158777475,0.18024771009385548,0.0386086329817772,0.0508879125118256,0.322341948747635,0.2366903728544713,0.01963211439549921,0.00632065860554576,0,61.6245456039905,11.01080793887375,90.12385504692774,19.3043164908886,25.443956255912802,161.1709743738175,118.34518642723566,9.816057197749604,3.16032930277288,0,8196.58,0.343,16.39,0.4018446761146189,0.4018446761146189,374.18096706904487,66.69165273472653,88.75,5612.7145060356725,299.34477365523594,1331.25,71.00000000000001,19.96126869572711,1.064600997105446,13021.09457718012,10.738966378378377,716.1994164367146,515536.47269221925,376.65,2694.5541,384.93629999999996,1154.8089,40.40316875513475,5.771881250733535,0.5283981473937926,195.79254960111163,RESIDUES,1.3043646862021574,0.4801737698098722,16.802101521373807,2.400300217339115,86.99023669163482,3168.0093363137967,231.0799885538689,6.336018672627594,0.4621599771077378,47.50233659547929,3.464901214444561,0.5953927529013143,1120.5599198770822,160.07998855386887,2.2102966132463466,0.6254850213579761,0.9363689592928177,0.724186749893449,1.69452438401801,3.607257491884367,0.3760248936729745,3,2,3,3,3,4,1,19,0.6666666666666666,0.44214738351534705,0.3567186502612218,0.2624130115863098,0.34229576008273016,0.3928356964264835,0.6254850213579761,0.724186749893449,0.31632746076257706,0.6666666666666666
383,0.133155971765518,0.0609151534736156,0.20157663327455516,0.0213947352021933,0.0870788246393204,0.177686467766762,0.28824502891302073,0.022783975124359115,0.0060914377681911,0.00107180059421808,66.577985882759,30.4575767368078,100.78831663727757,10.69736760109665,43.5394123196602,88.843233883381,144.12251445651037,11.391987562179557,3.04571888409555,0.53590029710904,8668.89,0.392,17.34,0.3980145464241503,0.3980145464241503,320.91024434000275,74.58335431158541,88.75,4813.6536651000415,256.7281954720022,1331.25,71.00000000000001,17.849156990693434,0.95195503950365,14561.895987753864,10.738966378378377,800.9481343387977,521842.90586261824,381.26,2727.53404,389.64772,1168.94316,36.57027851824999,5.224325502607142,0.5407494006662958,203.55988704738618,RESIDUES,1.268253634621775,0.46608643170700786,15.620294317717931,2.231470616816847,94.59061018795182,3297.2120798883984,237.43056364994297,6.594424159776797,0.47486112729988594,44.208417686789744,3.1834256563204972,0.6490951311697774,1165.0139455496007,166.43056364994297,2.2595929054224344,0.7239201212494426,0.9124736653164162,0.538879843454213,1.52183175735214,3.650052320467487,0.44045922173127217,3,2,3,2,3,2,1,16,0.4166666666666667,0.42935865016832514,0.29715396936124056,0.3277677906060564,0.39141675284384697,0.3836595041684553,0.7239201212494426,0.538879843454213,0.3998796377830999,0.4166666666666667
384,0.043006643652916,0.0556228570640087,0.2910136420428754,0.0189251806586981,0.163225874304771,0.106767117977142,0.28108401346206696,0.028139565020799652,0.0122151356190443,0,21.503321826458002,27.81142853200435,145.5068210214377,9.46259032934905,81.6129371523855,53.383558988571004,140.54200673103347,14.069782510399826,6.10756780952215,0,7409.57,0.261,14.82,0.39272454436123333,0.39272454436123333,395.26963227733876,107.6750475558639,88.75,5929.044484160081,316.21570582187104,1331.25,71.00000000000001,12.36358868854292,0.6593913967222893,21022.825501177318,10.738966378378377,1156.3187154927152,419805.1591689264,306.71,2194.2033399999996,313.45762,940.3728599999998,20.378011338807205,2.9111444769724586,0.3409067925364159,201.77045678194915,RESIDUES,1.1362385731167501,0.34214581597616917,10.72460801705551,1.5320868595793589,122.34454239515301,3642.3413937471664,235.9675254649217,7.284682787494333,0.4719350509298434,33.82716308397681,2.1914782563016484,0.6367232390427491,1154.7726782544514,164.96752546492164,2.329780459580306,0.8640710048085746,0.9059471724754664,0.488267191463047,1.44065257673386,3.7777133958933087,0.5260345138517917,1,4,2,2,4,2,2,17,0.5,0.41460514055433817,0.10942739354094473,0.6018151906890531,0.2611168562564633,0.3709857620506646,0.8640710048085746,0.488267191463047,0.5108453632170262,0.5
385,0.00310992472805083,0.013373801484704,0.16071703736484072,0.0593950003385544,0.47424054145813,0.132734671235085,0.1359997146427628,0.014863578125834467,0.00556576997041702,0,1.554962364025415,6.686900742352,80.35851868242035,29.697500169277202,237.120270729065,66.36733561754251,67.9998573213814,7.431789062917233,2.78288498520851,0,6300.3,0.147,12.6,0.6175944858239966,0.6175944858239966,897.0864001504337,59.46530382499106,88.75,13456.296002256506,717.669120120347,1331.25,71.00000000000001,22.387004090955724,1.1939735515176388,11610.198779236092,10.738966378378377,638.5958984566341,354406.84121029015,258.93,1852.3852200000001,264.62646,793.87938,31.15068957608708,4.450098510869583,0.21282310927561127,149.18823706927046,RESIDUES,1.3041725178237678,0.4238279184749915,14.358526123194784,2.0512180175992545,77.55301501259392,2823.680016851483,192.97630262783554,5.647360033702966,0.3859526052556711,47.484496592528885,3.2451915691168933,0.27317649310343434,853.8341183948488,121.97630262783552,2.088735083587134,0.38275030873047355,0.8825383830692183,0.30673310560315664,1.08752057994221,3.4637664201302565,0.45141373271691443,3,1,1,4,1,1,1,12,0.08333333333333333,0.29354914604674703,0.35639604545143355,0.2025683213739706,0.14632885211995864,0.909727262383891,0.38275030873047355,0.30673310560315664,0.4140843834307543,0.08333333333333333
386,0.0132530368864536,0.0333996564149857,0.20599560818076101,0.0610882006585598,0.263925760984421,0.274248331785202,0.12152353280782702,0.017192997187376,0.00917429383844137,1.986150018638e-4,6.6265184432268,16.69982820749285,102.99780409038051,30.5441003292799,131.9628804922105,137.124165892601,60.76176640391351,8.596498593688,4.587146919220685,0.0993075009319,6750.11,0.193,13.5,0.47703471031785033,0.47703471031785033,675.4623223640028,76.21837502688157,88.75,10131.934835460042,540.3698578912023,1331.25,71.00000000000001,17.4662605904479,0.9315338981572215,14881.122734978175,10.738966378378377,818.5065668283154,344506.4719677781,251.69,1800.59026,257.22718,771.6815399999999,23.624096674390486,3.374870953484355,0.1934330729901984,159.50712615939057,RESIDUES,1.2203326518560096,0.3662556074560349,11.977311037049205,1.7110444338641722,93.01177171671024,3062.6477512637393,201.41302634791776,6.125295502527479,0.40282605269583555,40.18253800587548,2.642578332021394,0.34451997329351314,912.8911844354242,130.41302634791774,2.1556777389032864,0.5164217609262609,0.903389888381366,0.4684355708589229,0.540990320693593,3.6156264204731112,0.6637763493370417,2,2,1,4,1,2,4,16,0.4166666666666667,0.4055577146914741,0.22435307620544068,0.3413081426454984,0.1928645294725957,0.5729753432519057,0.5164217609262609,0.4684355708589229,0.6894555942600623,0.4166666666666667
387,0.0302122738212347,0.0956733003258705,0.21136272218823407,0.229260459542274,0.183897227048874,0.109815657138824,0.10736210158467263,0.017031075775623294,0.0153671531006694,1.80559090949828e-5,15.10613691061735,47.83665016293525,105.68136109411704,114.630229771137,91.94861352443701,54.907828569412004,53.681050792336315,8.515537887811647,7.6835765503347,0.0090279545474914,6347.82,0.151,12.7,0.3161077812090513,0.3161077812090513,413.17535220116355,78.20420720964661,88.75,6197.630283017454,330.54028176093084,1331.25,71.00000000000001,17.022741454705116,0.9078795442509396,15268.843050878027,10.738966378378377,839.8323518721309,245741.37333011092,179.54,1284.42916,183.48988,550.46964,16.424041695822773,2.346291670831825,0,135.64473309318214,RESIDUES,1.1885586773785937,0.24448739504744266,9.926856420368386,1.4181223457669123,92.95028908653906,2947.404288311031,181.90313377698575,5.894808576622062,0.3638062675539715,37.68856425345188,2.326001890017852,0.1795384377678611,776.3219364389001,110.90313377698573,2.267628960989491,0.7399665599887091,0.9478592869589976,0.8132937127914883,0.374967561622668,3.432202506122162,0.6102776667133535,2,3,1,1,4,4,3,18,0.5833333333333334,0.3878684479027613,0.17925398455987834,0.35775372440133657,0.15149948293691828,0.18742797009865708,0.7399665599887091,0.8132937127914883,0.6200836998733475,0.5833333333333334
388,0.102259673178196,0.0214027985930443,0.17518389178812463,0.220234021544456,0.126151785254478,0.205870226025581,0.1187116421610113,0.015162156254053075,0.0150238452479243,0,51.129836589098,10.70139929652215,87.59194589406232,110.117010772228,63.07589262723901,102.9351130127905,59.35582108050565,7.5810781270265375,7.51192262396215,0,6700.33,0.188,13.4,0.3471536340638987,0.3471536340638987,394.46222305193436,64.81803996160612,88.75,5916.933345779015,315.5697784415475,1331.25,71.00000000000001,20.53826374244799,1.095374066263893,12655.284342774123,10.738966378378377,696.0787518600741,351747.86054623406,256.98,1838.4349200000004,262.63356000000005,787.9006800000001,28.363013153266692,4.0518590218952415,0.20761545183422309,152.7037494010068,RESIDUES,1.274493788970823,0.4057757436337194,13.483192319445546,1.9261703313493637,82.6101893443296,2901.2828504319164,195.85058551026316,5.802565700863832,0.3917011710205263,44.76042244027192,3.0215443976132565,0.2974822960059337,873.9540985718421,124.85058551026316,2.206086753462437,0.6170787508239168,0.8901890353395604,0.3660635622972455,0.439872489383233,3.3610691052572137,0.5577609561091622,3,2,1,1,2,1,3,13,0.16666666666666666,0.31720511403532103,0.3071359962137229,0.24689676992875362,0.18769389865563602,0.2618073613029489,0.6170787508239168,0.3660635622972455,0.5519851314058225,0.16666666666666666
389,0.0886017009615898,0.0273816585540771,0.17526600457727948,0.243943572044373,0.156306013464928,0.160253331065178,0.12404813039302812,0.015355131372809428,0.0088083678856492,3.61118181899656e-5,44.3008504807949,13.69082927703855,87.63300228863974,121.9717860221865,78.15300673246401,80.126665532589,62.02406519651406,7.677565686404714,4.4041839428246,0.0180559090949828,6421.06,0.159,12.84,0.3504351603612307,0.3504351603612307,406.6373137480772,64.84842169359341,88.75,6099.559706221157,325.3098509984618,1331.25,71.00000000000001,20.528641487839305,1.0948608793514298,12661.21617066267,10.738966378378377,696.4050202584026,332897.94240197004,243.21,1739.92434,248.56062,745.68186,26.83063511123036,3.832947873032909,0.17069757656701715,147.92740373360758,RESIDUES,1.2695494501569056,0.39177088222685097,13.055338818397537,1.8650484026282197,82.32827810464465,2874.2731373065853,191.94544529259758,5.748546274613171,0.38389089058519515,44.32294668461522,2.9599092819796495,0.26445925258265185,846.618117048183,120.94544529259758,2.209114876158939,0.6231253224210077,0.8821840101599904,0.30398495998085345,0.913702898997171,3.3173361841784645,0.41884807262258494,3,2,1,1,2,1,1,11,0,0.20268748778393025,0.2992250231419734,0.2471483749040468,0.15873836608066186,0.26966921420026163,0.6231253224210077,0.30398495998085345,0.3718563990785345,0
390,0.135327085852623,0.0154941771179438,0.2564335010945795,0.0154685648158193,0.0615322068333626,0.273827344179153,0.20521172744035687,0.02330096277594564,0.0132239013910294,1.80559087311849e-4,67.66354292631151,7.7470885589719005,128.21675054728976,7.73428240790965,30.7661034166813,136.9136720895765,102.60586372017843,11.65048138797282,6.611950695514699,0.0902795436559245,8455,0.369,16.91,0.3803657669574019,0.3803657669574019,358.12114934369885,94.88039540499442,88.75,5371.817240155482,286.4969194749591,1331.25,71.00000000000001,14.030822640626603,0.748310540833419,18524.756119072423,10.738966378378377,1018.9173762214813,478036.6256422509,349.25,2498.5344999999998,356.93350000000004,1070.8005,26.33351694346416,3.7619309919234527,0.45495407907823304,207.53290752321087,RESIDUES,1.1833244737820336,0.4057754974281722,12.518416805357434,1.788345257908205,112.27429396484631,3537.919712558322,240.67890519097722,7.075839425116643,0.4813578103819544,37.288205824362414,2.536655798741624,0.6765640869009873,1187.7523363368405,169.67890519097722,2.24954922110431,0.7038648386817103,0.922941907261049,0.6200605785618496,0.953113911204862,3.7767859038875486,0.6453568880559175,2,4,3,2,3,3,4,21,0.8333333333333334,0.48660651930043386,0.17201421250252094,0.4958568424404833,0.3691830403309204,0.3413767078679957,0.7038648386817103,0.6200605785618496,0.6655710262671947,0.8333333333333334
392,0.00771963177248836,0.00840121414512396,0.343755376398563,0.00618467526510358,0.079565741121769007,0.365071684122086,0.15607306230068166,0.027046461164951286,0.006037721876055,1.44447272759862e-4,3.85981588624418,4.20060707256198,171.87768819928152,3.09233763255179,39.782870560884504,182.535842061043,78.03653115034083,13.523230582475643,3.0188609380274998,0.072223636379931,6955.64,0.214,13.91,0.3575211608018727,0.3575211608018727,466.9740916216377,127.18948926746832,88.75,7004.611374324565,373.5792732973102,1331.25,71.00000000000001,10.466666763638765,0.5582222273940676,24832.888391032193,10.738966378378377,1365.8836489264597,352785.2750769956,257.74,1843.87196,263.41028,790.23084,14.497046655502322,2.07100666507176,0.20964724528573447,198.21538327005584,RESIDUES,1.0824665603181802,0.23094830732499483,8.919182615362066,1.2741689450517237,137.67836895598253,3831.5599304576435,233.06089736159765,7.663119860915287,0.4661217947231953,30.12481575737921,1.8323911724457913,0.612143915197426,1134.4262815311836,162.06089736159765,2.2185693177917343,0.642004002042954,0.9154741771232425,0.5621486745975547,1.23808589427838,3.945896032976668,0.662268678475898,1,4,2,1,3,3,4,18,0.5833333333333334,0.3779635385485081,0.04247700914990342,0.7634231802125575,0.21406411582213034,0.286645794013111,0.642004002042954,0.5621486745975547,0.6875005931531215,0.5833333333333334
398,0.0782958716154099,0.0760801061987877,0.2783359097540378,0.112059161067009,0.068803071975708,0.157154217362404,0.18520732954144498,0.023970138967037202,0.0185617189854383,0.00153248780407012,39.147935807704954,38.04005309939385,139.1679548770189,56.0295805335045,34.401535987854,78.577108681202,92.60366477072249,11.9850694835186,9.280859492719149,0.76624390203506,7549.56,0.276,15.1,0.29111685071885607,0.29111685071885607,276.7307661926747,102.98428660899398,88.75,4150.96149289012,221.38461295413978,1331.25,71.00000000000001,12.926729347113206,0.689425565179371,20106.98612063169,10.738966378378377,1105.944791395269,352048.3826901544,257.2,1840.0088,262.8584000000001,788.5752,17.86688882922558,2.552412689889369,0.20820402940465996,180.92647483721854,RESIDUES,1.1347331647450716,0.2965533637744225,10.054722277388066,1.4363888967697236,116.85968546283725,3472.673192183638,218.9254858269099,6.9453463843672765,0.4378509716538198,33.72041800287965,2.1258144619490946,0.492610612192242,1035.4784007883693,147.9254858269099,2.3401990996382707,0.8848750010031694,0.8685047870814506,0.19790321377259307,1.87880966553805,3.7057528007912297,0.3813761391601159,1,4,2,1,4,1,1,14,0.25,0.2842638270261756,0.10749709808758019,0.5629688605115301,0.27559462254395034,0.1275549105895424,0.8848750010031694,0.19790321377259307,0.32326643605254035,0.25
399,0.0587138272821903,0.0659024342894554,0.23001265953481184,0.108581811189651,0.0621338970959187,0.265271991491318,0.17250902947783495,0.02049336902797222,0.00942621286958456,0.00695481337606907,29.35691364109515,32.9512171447277,115.00632976740592,54.2909055948255,31.06694854795935,132.63599574565902,86.25451473891748,10.246684513986109,4.71310643479228,3.477406688034535,7288.37,0.249,14.58,0.3206280057355764,0.3206280057355764,347.65016791932317,85.10468402788038,88.75,5214.752518789847,278.12013433545854,1331.25,71.00000000000001,15.642499766098434,0.8342666541919167,16616.114524794804,10.738966378378377,913.9363404179227,367476.07101115375,268.48,1920.7059200000003,274.38656000000003,823.1596800000001,22.568745092464887,3.224106441780698,0.23841941117645282,171.97092500528058,RESIDUES,1.191923951290252,0.35946467146424105,11.564862841953435,1.652123263136205,101.43831125981959,3229.4103384081445,211.60342828431743,6.4588206768162895,0.4232068565686349,37.946328986430245,2.486389917328122,0.4306930853687521,984.2239979902218,140.6034282843174,2.275788276286239,0.7562591244155116,0.8957133021185653,0.4089039972453738,1.76223473025641,3.6348906233679354,0.3735925284492945,2,3,2,1,4,1,1,14,0.25,0.3234266858269132,0.18391520254755295,0.41489971924089997,0.2487073422957601,0.1982574857174284,0.7562591244155116,0.4089039972453738,0.3131734058376371,0.25
400,0.192469149827957,0.0222975444048643,0.17036341114342166,0.017290472984314,0.0551615804433823,0.251666992902756,0.2661880154013636,0.020050595507025697,0.00418728031218052,3.25006374623626e-4,96.23457491397849,11.14877220243215,85.18170557171082,8.645236492157,27.58079022169115,125.83349645137801,133.0940077006818,10.025297753512849,2.09364015609026,0.16250318731181299,9193.92,0.446,18.39,0.4203489572629335,0.4203489572629335,324.6887609288844,63.03446212306601,88.75,4870.331413933266,259.75100874310755,1331.25,71.00000000000001,21.11939969283659,1.1263679836179519,12307.052821000778,10.738966378378377,676.9249694187712,581300.9336704967,424.69,3038.23226,434.03318,1302.0995400000002,48.19954287970722,6.885648982815316,0.6571989277913391,209.49590671183284,RESIDUES,1.3385018784062412,0.5067086422759357,19.021134359048023,2.7173049084354317,84.37174595605092,3207.161942711933,242.28385332759458,6.414323885423866,0.48456770665518917,50.87950043026299,3.843672892053384,0.6901360123770236,1198.986973293162,171.28385332759456,2.196265994048131,0.5974686058965019,0.9296948135022317,0.6724290560647251,1.42683803168974,3.6070296010349336,0.44168427647998926,4,2,4,3,2,3,1,19,0.6666666666666666,0.47134634751326043,0.4177886679945598,0.23212614861634687,0.4457083764219235,0.4371680964065922,0.5974686058965019,0.6724290560647251,0.4014681697707701,0.6666666666666666
401,0.127568155527115,0.0584040619432926,0.25909636163711547,0.0259769838303328,0.0480829477310181,0.108242996037006,0.3287892433404924,0.027817441344261173,0.0160218216478825,0,63.784077763557505,29.2020309716463,129.54818081855774,12.988491915166401,24.04147386550905,54.121498018503004,164.3946216702462,13.908720672130586,8.01091082394125,0,8438.07,0.368,16.88,0.3442918658554554,0.3442918658554554,209.98534765645837,95.86565380573272,88.75,3149.7802148468754,167.9882781251667,1331.25,71.00000000000001,13.886620986257665,0.7406197859337423,18717.12116466522,10.738966378378377,1029.498033061025,511418.6897806606,373.64,2673.02056,381.86008,1145.58024,27.88298471751678,3.983283531073826,0.5203334017146389,216.83143972417824,RESIDUES,1.1870303020727757,0.41967819365116626,12.944883246133012,1.849269035161859,113.79543599542305,3601.717728890442,248.28138511848817,7.203435457780883,0.49656277023697637,37.57047061076906,2.5898888210956015,0.7408529499833217,1240.9696958294169,177.28138511848815,2.248586555302311,0.7019425824592065,0.9388336914898315,0.7433006347898169,1.32086291750782,3.7278493534859773,0.5298355117283867,2,4,3,1,3,4,2,19,0.6666666666666666,0.45497695812264183,0.1771184704996621,0.5040162164906146,0.36763185108583246,0.2549511612781982,0.7019425824592065,0.7433006347898169,0.5157741280076292,0.6666666666666666
402,0.00297944201156497,0.0196156464517117,0.22552213039994276,0.135586500167847,0.33217066526413,0.0910077765583992,0.16066075471043606,0.019794796168804196,0.0126261953264475,3.61118181899656e-5,1.489721005782485,9.80782322585585,112.76106519997138,67.79325008392351,166.08533263206502,45.5038882791996,80.33037735521803,9.897398084402099,6.3130976632237505,0.0180559090949828,5818.37,0.097,11.64,0.46939204998873224,0.46939204998873224,641.9129997850962,83.44318824797882,88.75,9628.694996776441,513.5303998280771,1331.25,71.00000000000001,15.953968537776309,0.8508783220147367,16291.718700091864,10.738966378378377,896.0935930997423,312063.6428440776,227.99,1631.0404600000002,233.00578000000002,699.01734,19.546717883703437,2.792388269100491,0.12989325760545553,156.51934075950322,RESIDUES,1.185156009730108,0.31348155287730506,10.735345926292394,1.533620846613199,98.89319602313282,3123.135084134531,198.97021300496982,6.246270168269062,0.3979404260099396,37.42828084244708,2.3844991686279355,0.3238628069428098,895.7914910347889,127.97021300496984,2.2033031971990273,0.611520530788554,0.9455142135507724,0.795107776302057,1.18504893085732,3.486674922269934,0.43922558751131957,2,3,1,4,2,4,1,17,0.5,0.384354199512857,0.17454722074758172,0.4011401151200194,0.09669079627714586,0.5546651223950727,0.611520530788554,0.795107776302057,0.39827998077060184,0.5
403,0.0100994976237416,0.0249338634312153,0.14587416918575774,0.0675532817840576,0.383458733558655,0.187055006623268,0.09474012847244735,0.012480740576982502,0.00225978926755488,0.071544848382473,5.0497488118708,12.46693171560765,72.93708459287888,33.7766408920288,191.7293667793275,93.52750331163399,47.370064236223676,6.240370288491251,1.12989463377744,35.7724241912365,6080.94,0.124,12.16,0.5356464202068747,0.5356464202068747,790.4891685773434,53.973442598730365,88.75,11857.337528660151,632.3913348618748,1331.25,71.00000000000001,24.66490807149877,1.315461763813268,10537.94998197914,10.738966378378377,579.6189853931006,315381.1734187664,230.42,1648.42468,235.48924,706.46772,30.541403338959455,4.36305761985135,0.13639069589745006,134.90488884375458,RESIDUES,1.3269946682768767,0.41452613122231324,14.304954856608282,2.0435649795154687,71.62247055706325,2682.956645223677,181.29823711865376,5.365913290447353,0.3625964742373075,49.70882930648543,3.3590267433287364,0.17442324919554505,772.0876598305763,110.29823711865374,2.0750457111797855,0.3554152966862521,0.9284125022913412,0.6624847915657347,0.785094853412199,3.4804849971044947,0.534321164356383,4,1,1,4,1,3,3,17,0.5,0.3802836076248037,0.396619157190065,0.15708771451703435,0.12357807652533612,0.7133967811608831,0.3554152966862521,0.6624847915657347,0.5215906865676537,0.5
404,0.0943768993020058,0.0491260103881359,0.2959488225877289,0.0305458642542362,0.12995383143425,0.144279062747955,0.2029838729202744,0.02570013093948366,0.0270855408161879,0,47.1884496510029,24.56300519406795,147.97441129386445,15.2729321271181,64.976915717125,72.13953137397749,101.4919364601372,12.85006546974183,13.54277040809395,0,7976.11,0.32,15.95,0.3636238143891094,0.3636238143891094,367.8864924025535,109.5010643574597,88.75,5518.297386038303,294.3091939220428,1331.25,71.00000000000001,12.157416074552607,0.6483955239761391,21379.342943737534,10.738966378378377,1175.9282485314066,399661.3456464588,291.99,2088.8964600000004,298.41378000000003,895.2413400000002,19.076494573431017,2.725213510490145,0.3014548018520632,197.87058225729953,RESIDUES,1.1279209727152382,0.3223378120576063,10.341935240721972,1.4774193201031387,123.50854702341984,3639.631164906384,232.77898805356813,7.279262329812768,0.46555797610713623,33.23831769365296,2.1258148440792777,0.6097600050683161,1132.4529163749771,161.77898805356813,2.3357747883557263,0.8760405125695859,0.9332148743446135,0.6997269660977151,0.266758528491802,3.8199440284994672,0.8361964305903449,1,4,3,2,4,4,4,22,0.9166666666666666,0.4976658377524306,0.09877916911698074,0.6169372684047868,0.31954498448810753,0.30126647976690835,0.8760405125695859,0.6997269660977151,0.913033205525518,0.9166666666666666
405,0.0747848823666573,0.0214686673134565,0.28807780134677863,0.0654488056898117,0.126223847270012,0.208857789635658,0.1731745745837684,0.024157435208559,0.0178062170743942,0,37.39244118332865,10.73433365672825,144.03890067338932,32.72440284490585,63.11192363500601,104.42889481782899,86.5872872918842,12.0787176042795,8.903108537197099,0,7351.29,0.255,14.7,0.36671118816733334,0.36671118816733334,411.518436333686,106.5887864983081,88.75,6172.776545005289,329.2147490669488,1331.25,71.00000000000001,12.489587729954419,0.6661113455975691,20810.74036929129,10.738966378378377,1144.6533945174817,379515.18654425844,277.27,1983.5895799999998,283.36994,850.10982,18.609739778128404,2.658534254018343,0.2619982173111568,190.59139310727875,RESIDUES,1.1310921550781863,0.31261444401746036,10.233653059263341,1.4619504370376204,120.56174022753999,3566.69605554906,226.82752300451114,7.13339211109812,0.4536550460090223,33.46220716759614,2.1280617826351893,0.5594326217241562,1090.7926610315778,155.82752300451114,2.2811778167311787,0.7670209876033491,0.9358492801378673,0.7201566619338732,0.277362361069921,3.753263014044628,0.7993115899518906,1,4,2,2,4,4,4,21,0.8333333333333334,0.47057010633200225,0.1028278131309877,0.5928193675851373,0.2549120992761117,0.30866318370408286,0.7670209876033491,0.7201566619338732,0.8652045274393648,0.8333333333333334
406,0.154608994722366,0.0381969474256039,0.19828788706660305,0.137709766626358,0.128612712025642,0.130522474646568,0.18576736280322112,0.01897089880704883,0.0073229749687016,0,77.304497361183,19.09847371280195,99.14394353330152,68.854883313179,64.306356012821,65.26123732328399,92.88368140161056,9.485449403524415,3.6614874843508,0,8048.49,0.327,16.1,0.373547577515244,0.373547577515244,343.7444297718993,73.36651821464312,88.75,5156.16644657849,274.99554381751943,1331.25,71.00000000000001,18.145198005788664,0.9677438936420623,14324.316961691404,10.738966378378377,787.8805724057373,435005.61732074944,317.81,2273.6127400000005,324.80182,974.4054600000001,30.98978655833518,4.427112365476454,0.3706771402779072,180.48870481781236,RESIDUES,1.2538818162954761,0.4320861369440472,14.079623519698858,2.011374788528408,91.99294311425186,3152.1035278190416,218.5675650590434,6.304207055638083,0.4371351301180868,42.9637879038659,2.97911868217047,0.489583926234621,1032.972955413304,147.5675650590434,2.2614538090787653,0.7276359836239393,0.9065911286337448,0.4932610418710357,0.603428539121208,3.497531907376717,0.58772409072289,3,2,3,2,4,2,3,19,0.6666666666666666,0.44689642366080934,0.2746470473896957,0.31769061606462273,0.32730093071354716,0.32504174737603253,0.7276359836239393,0.4932610418710357,0.5908384135424948,0.6666666666666666
407,0.0250202361494303,0.0295155588537455,0.24878506496548644,0.0957468003034592,0.112642578780651,0.233640655875206,0.22407237982749909,0.023485244005918483,0.00707345502451062,1.80559090949828e-5,12.51011807471515,14.75777942687275,124.39253248274322,47.8734001517296,56.3212893903255,116.820327937603,112.03618991374954,11.742622002959243,3.53672751225531,0.0090279545474914,6569.21,0.174,13.14,0.3657518367096779,0.3657518367096779,408.5112634195385,92.05047403722999,88.75,6127.668951293078,326.80901073563086,1331.25,71.00000000000001,14.462174300825147,0.7713159627106747,17972.23309310674,10.738966378378377,988.5269457996046,387377.35507644643,283.02,2024.7250800000002,289.24644,867.7393200000001,21.99581372260067,3.142259103228667,0.2773964039228791,182.15887644620742,RESIDUES,1.1732252692522682,0.35637454439188954,11.325652502943987,1.6179503575634266,107.99594218712808,3362.308627476539,219.93309738241922,6.7246172549530785,0.43986619476483846,36.526793182147514,2.3892663202741016,0.501131279388995,1042.5316816769343,148.9330973824192,2.2641223875574537,0.732964615403782,0.8887429294310862,0.35484907744732097,0.844044328124239,3.6233437999093026,0.5932765221433847,1,3,1,2,4,1,3,15,0.3333333333333333,0.35765289068927303,0.15824541541796083,0.4724209732768755,0.1742502585315409,0.3063647776108446,0.732964615403782,0.35484907744732097,0.5980382672062088,0.3333333333333333
408,0.313330829143524,0.0489613562822342,0.2287619118094443,0.011752468533814,0.0223889369517565,0.122058555483818,0.22723563355207432,0.02234114325046538,0.00316920783370733,0,156.665414571762,24.4806781411171,114.38095590472216,5.876234266907,11.194468475878251,61.029277741909,113.61781677603716,11.17057162523269,1.584603916853665,0,11112.43,0.644,22.22,0.36487201766669736,0.36487201766669736,170.80136307977136,84.64190736949439,88.75,2562.0204461965704,136.64109046381708,1331.25,71.00000000000001,15.728024584660918,0.8388279778485825,16525.760509114258,10.738966378378377,908.9665974428173,591468.7861577943,432.12,3091.38648,441.62664,1324.87992,36.523119292490804,5.217588470355829,0.6771128344188663,228.99821489125,RESIDUES,1.2419023559947895,0.4700587455076136,15.484086124670124,2.212012303524304,105.11698417806782,3550.819180908419,258.2289404950861,7.101638361816838,0.5164578809901722,41.95107708770942,3.0508402813728868,0.8249724783093135,1310.602583465602,187.22894049508605,2.148680165441877,0.5024489688101461,0.890521329931353,0.3686404915826685,0.991096616124021,3.7523261520052356,0.623449466270274,2,3,4,2,1,1,4,17,0.5,0.442707141616545,0.25633396856763124,0.4110672547274165,0.6437435367114788,0.3042569146027707,0.5024489688101461,0.3686404915826685,0.6371636099371717,0.5
409,0.170689448714256,0.0378506220877171,0.18090881900489336,0.0344110541045666,0.101491585373878,0.274801552295685,0.17410677820444082,0.017470830217003817,0.00749294506385922,7.76404107455164e-4,85.344724357128,18.92531104385855,90.45440950244668,17.2055270522833,50.745792686939,137.4007761478425,87.05338910222041,8.73541510850191,3.74647253192961,0.388202053727582,9027.81,0.429,18.06,0.4200258900895708,0.4200258900895708,414.0265546580398,66.93626303181054,88.75,6210.398319870597,331.22124372643185,1331.25,71.00000000000001,19.888322707339395,1.0607105443914346,13068.853084913495,10.738966378378377,718.8262781929049,495955.31509383256,362.34,2592.18036,370.31147999999996,1110.9344399999998,38.72609916642794,5.532299880918278,0.4900481276073822,191.0170566011184,RESIDUES,1.2986064030672553,0.47282371087619796,16.33238500063828,2.33319785723404,86.92385977050317,3143.305096532426,227.17554547707448,6.286610193064852,0.45435109095414894,46.95967408635605,3.393908401625475,0.5623756047114882,1093.228818339521,156.17554547707442,2.222877733604472,0.6506070697825297,0.9152913073294255,0.5607305277521184,1.01230133881894,3.6396673974120537,0.5603236054909136,3,2,4,3,3,2,3,20,0.75,0.4858900142875528,0.3469055613272357,0.264438740987781,0.4286452947259565,0.43639409481014213,0.6506070697825297,0.5607305277521184,0.5553081261702267,0.75
410,0.0690589547157288,0.0179318692535162,0.15246658100187782,0.123846925795078,0.138625606894493,0.292904794216156,0.1839262171089646,0.016033134773373595,0.00513371964916587,7.22236363799311e-5,34.5294773578644,8.9659346267581,76.2332905009389,61.923462897539,69.3128034472465,146.452397108078,91.96310855448229,8.016567386686798,2.566859824582935,0.03611181818996555,6888.97,0.207,13.78,0.4195871573016045,0.4195871573016045,486.29448912315047,56.41263497069479,88.75,7294.417336847257,389.0355912985204,1331.25,71.00000000000001,23.59843678090125,1.2585832949814002,11014.185811575653,10.738966378378377,605.8133902660236,426811.9687293763,311.83,2230.83182,318.69025999999997,956.0707799999999,39.54489665584441,5.649270950834915,0.3546297445086222,165.0551115911481,RESIDUES,1.3404598984115685,0.4706887996948719,16.745245371877804,2.3921779102682574,75.61887494194643,2881.7068049244826,205.9490592369227,5.763413609848965,0.4118981184738454,51.08264853115743,3.6507612052496574,0.382878035415182,944.6434146584588,134.9490592369227,2.1797571284511985,0.5645036147705143,0.9155419054903564,0.5626739049713868,1.05157914079332,3.432279787084763,0.4440587651215764,4,1,2,3,2,3,1,16,0.4166666666666667,0.38218113124542497,0.42146224106683333,0.1772877787115344,0.20734229576008273,0.43534298251431097,0.5645036147705143,0.5626739049713868,0.4045471759665918,0.4166666666666667
416,0.0652804374694824,0.0486129634082317,0.19419978912174746,0.0409325771033764,0.0868460163474083,0.333635210990906,0.2046830310523505,0.019380346968770036,0.0063935462385416,3.61118181899656e-5,32.6402187347412,24.30648170411585,97.09989456087372,20.4662885516882,43.42300817370415,166.817605495453,102.34151552617524,9.690173484385019,3.1967731192707998,0.0180559090949828,7703.62,0.292,15.41,0.39833552958816276,0.39833552958816276,440.9660096307846,71.85392197504655,88.75,6614.490144461769,352.7728077046277,1331.25,71.00000000000001,18.527172399334262,0.9881158612978275,14028.992766155034,10.738966378378377,771.6368522446481,444695.91974914906,324.89,2324.2630599999998,332.03758,996.1127399999999,32.34705909034681,4.621008441478116,0.38965575724670404,181.8027768896224,RESIDUES,1.262968528298366,0.44041744316654124,14.480680025455397,2.0686685750650566,90.74924208929016,3143.3805049393354,219.6419503849553,6.286761009878671,0.4392839007699106,43.74681880316804,3.056784436362884,0.49866925257205374,1040.4936526946872,148.6419503849553,2.2293648152523633,0.6635605091149109,0.8801582026758864,0.28827491605791655,1.65229065990057,3.6452044779638095,0.4059103762852162,3,2,2,2,3,1,1,14,0.25,0.3477078125425458,0.2888067723084591,0.30516411692851614,0.2916235780765254,0.38442851291296287,0.6635605091149109,0.28827491605791655,0.3550800513273858,0.25
417,0.0782109573483467,0.0367014072835445,0.23718966224789625,0.0833009481430054,0.056625809520483,0.276110619306564,0.1886375152766702,0.021511031031608577,0.0197056196630001,0.0020064702257514,39.10547867417335,18.35070364177225,118.59483112394813,41.6504740715027,28.3129047602415,138.055309653282,94.3187576383351,10.755515515804289,9.85280983150005,1.0032351128757,7398.48,0.26,14.8,0.33886087100207773,0.33886087100207773,349.1503225816783,87.76017503172162,88.75,5237.2548387251745,279.32025806534267,1331.25,71.00000000000001,15.169181231906261,0.8090229990350007,17134.581200788023,10.738966378378377,942.45356902626,405401.4570887833,296.18,2118.87172,302.69596,908.08788,24.143886668800707,3.4491266669715293,0.312696904689103,183.6589975040542,RESIDUES,1.1911327605348498,0.37990749711643523,11.977154491035009,1.7110220701478585,104.53401955055617,3324.820743541463,221.15959635931472,6.649641487082926,0.44231919271862946,37.885302101319645,2.520045069182859,0.511502924634769,1051.117174515203,150.15959635931472,2.270797131439956,0.7462927796899957,0.9151028974127401,0.559269417508489,1.56231886024822,3.6645346607718694,0.43795568537368623,2,3,2,1,4,2,1,15,0.3333333333333333,0.37015350413377385,0.18281163957630214,0.43689105102844156,0.2600827300930714,0.24193962982771658,0.7462927796899957,0.559269417508489,0.396633295045777,0.3333333333333333
418,0.0863071233034134,0.036828737705946,0.3153001259863372,0.0484568774700165,0.044564351439476,0.239022195339203,0.1864323753118513,0.02633088538050648,0.0167392939329147,1.80559090949828e-5,43.1535616517067,18.414368852973002,157.6500629931686,24.22843873500825,22.282175719738,119.5110976696015,93.21618765592565,13.16544269025324,8.36964696645735,0.0090279545474914,7802.47,0.302,15.6,0.3136106411069631,0.3136106411069631,307.5062302006781,116.66104661494477,88.75,4612.593453010171,246.00498416054248,1331.25,71.00000000000001,11.41126398766134,0.6086007460086049,22777.281101252996,10.738966378378377,1252.8190572643243,390262.2041448153,285.12,2039.7484800000002,291.39264000000003,874.1779200000001,17.4844006563087,2.4977715223298143,0.2830464283556465,200.51984925542453,RESIDUES,1.1099583548712932,0.29671770042289375,9.837175600237,1.4053108000338568,129.48890337828735,3731.6842585229706,234.9450287512351,7.463368517045941,0.4698900575024702,31.987405966276718,2.0139115460424617,0.6280766984592672,1147.6152012586458,163.9450287512351,2.304946735111664,0.8144828909598478,0.946597438288779,0.8035081343548472,1.47978341204411,3.849198679138497,0.5531682006788163,1,4,2,1,4,4,3,19,0.6666666666666666,0.41557752558245226,0.07615864932256562,0.6762323461096251,0.3014477766287487,0.1814453430014554,0.8144828909598478,0.8035081343548472,0.5460296923364333,0.6666666666666666
419,0.0819590762257576,0.0190157331526279,0.23373119384050353,0.0197370368987322,0.0471689142286777,0.175652876496315,0.39178125375509215,0.02844417428970334,0.00245560356415808,5.41677254659589e-5,40.9795381128788,9.50786657631395,116.86559692025176,9.8685184493661,23.58445711433885,87.8264382481575,195.89062687754608,14.22208714485167,1.22780178207904,0.027083862732979448,7542.04,0.275,15.08,0.3860876046121117,0.3860876046121117,263.95483572795973,86.4805417209863,88.75,3959.3225359193957,211.1638685823678,1331.25,71.00000000000001,15.39363622738437,0.8209939321271665,16884.741443037972,10.738966378378377,928.7116299256203,558787.5236032422,408.25,2920.6205,417.2315,1251.6944999999998,33.77199589501705,4.824570842145293,0.6131060432312396,222.02745963641405,RESIDUES,1.2282809541525912,0.4561482923786551,14.693566109828861,2.0990808728326944,106.22240230068601,3530.6691869167453,252.5296509987322,7.0613383738334905,0.5050593019974644,40.826168715591606,2.920074804959861,0.7767775674918849,1270.707556991125,181.52965099873217,2.2061590343718023,0.6172230817303512,0.9028768279294453,0.46445681063711397,1.24808390923327,3.641750256978916,0.5034572955398091,2,3,2,2,2,2,2,15,0.3333333333333333,0.3922143949092647,0.23599199595556952,0.42629382412687633,0.27456049638055846,0.35508503803746827,0.6172230817303512,0.46445681063711397,0.4815694198204095,0.3333333333333333
420,0.0246748812496662,0.014422869309783,0.23652737548947325,0.0593388378620148,0.213956445455551,0.132113352417946,0.2870983037352565,0.02493499973416329,0.00687878811731935,5.41677254659589e-5,12.3374406248331,7.2114346548915,118.26368774473663,29.6694189310074,106.9782227277755,66.056676208973,143.54915186762827,12.467499867081644,3.439394058659675,0.027083862732979448,6509.68,0.168,13.02,0.44836721402406704,0.44836721402406704,492.49121605888,87.51512893110511,88.75,7387.3682408832,393.99297284710406,1331.25,71.00000000000001,15.211655587549958,0.8112882980026646,17086.737605359547,10.738966378378377,939.8220271905866,436201.1536708122,318.69,2279.90826,325.70118,977.1035400000001,26.05159002616361,3.7216557180233725,0.3730186179178225,191.38562791478878,RESIDUES,1.1986518997814548,0.3994614581104246,12.51598711057384,1.7879981586534055,104.9001755528881,3366.4102528725057,227.47688938313132,6.7328205057450115,0.45495377876626264,38.466609076502174,2.59928645665607,0.5649238596627552,1095.3382256819193,156.47688938313132,2.2628018641145573,0.7303277871298377,0.9356216613214836,0.7183914884753221,1.07107927004883,3.5880179131654493,0.5193286877846989,2,3,1,4,4,4,2,20,0.75,0.4518760722314631,0.19332354513364203,0.43486171253921097,0.16804550155118925,0.5042939985437358,0.7303277871298377,0.7183914884753221,0.5021498994245017,0.75
421,0.0133608374744654,0.0248531326651573,0.20646492427587468,0.120509639382362,0.292813807725906,0.170493319630623,0.1475773724019528,0.01813943180441854,0.00578753696754575,0,6.6804187372327,12.42656633257865,103.23246213793733,60.254819691181005,146.406903862953,85.2466598153115,73.7886862009764,9.06971590220927,2.893768483772875,0,6207.19,0.137,12.41,0.46759928838163584,0.46759928838163584,639.8628374432021,76.39202198207363,88.75,9597.942561648031,511.89026995456175,1331.25,71.00000000000001,17.426557976334163,0.929416425404489,14915.026129689184,10.738966378378377,820.3713556418306,332485.389610564,242.91,1737.7781400000001,248.25402,744.76206,22.748162634152976,3.2497375191647104,0.1698895851276007,156.5578953918361,RESIDUES,1.2167464965051846,0.35549011818436416,11.72913248868864,1.6755903555269485,92.94972510763513,3047.6335025483872,199.0017352723652,6.095267005096774,0.3980034705447304,39.89465684340118,2.6050067809314372,0.32412936874263665,896.0121469065565,128.0017352723652,2.1801070180444673,0.5652022761818303,0.9542863907207054,0.8631356070415549,0.895089446481498,3.499967409497437,0.5173085067440493,2,3,1,4,2,4,2,18,0.5833333333333334,0.4220941180485931,0.2191472560091204,0.3427461922566629,0.1365046535677353,0.5503700393276594,0.5652022761818303,0.8631356070415549,0.4995303249056343,0.5833333333333334
422,0.0613802745938301,0.0473019108176231,0.24840128302574113,0.053474772721529,0.280341893434525,0.143797129392624,0.13349872407317154,0.020273288518190352,0.0111589105799794,3.71839269064367e-4,30.69013729691505,23.650955408811548,124.20064151287056,26.7373863607645,140.1709467172625,71.89856469631201,66.74936203658577,10.136644259095176,5.5794552899897,0.1859196345321835,7493.19,0.27,14.99,0.45981660172343297,0.45981660172343297,601.6097008381792,91.90847471952421,88.75,9024.145512572688,481.2877606705434,1331.25,71.00000000000001,14.484518474085842,0.772507651951245,17944.508685779536,10.738966378378377,987.0020199010095,349360.58111126476,255.24,1825.98696,260.85528000000005,782.56584,19.867449281171716,2.8382070401673887,0.2029399257267009,172.27193709394317,RESIDUES,1.1654901248067886,0.3250590146766057,10.727484634957282,1.532497804993897,107.11841967165985,3304.1987702770653,211.84953576800794,6.60839754055413,0.4236990715360159,35.9509694874215,2.305005456945142,0.43277424447385726,985.9467503760557,140.84953576800794,2.243979316527226,0.6927428234300818,0.9282104408124306,0.660917814084544,0.482731812579548,3.6921441840755964,0.7174278679937498,1,3,2,4,3,3,4,20,0.75,0.48718837090842676,0.14783266526174993,0.4712450121816371,0.26990692864529475,0.5317243445781106,0.6927428234300818,0.660917814084544,0.7590256715668263,0.75
423,0.118865244090557,0.0331684835255146,0.2405390956401822,0.0977446734905243,0.102006629109383,0.15251387655735,0.2033349840939048,0.022238340228796,0.0295886993408203,0,59.4326220452785,16.5842417627573,120.26954782009109,48.87233674526215,51.0033145546915,76.256938278675,101.6674920469524,11.119170114397999,14.79434967041015,0,7665.45,0.288,15.33,0.3504828515946869,0.3504828515946869,323.8105808012192,88.99946538686741,88.75,4857.158712018288,259.04846464097534,1331.25,71.00000000000001,14.95795501931674,0.7977576010302263,17376.54426904676,10.738966378378377,955.7622664832193,418381.09056809335,305.67,2186.7631800000004,312.39474,937.18422,24.57052040138069,3.510074343054384,0.3381177307179434,187.9014818339744,RESIDUES,1.189763884585305,0.38527993642171493,12.083193490630629,1.7261704986615183,105.88834966469476,3362.4100273154218,224.62825154745744,6.724820054630843,0.4492565030949149,37.78011488832575,2.5239280996917444,0.5408349190098396,1075.3977608322023,153.62825154745747,2.302438466025851,0.8094743658331552,0.9392895504336503,0.7468357999455638,0.322707474099879,3.625525637707454,0.7225023067754673,2,3,2,1,4,4,4,20,0.75,0.4764545809740846,0.18090951540432837,0.44715417952019265,0.28748707342295765,0.26978347245326695,0.8094743658331552,0.7468357999455638,0.7656057108121535,0.75
424,0.128517955541611,0.0346743613481522,0.1911774327307941,0.116299249231815,0.129594653844833,0.227056831121445,0.1364569566249848,0.016789515659213078,0.0193789321929216,5.41677254659589e-5,64.2589777708055,17.3371806740761,95.58871636539705,58.149624615907506,64.7973269224165,113.52841556072251,68.2284783124924,8.394757829606538,9.6894660964608,0.027083862732979448,7835.99,0.305,15.67,0.38400528331845996,0.38400528331845996,419.75882487960126,70.73565011039382,88.75,6296.382373194018,335.807059903681,1331.25,71.00000000000001,18.82007160353203,1.0037371521883751,13810.657740472565,10.738966378378377,759.627768288256,405555.3546333659,296.3,2119.7302000000004,302.8186,908.4558000000001,29.96692893458725,4.280989847798178,0.3129983155658689,170.96693647197537,RESIDUES,1.2588683152386582,0.4229938019845583,13.832882984596097,1.976126140656585,89.04686868178267,3069.3557391046656,210.7825672594871,6.1387114782093315,0.4215651345189742,43.391920966506504,2.97986329284496,0.42375163698110474,978.4779708164097,139.78256725948708,2.2398232728786387,0.6844440132428838,0.9032599280322519,0.4674277343251731,0.37585873596666,3.542109816379702,0.6665596134005065,3,2,2,2,3,2,4,18,0.5833333333333334,0.4399473754284,0.28238907442977995,0.2959031977355392,0.3050672182006205,0.350096230326574,0.6844440132428838,0.4674277343251731,0.6930646607116451,0.5833333333333334
425,0.21939417719841,0.0385599136352539,0.25704413083195693,0.0310862325131893,0.0637865364551544,0.107029601931572,0.2507849559187886,0.02494327548146247,0.00737118115648627,0,109.697088599205,19.27995681762695,128.52206541597846,15.543116256594649,31.893268227577202,53.514800965786,125.39247795939428,12.471637740731236,3.685590578243135,0,9581.61,0.486,19.16,0.36486254172027094,0.36486254172027094,229.72504983738065,95.10632840782407,88.75,3445.87574756071,183.78003986990456,1331.25,71.00000000000001,13.997491253068736,0.7465328668303327,18568.868011300565,10.738966378378377,1021.343663142635,529610.534309942,386.93,2768.0972200000006,395.44246000000004,1186.32738,29.105289483263018,4.157898497609002,0.5559624289641171,220.94703088065097,RESIDUES,1.1930485181524597,0.4289741532560128,13.295898057527305,1.8994140082181863,113.46646417387568,3617.117710278777,251.64629244802026,7.234235420557554,0.5032925848960406,38.03235568897442,2.645946875048519,0.7693076211768909,1264.524047136142,180.64629244802026,2.228523850784539,0.6618812667674383,0.9015461937733321,0.45413780391908665,0.566269830087718,3.740067421452916,0.7215369858704337,2,4,4,2,3,2,4,21,0.8333333333333334,0.4866743834865215,0.18547084287385351,0.4977278966522263,0.48552223371251296,0.30423421221061625,0.6618812667674383,0.45413780391908665,0.7643539764405927,0.8333333333333334
426,0.164833515882492,0.0656464919447899,0.16312555298209155,0.00418483791872859,0.0324278809130192,0.276156514883041,0.26833530378341697,0.019672364622354492,0.00561754498630762,0,82.416757941246,32.82324597239495,81.56277649104578,2.092418959364295,16.2139404565096,138.0782574415205,134.1676518917085,9.836182311177247,2.80877249315381,0,9324.93,0.459,18.65,0.39692673049867144,0.39692673049867144,307.1382823076841,60.35645460337388,88.75,4607.074234615261,245.7106258461473,1331.25,71.00000000000001,22.05646452808022,1.1763447748309452,11784.189947426294,10.738966378378377,648.1659367037529,559955.0981342845,409.1,2926.7014000000004,418.10020000000003,1254.3006,48.49028027296355,6.92718289613765,0.6153927571878889,201.90554008283925,RESIDUES,1.348625354426426,0.5064640917065772,19.145355614335763,2.7350508020479665,81.39824498139758,3134.9617237058587,236.0779695717294,6.269923447411718,0.47215593914345877,51.94078652079436,3.9113955768789115,0.6376571877185122,1155.5457870021057,165.0779695717294,2.2254093554429324,0.6556622258106166,0.937187329631827,0.7305331742560542,0.677475828551697,3.6427974475592624,0.644206827736115,4,1,4,2,3,4,4,22,0.9166666666666666,0.5224851708468946,0.43698014449366984,0.20994834729452316,0.45915201654601856,0.3810533239917423,0.6556622258106166,0.7305331742560542,0.6640797397694528,0.9166666666666666
427,0.0233503356575966,0.0177889261394739,0.22657895396649863,0.141074076294899,0.177908957004547,0.270799994468689,0.1187502554655076,0.018385947480797787,0.00536260474473238,0,11.6751678287983,8.89446306973695,113.28947698324932,70.5370381474495,88.9544785022735,135.3999972343445,59.3751277327538,9.192973740398893,2.68130237236619,0,6263.04,0.143,12.53,0.3935522235408425,0.3935522235408425,535.6872662772982,83.83421296760449,88.75,8035.3089941594735,428.54981302183864,1331.25,71.00000000000001,15.879555051282301,0.8469096027350562,16368.06363453986,10.738966378378377,900.2927944169171,321438.8175709412,234.84,1680.04536,240.00648,720.01944,20.040092231189778,2.862870318741397,0.14825469177857586,159.21437111500245,RESIDUES,1.1859370398995608,0.32203044151336035,10.869257985609018,1.552751140801288,99.42209836911023,3142.7584831822996,201.17366982362603,6.285516966364599,0.40234733964725206,37.4877794152697,2.3996607435363444,0.34249590233709143,911.2156887653821,130.173669823626,2.1702757268167856,0.5455711012731347,0.9210754279336179,0.6055861171703881,0.884151080034452,3.5472503347980853,0.5443034193368036,2,3,1,2,2,3,3,16,0.4166666666666667,0.37080888374119814,0.17562314690193676,0.4043783691129644,0.14270941054808686,0.37296870881587757,0.5455711012731347,0.6055861171703881,0.5345347050795484,0.4166666666666667
428,0.0589985996484756,0.035101268440485,0.20606602662801757,0.0487987026572227,0.157549738883972,0.33218315243721,0.1390284083783626,0.017813526004552847,0.00437031872570515,9.02795436559245e-5,29.4992998242378,17.5506342202425,103.03301331400878,24.39935132861135,78.774869441986,166.091576218605,69.5142041891813,8.906763002276424,2.185159362852575,0.04513977182796225,7521.84,0.273,15.04,0.43156158211827256,0.43156158211827256,551.4495683880147,76.2444298523665,88.75,8271.74352582022,441.15965471041176,1331.25,71.00000000000001,17.46029188725949,0.9312155673205064,14886.209763607989,10.738966378378377,818.7863687231925,397266.3134089172,290.24,2076.37696,296.62528000000003,889.87584,27.23316265883983,3.8904518084056905,0.29676409175296375,173.0274258330257,RESIDUES,1.2326834849297745,0.40384707196449254,12.988103726987688,1.8554433895696698,93.98524949689886,3140.306932250765,212.4672233610818,6.28061386450153,0.42493444672216363,41.187361992625554,2.786658956890176,0.4379975970479408,990.2705635275727,141.4672233610818,2.1863760519281255,0.5777203165723045,0.8825469917293967,0.30679986536714265,1.0153212836682,3.6576502470700665,0.5688261244067085,2,2,2,3,2,1,3,15,0.3333333333333333,0.3803443360606479,0.24252353570689417,0.3415239145351702,0.27249224405377453,0.46403120802544456,0.5777203165723045,0.30679986536714265,0.5663333667055218,0.3333333333333333
434,0.09011510014534,0.0307024363428354,0.2692181931436064,0.0902547165751457,0.04499227181077,0.229351967573166,0.2075330455899239,0.024184256166219727,0.0126730129122734,9.75019065663218e-4,45.05755007267,15.351218171417699,134.6090965718032,45.12735828757285,22.496135905385,114.675983786583,103.76652279496194,12.092128083109863,6.3365064561367,0.48750953283160897,7481.36,0.269,14.96,0.3205844565480948,0.3205844565480948,296.92180649816993,99.61073146313437,88.75,4453.827097472548,237.53744519853595,1331.25,71.00000000000001,13.364523886592396,0.7127746072849279,19448.322272694128,10.738966378378377,1069.7162961082772,410354.3215209976,299.8,2144.7692,306.3956,919.1868,21.53150738375787,3.075929626251124,0.32239717128572526,193.54645358947735,RESIDUES,1.1556075923102087,0.35441476454477205,11.120338611239445,1.5886198016056352,115.11091755437147,3508.6713592915744,229.24358045475677,7.017342718583149,0.4584871609095135,35.22382887621022,2.3013944088905633,0.5798635321769176,1107.705063183297,158.24358045475674,2.2829087869773796,0.7704773982495153,0.9181398553769186,0.5828208869268477,1.49563600588831,3.6954599882138903,0.4702391871713975,1,4,2,1,4,3,2,17,0.5,0.3850830986772638,0.1346836170681353,0.5350309121589086,0.2683557394002069,0.19815315094307162,0.7704773982495153,0.5828208869268477,0.43849540392979103,0.5
435,0.0514532588422298,0.0147863663733006,0.11971214556694047,0.167744100093842,0.0231799017637968,0.516428649425507,0.08676202958822254,0.01055959850549699,0.00937397219240665,0,25.7266294211149,7.393183186650299,59.85607278347024,83.872050046921,11.5899508818984,258.2143247127535,43.38101479411127,5.279799252748495,4.6869860962033245,0,6544.82,0.172,13.09,0.355781669944525,0.355781669944525,471.5054273460064,44.29349385976798,88.75,7072.581410190096,377.20434187680513,1331.25,71.00000000000001,30.055204139341594,1.6029442207648854,8648.00539575578,10.738966378378377,475.6663413409574,377880.8308395551,276.08,1975.07632,282.15376,846.46128,44.59066440441657,6.370094914916653,0.2587973047349479,142.44199159829483,RESIDUES,1.4101253695648228,0.4840553767085814,18.40505083876062,2.629292976965803,62.45937939832253,2622.1403476563182,187.46057233076587,5.244280695312637,0.37492114466153176,59.199221356480585,4.232237197730688,0.22653381423437058,815.224006315361,116.46057233076586,2.0720722349380227,0.34947784342227617,0.9487817829083535,0.820447626476195,1.4104826874215,3.3957586709246295,0.33709341786415453,4,1,1,1,1,4,1,13,0.16666666666666666,0.2809806978777098,0.5682360639033442,0.07692364538745047,0.17166494312306102,0.2824783365565589,0.34947784342227617,0.820447626476195,0.2658449050120816,0.16666666666666666
436,0.232973352074623,0.0349220559000969,0.1929603150784966,0.0256031043827534,0.0650554746389389,0.163524031639099,0.24794402432441695,0.020825276523828477,0.0159215666353703,2.70838645519689e-4,116.4866760373115,17.46102795004845,96.4801575392483,12.8015521913767,32.52773731946945,81.7620158195495,123.97201216220847,10.412638261914239,7.9607833176851495,0.1354193227598445,9702.28,0.498,19.4,0.39768881691992264,0.39768881691992264,270.7430686764418,71.39531657904374,88.75,4061.1460301466263,216.59445494115346,1331.25,71.00000000000001,18.646181063237336,0.9944629900393248,13939.453161270592,10.738966378378377,766.711904316031,566242.9452861388,413.69,2959.53826,422.79118,1268.37354,41.452834748949016,5.921833535564145,0.6277076094368389,212.37556846318674,RESIDUES,1.2926946579765783,0.4866311284701425,17.0244759974253,2.4320679996321855,92.29234434627648,3313.429757744542,244.6382647755015,6.626859515489084,0.48927652955100304,46.40962343904101,3.42653098967151,0.7100456256423264,1215.4678534285106,173.6382647755015,2.220948032825289,0.6467538329451427,0.9057832828938657,0.4869962352909218,1.13418512886538,3.645310021081351,0.5332747750563855,3,2,4,2,3,2,2,18,0.5833333333333334,0.465738304918364,0.336958871018705,0.3013661965407362,0.4979317476732161,0.38287912418227793,0.6467538329451427,0.4869962352909218,0.5202338305770602,0.5833333333333334
437,0.0572509095072746,0.0553836822509766,0.23665909808874122,0.0465502887964249,0.147938922047615,0.168680414557457,0.2552637537717816,0.023822787940502153,0.00837794132530689,7.22236363799311e-5,28.6254547536373,27.6918411254883,118.32954904437061,23.27514439821245,73.9694610238075,84.3402072787285,127.6318768858908,11.911393970251076,4.188970662653445,0.03611181818996555,7473.15,0.268,14.95,0.40044785493612267,0.40044785493612267,413.60459638595574,87.56386629283425,88.75,6204.068945789336,330.8836771087646,1331.25,71.00000000000001,15.203188899265658,0.8108367412941686,17096.253245930664,10.738966378378377,940.3454160795667,431573.50237742043,315.3,2255.6562000000004,322.23660000000007,966.7098000000001,25.760125671661793,3.6800179530945423,0.36395528661197546,190.2339035778377,RESIDUES,1.1974843021625088,0.3966574577296616,12.433743769555068,1.7762491099364381,104.85635532232585,3360.3420930362477,226.53523956524015,6.7206841860724955,0.4530704791304803,38.375899047199105,2.587085851230607,0.5569609848125572,1088.7466769566809,155.53523956524012,2.29509845922497,0.794817800993189,0.9438262455805372,0.7820176622803712,1.02736364965441,3.6646764357869004,0.5694790540883736,2,3,2,3,4,4,3,21,0.8333333333333334,0.48561397088671265,0.1916832151499222,0.43526532885373975,0.2678386763185108,0.38948920408293086,0.794817800993189,0.7820176622803712,0.5671800224865067,0.8333333333333334
438,0.0441006645560265,0.0190212354063988,0.18122100464999696,0.115690536797047,0.360090255737305,0.1313546448946,0.12357139822840679,0.015711726054549225,0.00920244492590427,3.61118181899656e-5,22.05033227801325,9.5106177031994,90.61050232499848,57.845268398523494,180.04512786865251,65.6773224473,61.785699114203396,7.855863027274612,4.601222462952135,0.0180559090949828,6548.27,0.172,13.1,0.5174594726040963,0.5174594726040963,712.9890763462341,67.05177172049888,88.75,10694.83614519351,570.3912610769873,1331.25,71.00000000000001,19.854061508609085,1.0588832804591515,13091.40537591578,10.738966378378377,720.0667221171395,343669.959444216,251.08,1796.2263200000002,256.60376,769.8112800000001,26.788648143220698,3.8269497347458135,0.19179474942995953,152.36637017600515,RESIDUES,1.2612527122528214,0.39315608500874166,13.005222493244279,1.8578889276063257,84.56922894383624,2923.3399319084524,195.57474425590183,5.846679863816905,0.39114948851180364,43.59825038023175,2.916772208065477,0.29514969916869316,872.0232097913126,124.57474425590182,2.1512755922476416,0.507631530938224,0.9306059706636104,0.6794950379698561,0.779696002961954,3.4554000949670125,0.5227521870632441,3,2,1,4,1,4,2,17,0.5,0.4189857807323356,0.286120175901769,0.2653953211055877,0.172182006204757,0.6698246462002615,0.507631530938224,0.6794950379698561,0.5065891607060323,0.5
439,0.0135780433192849,0.00961422361433506,0.1358329220712183,0.170039296150208,0.401143759489059,0.16378279030323,0.0916789534986019,0.011743418633937823,0.00258663622662425,0,6.78902165964245,4.80711180716753,67.91646103560915,85.019648075104,200.5718797445295,81.891395151615,45.83947674930095,5.871709316968912,1.293318113312125,0,5756.57,0.09,11.51,0.5415353623665863,0.5415353623665863,799.0673958384981,50.25818116635077,88.75,11986.010937577472,639.2539166707986,1331.25,71.00000000000001,26.488224784610956,1.412705321845918,9812.570290424808,10.738966378378377,539.7209177838903,311089.5827104829,227.28,1625.96112,232.28016000000002,696.84048,32.35216799068378,4.621738284383398,0.12798554478465737,130.78084174623635,RESIDUES,1.3503024772203498,0.4245827096698506,14.892797473204048,2.1275424961720066,67.86374652951257,2619.45583126595,177.92641621172285,5.2389116625319,0.35585283242344573,52.11998863619338,3.5402478180179244,0.14591011470644097,748.4849134820599,106.92641621172284,2.04269816279598,0.2908235390540527,0.9365408243655442,0.7255195556326607,0.730862240278508,3.3001621428963688,0.454947324039393,4,1,1,4,1,4,1,16,0.4166666666666667,0.34106817000672235,0.44022069689226884,0.1263199406030085,0.08996897621509825,0.7275054588874879,0.2908235390540527,0.7255195556326607,0.4186664013797394,0.4166666666666667
440,0.0564588271081448,0.02324253693223,0.2303298930972817,0.051796942949295,0.177612632513046,0.181077510118484,0.23253484717011413,0.022625969275832176,0.0243208911269903,0,28.2294135540724,11.621268466115,115.16494654864084,25.8984714746475,88.80631625652299,90.53875505924199,116.26742358505707,11.312984637916088,12.16044556349515,0,7043.53,0.223,14.09,0.42396120934933357,0.42396120934933357,469.60543130971405,85.22206044599422,88.75,7044.08146964571,375.6843450477713,1331.25,71.00000000000001,15.620955337539884,0.8331176180021274,16639.031477347628,10.738966378378377,915.1968418256616,424107.97420432797,309.85,2216.6669,316.6667000000001,950.0001000000001,26.010482361016333,3.7157831944309057,0.3493339266788074,186.5911830912637,RESIDUES,1.2040810379075726,0.3978015714337141,12.530777283244108,1.7901110404634437,102.6142669944346,3314.345500893582,223.5569512954172,6.628691001787164,0.4471139025908344,38.89069899916237,2.623228658465571,0.531775680987486,1067.8986590679206,152.5569512954172,2.2764607598557265,0.7576019432040202,0.91987326827568106,0.5962634242803856,0.224256917073651,3.63513927602467,0.7516359750088166,2,3,2,3,4,3,4,21,0.8333333333333334,0.4847971859709655,0.20099245915866942,0.41587176687768,0.22337125129265772,0.44582229934696727,0.7576019432040202,0.5962634242803856,0.8033834215269703,0.8333333333333334
442,0.077915370464325,0.0252796038985252,0.17513844650983795,0.0805626735091209,0.223046898841858,0.255306273698807,0.13703072226047547,0.015804077804088594,0.00991595257073641,0,38.957685232162504,12.6398019492626,87.56922325491898,40.28133675456045,111.523449420929,127.6531368494035,68.51536113023774,7.902038902044297,4.957976285368205,0,7362.37,0.256,14.72,0.466075120955706,0.466075120955706,591.9041432949904,64.80122520864005,88.75,8878.562149424855,473.52331463599234,1331.25,71.00000000000001,20.543593052658863,1.0956582961418062,12652.001375870694,10.738966378378377,695.8981787933108,400639.62408933596,292.7,2093.9758,299.1394,897.4182,32.31383038296021,4.616261483280031,0.30337077630109416,165.1279026525898,RESIDUES,1.286775955639306,0.43584590825900305,14.58398370429724,2.0834262434710342,83.38465849444567,2972.2081912546128,206.0085732087574,5.9444163825092255,0.4120171464175148,45.86654313533448,3.17908453961284,0.38338130350970523,945.0600124613019,135.0085732087574,2.180125575634849,0.5652393320775647,0.9108330994867484,0.5261573308537871,0.304574112143175,3.5365015719399255,0.6811927682097245,3,2,2,4,2,2,4,19,0.6666666666666666,0.457856778593902,0.32713822701074,0.2467575192926688,0.2559462254395037,0.5467184519235668,0.5652393320775647,0.5261573308537871,0.7120395143002836,0.6666666666666666
443,0.108517043292522,0.0445990599691868,0.16035400797426697,0.0237636566162109,0.0957987904548645,0.252212792634964,0.2893302319049839,0.020237542733550086,0.00518689397722483,0,54.258521646261,22.2995299845934,80.17700398713349,11.88182830810545,47.89939522743225,126.106396317482,144.66511595249196,10.118771366775043,2.593446988612415,0,8198.98,0.343,16.4,0.4309475957378745,0.4309475957378745,391.060508152023,59.330982950478784,88.75,5865.907622280344,312.84840652161836,1331.25,71.00000000000001,22.43768658124443,1.19667661766637,11583.973536061045,10.738966378378377,637.1534311013324,535640.6813765884,391.34,2799.64636,399.94948000000005,1199.84844,47.18692023586991,6.740988605124274,0.5677725713501783,194.9244730603623,RESIDUES,1.3489889830373858,0.5019050619400973,18.802852889698556,2.686121841385508,80.03684235297484,3083.9951753203986,230.37024917415224,6.167990350640797,0.4607404983483045,51.97950584932137,3.8827984590518776,0.5893909826576823,1115.5917442190657,159.37024917415224,2.228309296365521,0.6614528433559421,0.9092200862699132,0.5136484874994215,0.534100088118269,3.568317754821127,0.6411490905721879,4,1,3,3,3,2,4,20,0.75,0.48017655071825993,0.4376803148719657,0.20145594896784336,0.342812823164426,0.4625602246578672,0.6614528433559421,0.5136484874994215,0.6601147632654452,0.75
444,0.126496836543083,0.0714854598045349,0.13352082167565776,0.10725511610508,0.180437818169594,0.154226779937744,0.20652771779894785,0.015640747711062386,0.00424624513834715,1.62503187311813e-4,63.248418271541496,35.74272990226745,66.76041083782889,53.627558052539996,90.218909084797,77.113389968872,103.26385889947393,7.820373855531193,2.123122569173575,0.08125159365590649,8150.02,0.338,16.3,0.4318838591650126,0.4318838591650126,441.2050086969884,49.40270401999337,88.75,6618.075130454826,352.9640069575907,1331.25,71.00000000000001,26.946905567380288,1.437168296926949,9645.544157849517,10.738966378378377,530.5339774716871,455873.4355110578,333.06,2382.71124,340.38732,1021.1619599999999,48.230381054359135,6.890054436337018,0.4115471060333269,166.45860327943024,RESIDUES,1.392671938474304,0.5002143659417816,19.28388126089789,2.7548401801282707,68.80175957339647,2814.4598557605223,207.0965540412622,5.6289197115210445,0.4141931080825244,56.969753206656556,4.19200847705522,0.39258159755112626,952.675878288835,136.09655404126218,2.2427628482521356,0.6903137730717787,0.9024245830309552,0.46094967223677036,0.666595583398872,3.429547792776288,0.5372533957676712,4,1,3,3,3,2,3,19,0.6666666666666666,0.438664493368857,0.5279200869159897,0.11923534429483373,0.33764219234746645,0.46480331664322727,0.6903137730717787,0.46094967223677036,0.525392919404154,0.6666666666666666
445,0.0865629464387894,0.0984384417533875,0.17125844895839695,0.0448958314955235,0.101544640958309,0.330778270959854,0.1473125995695588,0.015922692865133276,0.00321395182982087,7.22236363799311e-5,43.2814732193947,49.219220876693754,85.62922447919847,22.44791574776175,50.772320479154494,165.389135479927,73.6562997847794,7.961346432566638,1.606975914910435,0.03611181818996555,8497.98,0.374,17,0.3918328958749767,0.3918328958749767,456.81319792494133,63.36562611460687,88.75,6852.19796887412,365.4505583399531,1331.25,71.00000000000001,21.009024634148197,1.1204813138212375,12371.710352754593,10.738966378378377,680.4813283896581,413013.24408108374,301.74,2158.6479600000002,308.37828,925.1348400000002,34.066545102793434,4.866649300399062,0.3276047149295309,167.14471700743158,RESIDUES,1.2973730259773542,0.4460637734227097,15.09655475741317,2.1566506796304528,82.20885409525717,2968.3339727665903,207.6575206252761,5.936667945533181,0.4153150412505522,46.84454576993974,3.2771319934516905,0.3973253001662336,956.6026443769325,136.65752062527608,2.225159253575236,0.6551628210634645,0.9031220365078751,0.46635839189181894,0.700385672479655,3.6517123416798425,0.6431603163739377,3,2,3,2,3,2,4,19,0.6666666666666666,0.45454716802880935,0.3448236699328244,0.23486866862621586,0.3738366080661841,0.3688495581626261,0.6551628210634645,0.46635839189181894,0.6627227255004823,0.6666666666666666
452,0.109482944011688,0.0147374318912625,0.23512360575795208,0.0160862319171429,0.123554781079292,0.118778698146343,0.3482292464375498,0.02699859109520915,0.00397509709000587,0.00303339259698987,54.741472005843995,7.36871594563125,117.56180287897604,8.04311595857145,61.777390539646,59.389349073171495,174.1146232187749,13.499295547604575,1.987548545002935,1.516696298494935,7866.9,0.309,15.73,0.425299520924687,0.425299520924687,339.0574948149913,86.99573413044227,88.75,5085.862422224869,271.24599585199303,1331.25,71.00000000000001,15.30247446390774,0.816131971408413,16985.329279954458,10.738966378378377,934.2442638891638,542683.1113158554,396.48,2836.4179200000003,405.20256,1215.60768,32.604103504052816,4.6577290720075455,0.581565286421199,218.29177270401402,RESIDUES,1.2230631597524884,0.4494255127521842,14.360790055134878,2.0515414364478395,106.40127747056613,3514.8217374287774,249.4753533628019,7.029643474857555,0.4989507067256038,40.402230897421,2.8676734078562527,0.7509495055435114,1249.3274735396133,178.47535336280188,2.23090289714649,0.6666317592679407,0.90997709658411,0.5195190676900199,1.41117213966513,3.6472408370209326,0.4662054482982145,2,3,2,3,3,2,2,17,0.5,0.43327916261339877,0.2283258324704421,0.43056036737420067,0.3081695966907963,0.4490286148790884,0.6666317592679407,0.5195190676900199,0.4332648432249161,0.5
453,0.178891137242317,0.0109071377664804,0.24492116466164549,0.0193524789065123,0.0416677184402943,0.224780961871147,0.2295633284747604,0.02343624353408812,0.0260103940963745,4.69453632831573e-4,89.4455686211585,5.453568883240201,122.46058233082275,9.67623945325615,20.83385922014715,112.39048093557349,114.7816642373802,11.71812176704406,13.00519704818725,0.2347268164157865,8820.56,0.407,17.64,0.3700035540014506,0.3700035540014506,286.6535252995788,90.62083092480883,88.75,4299.802879493682,229.32282023966306,1331.25,71.00000000000001,14.690330980352444,0.7834843189521306,17693.10493515727,10.738966378378377,973.1740564822335,515490.56794719317,376.61,2694.26794,384.89542,1154.6862600000002,29.73122087387971,4.247317267697101,0.528308242194307,214.0186144549715,RESIDUES,1.2047864331137574,0.43172349524714826,13.516443424194712,1.9309204891706728,109.17874765570532,3529.2953907309266,245.9816191783847,7.058590781461853,0.4919632383567694,38.94574078292553,2.7144048081228034,0.7214054356124247,1224.871334248693,174.9816191783847,2.2471446082111424,0.6990632947949252,0.9127197286853188,0.5407880535697445,1.25068363103657,3.746585642289362,0.5567120488836146,2,3,3,2,3,2,3,18,0.5833333333333334,0.45271500912723905,0.20198779218808,0.4605814468098119,0.406928645294726,0.3165510058717775,0.6990632947949252,0.5407880535697445,0.5506250104139846,0.5833333333333334
454,0.166062340140343,0.0129611380398273,0.23674395918846106,0.0555411204695702,0.0559281595051289,0.171645253896713,0.2637562336921687,0.02412701582908627,0.0131625737994909,7.22236363799311e-5,83.0311700701715,6.48056901991365,118.37197959423052,27.7705602347851,27.96407975256445,85.8226269483565,131.87811684608437,12.063507914543136,6.581286899745449,0.03611181818996555,8440.22,0.368,16.88,0.3687235812842844,0.3687235812842844,267.89265068635325,87.59526489973058,88.75,4018.389760295299,214.31412054908262,1331.25,71.00000000000001,15.197739301592026,0.8105460960849082,17102.383611774425,10.738966378378377,940.6826046633543,516943.9680394975,377.68,2701.92272,385.98896,1157.96688,30.845533980550933,4.406504854364419,0.531154750222108,212.14746281632793,RESIDUES,1.2155434344176956,0.43828780232914655,13.861050144437003,1.9801500206338578,106.47584913494633,3486.0949638537627,244.45176559862975,6.972189927707525,0.4889035311972595,39.79775582440741,2.790696116718766,0.7084685323568197,1214.162359190408,173.45176559862975,2.2339811162353853,0.6727783636093159,0.878034974377528,0.27180937819838635,1.14023724418685,3.6540445288786088,0.5362778528115043,2,3,3,2,3,1,3,17,0.5,0.3994875482909401,0.21739497295806523,0.43552535503380396,0.36763185108583246,0.31348445808177017,0.6727783636093159,0.27180937819838635,0.524127930069726,0.5
455,0.165566191077232,0.01552056055516,0.1740072222501044,0.0711013227701187,0.124500788748264,0.171031400561333,0.25621390736103083,0.019928004190325775,0.00213059736415744,0,82.783095538616,7.760280277580001,87.0036111250522,35.55066138505935,62.250394374132,85.51570028066651,128.10695368051543,9.964002095162888,1.06529868207872,0,8385.87,0.362,16.77,0.4308705403432248,0.4308705403432248,371.3603565490989,64.38267223253862,88.75,5570.405348236483,297.0882852392792,1331.25,71.00000000000001,20.67714734162889,1.1027811915535408,12570.281735347542,10.738966378378377,691.4033524553874,531652.5028091327,388.42,2778.7566800000004,396.96524000000005,1190.8957200000002,43.16000848743325,6.165715498204751,0.559961657914383,198.03358246584517,RESIDUES,1.3200672618216192,0.4901560618252274,17.603894959111663,2.5148421370159517,84.98945784276606,3156.039151623913,232.91225702407502,6.312078303247826,0.46582451404815006,49.02000867911893,3.6176233285694925,0.61088696767522,1133.3857991685252,161.91225702407502,2.211123051227599,0.6271352571393625,0.9329720693485946,0.6978440245141257,1.07479241117895,3.5125876240380687,0.4796392350151513,3,2,3,3,3,4,2,20,0.75,0.4789674171181236,0.3841630579345028,0.24329129125619847,0.3619441571871768,0.4623756159962902,0.6271352571393625,0.6978440245141257,0.4506844727865673,0.75
457,0.074273481965065,0.00859461259096861,0.16328073437511947,0.0474307350814342,0.202579066157341,0.34497457742691,0.1417359603345394,0.015226216867566124,0.00190464605111629,0,37.1367409825325,4.297306295484305,81.64036718755973,23.7153675407171,101.2895330786705,172.487288713455,70.86798016726969,7.613108433783062,0.9523230255581451,0,7471.69,0.268,14.94,0.4906841844543813,0.4906841844543813,630.3225033574548,60.4138717187942,88.75,9454.83755036182,504.2580026859639,1331.25,71.00000000000001,22.035502147528486,1.1752267812015196,11795.400251258628,10.738966378378377,648.7825371757951,435670.02770577447,318.3,2277.1182000000003,325.30260000000004,975.9078000000001,37.69197595213236,5.384567993161766,0.3719783989641713,170.54118422559517,RESIDUES,1.3191545321202751,0.46421242781779715,16.15591382891438,2.307987689844911,79.69523268078028,2956.073842735722,210.43447222284664,5.912147685471444,0.4208689444456933,48.93038235482125,3.4832144710464306,0.42080804037005193,976.0413055599265,139.43447222284664,2.1317751198402517,0.46869288333171444,0.9430392752592077,0.7759147436115709,0.547992024798472,3.5623364661105974,0.6346606815406655,3,1,2,4,1,4,4,19,0.6666666666666666,0.47260011506136324,0.3825423248335918,0.21042384460694685,0.2673216132368149,0.6056766377301273,0.46869288333171444,0.7759147436115709,0.6517012247632226,0.6666666666666666
458,0.011411334387958,0.0211684443056583,0.2146625597923994,0.0204855035990477,0.324705690145493,0.201429978013039,0.17777238634228693,0.019716181918978684,0.0086479838937521,0,5.705667193979,10.584222152829149,107.3312798961997,10.24275179952385,162.3528450727465,100.7149890065195,88.88619317114346,9.858090959489342,4.32399194687605,0,6773.28,0.195,13.55,0.5298706304766243,0.5298706304766243,718.8960306296507,79.42514712318778,88.75,10783.44045944476,575.1168245037206,1331.25,71.00000000000001,16.761064325574893,0.8939234306973277,15507.223319402932,10.738966378378377,852.9439845536697,384803.60695211974,281.14,2011.27556,287.32508,861.97524,25.32290631933646,3.6175580456194947,0.27235567581488934,172.2173144669409,RESIDUES,1.2169362567111306,0.3874321887069043,12.409597839692829,1.7727996913846897,96.65534122882296,3169.828118710866,211.8048763081709,6.339656237421732,0.42360975261634176,39.9096285436461,2.6667231220820176,0.4323965906127263,985.6341341571962,140.8048763081709,2.186144193263997,0.5772573399516152,0.9475128199591647,0.8106068771331483,0.526473190841676,3.6375720804752816,0.6786253141112507,2,3,1,4,2,4,4,20,0.75,0.4900593615457008,0.2194179926521101,0.3678648845191818,0.19544984488107556,0.6995591930659905,0.5772573399516152,0.8106068771331483,0.7087102892459979,0.75
461,0.0179848540574312,0.0280522760003805,0.19481166681647258,0.154929965734482,0.16851618885994,0.187865510582924,0.21241429987549812,0.019690826296806317,0.0156803019344807,5.41677254659589e-5,8.9924270287156,14.02613800019025,97.40583340823629,77.464982867241,84.25809442997,93.932755291462,106.20714993774907,9.845413148403159,7.8401509672403495,0.027083862732979448,5956.27,0.111,11.91,0.3874939342662698,0.3874939342662698,455.6557292738564,72.08031672209485,88.75,6834.835939107846,364.52458341908516,1331.25,71.00000000000001,18.468980999800888,0.9850123199893809,14073.194810821979,10.738966378378377,774.0680978214413,366884.6883704534,268.04,1917.5581600000003,273.93688000000003,821.8106400000001,26.603076223889694,3.8004394605556704,0.23726117853069417,162.12082210241925,RESIDUES,1.2434392038190105,0.3951618336725144,12.87244467354222,1.8389206676488885,89.62749163594373,3033.1679868780075,203.54998415093803,6.066335973756015,0.40709996830187606,42.08039205172149,2.8239329876382695,0.36259073295628474,927.8498890565661,132.549984150938,2.2468302877067883,0.6984356579306047,0.9332859164697727,0.7002778945128716,0.24867027737641,3.434510944708437,0.6424984576275816,2,2,1,2,3,4,4,18,0.5833333333333334,0.40744609178720437,0.2586724003203533,0.30703899505466825,0.11065149948293695,0.3584543107064422,0.6984356579306047,0.7002778945128716,0.6618644913758386,0.5833333333333334
462,0.0150947403162718,0.0137653015553951,0.21056344056129497,0.134603545069695,0.193070217967033,0.171848461031914,0.23052082327008247,0.02131574043631556,0.00921780522912741,0,7.5473701581359,6.88265077769755,105.28172028064749,67.3017725348475,96.5351089835165,85.924230515957,115.26041163504124,10.65787021815778,4.608902614563705,0,5936.62,0.109,11.87,0.4124601004943249,0.4124601004943249,485.0009551046785,77.90847300767915,88.75,7275.014326570177,388.0007640837428,1331.25,71.00000000000001,17.08735839128542,0.911325780868556,15211.102946147948,10.738966378378377,836.6564722202656,382651.1779457982,279.56,1999.9722400000003,285.71032,857.1309600000001,25.670792441315985,3.6672560630451403,0.2681401081413992,170.53501125570725,RESIDUES,1.2224590533854882,0.3899877977689682,12.527597304114309,1.7896567577306155,95.23991816367631,3143.9124486389296,210.42942520266624,6.28782489727786,0.4208588504053325,40.35392207377811,2.7009825385991713,0.42076536124528696,976.0059764186637,139.42942520266624,2.237413284055635,0.6796317346706479,0.928857340034333,0.6659344878156582,0.376293651300496,3.4672780728656245,0.6279833933052956,2,3,1,3,3,3,4,19,0.6666666666666666,0.41660654492654664,0.2274522530822698,0.35530461463331897,0.10858324715615303,0.4182680402061601,0.6796317346706479,0.6659344878156582,0.6430427660585101,0.6666666666666666
463,0.10461188107729,0.0462628789246082,0.18291069683432581,0.0435592979192734,0.127507880330086,0.242753177881241,0.22689836990833254,0.019454435616731634,0.00604141782969236,0,52.305940538645,23.1314394623041,91.45534841716291,21.7796489596367,63.753940165043005,121.37658894062051,113.44918495416627,9.727217808365817,3.02070891484618,0,8099.3,0.333,16.2,0.4243668125718836,0.4243668125718836,433.3673313932126,67.67695782870055,88.75,6500.50997089819,346.69386511457014,1331.25,71.00000000000001,19.670653686437443,1.0491015299433306,13213.468739311696,10.738966378378377,726.7805747133465,477048.8254793044,348.53,2493.38362,356.19766,1068.5929800000001,36.8424305701076,5.263204367158228,0.4530194561835612,186.79781717481373,RESIDUES,1.2904887900421598,0.4640409228048841,15.796828071983995,2.256689724569142,87.33635542209404,3127.1118419682407,223.7258953221277,6.254223683936481,0.44745179064425544,46.20644813679982,3.3057912545124726,0.5332043226288097,1069.0812672548939,152.7258953221277,2.2433749239268668,0.6915359690529305,0.9222035703483222,0.6143348097413276,0.564685997266552,3.5981355377205,0.6489621128088764,3,2,3,3,3,3,4,21,0.8333333333333334,0.4980491692501381,0.3332848060583236,0.2705727723244158,0.3324715615305067,0.4467940401106957,0.6915359690529305,0.6143348097413276,0.6702459314898497,0.8333333333333334
470,0.168297827243805,0.0156417936086655,0.3144187035262583,0.0191924832761288,0.043358713388443,0.157725736498833,0.246835329473019,0.028401604741811755,0.00596532830968499,1.62503187311813e-4,84.1489136219025,7.820896804332751,157.20935176312915,9.5962416380644,21.6793566942215,78.86286824941651,123.41766473650951,14.200802370905878,2.982664154842495,0.08125159365590649,8844.2,0.41,17.69,0.34398896236717735,0.34398896236717735,243.2564460031691,116.33492030471557,88.75,3648.8466900475364,194.60515680253528,1331.25,71.00000000000001,11.443253637970976,0.6103068606917855,22713.6071427369,10.738966378378377,1249.3167977836686,492064.6477716029,359.5,2571.863,367.409,1102.227,22.107403290976862,3.1582004701395516,0.4824281915520113,226.6095653040146,RESIDUES,1.1292339459449126,0.3696535040222125,11.148259359708058,1.5926084799582942,131.36934110688088,3877.4986619316046,256.27598059256235,7.7549973238632095,0.5125519611851247,33.33047937605741,2.2029153406500797,0.8084576603846658,1296.9318641479363,185.27598059256235,2.248319757651203,0.701409839482436,0.8882262355271303,0.35084213997199043,1.29916743334364,3.8469910865043233,0.596414720062503,1,4,3,1,3,1,3,16,0.4166666666666667,0.3923040407217049,0.10044574967218044,0.6735315454356547,0.4095139607032059,0.254225467667618,0.701409839482436,0.35084213997199043,0.6021075774010226,0.4166666666666667
471,0.226115122437477,0.012093985453248,0.2635711160302167,0.0103576062247157,0.100901760160923,0.137680128216743,0.22169670796394378,0.02432870262861256,0.00305628497153521,1.986150018638e-4,113.0575612187385,6.046992726624,131.78555801510836,5.1788031123578495,50.4508800804615,68.8400641083715,110.84835398197188,12.164351314306279,1.5281424857676051,0.0993075009319,9634.36,0.491,19.27,0.4058120907843112,0.4058120907843112,313.4239009401199,97.52131293118019,88.75,4701.358514101798,250.73912075209591,1331.25,71.00000000000001,13.65086215501887,0.7280459816010065,19040.377422022855,10.738966378378377,1047.2781007432604,534059.699143307,390.18,2791.34772,398.76396000000005,1196.29188,28.622950574607483,4.088992939229641,0.5646761915971601,223.86034872002455,RESIDUES,1.1864679529999655,0.42626390711972795,13.137615863504347,1.8768022662149069,115.70591252732643,3659.7256485377047,254.02822111349207,7.3194512970754095,0.5080564422269841,37.52744439690159,2.604848247815913,0.7894499283327799,1281.1975477944445,183.0282211134921,2.2288246385524317,0.6624818813912097,0.9294036043820859,0.6701707427234287,1.08143943852056,3.7711773810330556,0.6109412117010773,2,4,4,3,3,3,3,22,0.9166666666666666,0.5210755732819328,0.17634041773928938,0.5177274846147082,0.49120992761116855,0.4023407948744592,0.6624818813912097,0.6701707427234287,0.6209441205519837,0.9166666666666666
472,0.200344175100327,0.00628537498414516,0.10016458334773762,0.0477632321417332,0.0874466896057129,0.33380138874054,0.20641215857863401,0.013545269079506378,0.00423715030774474,0,100.17208755016351,3.14268749207258,50.08229167386881,23.8816160708666,43.72334480285645,166.90069437027,103.206079289317,6.772634539753189,2.11857515387237,0,9013.97,0.427,18.03,0.4644981853552166,0.4644981853552166,432.64663468461515,37.060895838662915,88.75,6489.699520269227,346.1173077476921,1331.25,71.00000000000001,35.92061038662764,1.9157658872868075,7235.889501040565,10.738966378378377,397.9957143639842,578700.38226895,422.79,3024.6396600000003,432.09138,1296.27414,81.61269692905306,11.658956704150437,0.6521057050232885,185.1587614523945,RESIDUES,1.4981931686136793,0.5620550120570627,28.593497258067792,4.084785322581113,55.52438096818792,2788.9463379083286,222.38580336347772,5.577892675816657,0.4447716067269554,75.25307402307381,6.00055120986792,0.5218721008710613,1059.7006235443441,151.38580336347772,2.1373240275264873,0.4797729718793898,0.9203976035002205,0.6003296198456077,0.939214798789721,3.4607718461362347,0.48631634259927015,4,1,3,4,1,3,2,18,0.5833333333333334,0.3839495244745796,0.858541513979336,0.017027203434545366,0.42709410548086874,0.5429404429739926,0.4797729718793898,0.6003296198456077,0.45934269724028737,0.5833333333333334
474,0.141987785696983,0.0274930689483881,0.18943218541145362,0.0513688288629055,0.217757165431976,0.213428437709808,0.13397522592544553,0.016592741250991843,0.00136037031188607,0.00660420767962933,70.9938928484915,13.74653447419405,94.71609270572681,25.68441443145275,108.878582715988,106.71421885490399,66.98761296272276,8.296370625495921,0.680185155943035,3.302103839814665,8432.41,0.367,16.86,0.4707492607235902,0.4707492607235902,550.818562743663,70.08990860223784,88.75,8262.278441154946,440.6548501949305,1331.25,71.00000000000001,18.993461777142276,1.012984628114255,13684.581074123409,10.738966378378377,752.6931719430455,439467.804912083,321.07,2296.93478,328.13354,984.40062,32.771262308746444,4.681608901249492,0.3794164081970019,179.11339067792576,RESIDUES,1.2699508054586055,0.44213601184188567,14.62552567082639,2.0893608101180554,89.01073588393199,3109.0449294709506,217.44310821827216,6.218089858941902,0.4348862164365443,44.35795382634704,3.1023454382323106,0.48007518006657857,1025.101757527905,146.44310821827213,2.19983463612654,0.6045944894864951,0.9085451510517787,0.5084143959062014,0.332703351656326,3.6079704206168337,0.7110213450553795,3,2,3,4,2,2,4,20,0.75,0.49609988832971896,0.29985806520654146,0.29055551787734946,0.3665977249224405,0.5579167163733938,0.6045944894864951,0.5084143959062014,0.7507183149952105,0.75
475,0.0285328663885593,0.00962913874536753,0.1594271262139079,0.0300650745630264,0.308686852455139,0.193429678678513,0.24798311984539062,0.01872414655983447,0.00352205918170512,0,14.26643319427965,4.814569372683765,79.71356310695394,15.0325372815132,154.3434262275695,96.7148393392565,123.99155992269532,9.362073279917235,1.76102959085256,0,6748.03,0.193,13.5,0.5530217581912877,0.5530217581912877,684.9632289420814,58.988036699145916,88.75,10274.448434131222,547.9705831536651,1331.25,71.00000000000001,22.56813541345198,1.2036338887174391,11517.015597692705,10.738966378378377,633.4705428386778,461201.5143931194,336.95,2410.5402999999997,344.36289999999997,1033.0887,40.86490134083242,5.837843048690345,0.4219822363122156,175.84732194059825,RESIDUES,1.3335211997918852,0.4781204275394027,17.06124579231849,2.4373208274740703,78.66179747241281,2971.12993576911,214.77277041863317,5.94225987153822,0.42954554083726637,50.36834758414885,3.6409547161915095,0.45749399829149184,1006.409392930432,143.77277041863314,2.181339417352778,0.5676631377124788,0.8470523577621224,0.03154061046262849,0.465951823177662,3.4966986222544483,0.6210768275897999,4,1,1,4,2,1,4,17,0.5,0.31884469315146824,0.4085453754260676,0.198615854692455,0.1928645294725957,0.7550244686749551,0.5676631377124788,0.03154061046262849,0.6340870025912031,0.5
476,0.0278021935373545,0.0503309220075607,0.3581711627244949,0.0939164087176323,0.153474912047386,0.0633771643042564,0.18654884138703384,0.029022966712713254,0.0371929667890072,1.62503187311813e-4,13.90109676867725,25.16546100378035,179.08558136224744,46.95820435881615,76.737456023693,31.6885821521282,93.27442069351692,14.511483356356626,18.5964833945036,0.08125159365590649,6618.65,0.179,13.24,0.306850495018065,0.306850495018065,345.9111343732473,132.5233302080631,88.75,5188.667015598709,276.72890749859783,1331.25,71.00000000000001,10.04540104681887,0.5357547224970066,25874.284795217507,10.738966378378377,1423.1635874551253,289527.19880080386,211.53,1513.28562,216.18366,648.55098,11.419012921152259,1.6312875601646084,0.08575526062380175,185.51373106203772,RESIDUES,1.0623064954390797,0.12299091825255179,8.011662429153592,1.1445232041647988,140.78039447724345,3816.1457730693796,222.67602651632205,7.6322915461387595,0.44535205303264414,28.79602985435084,1.6802779266618053,0.5243263153792789,1061.7321856142544,151.67602651632205,2.3814564775265894,0.9672579538465598,0.9093487061070055,0.5146459284240578,0.220879541718104,3.830293760530948,0.8527904952862625,1,4,1,1,4,2,4,17,0.5,0.34280229194115175,0.01844827301754771,0.8075951490337352,0.17942088934850056,0.16524944228340488,0.9672579538465598,0.5146459284240578,0.9345507765586,0.5
478,0.0116386637091637,0.0230666697025299,0.19528197847306697,0.245133504271507,0.257758021354675,0.154257819056511,0.08673086544871332,0.015296673938631992,0.0108358589932323,0,5.819331854581851,11.53333485126495,97.64098923653349,122.5667521357535,128.8790106773375,77.1289095282555,43.36543272435666,7.648336969315996,5.41792949661615,0,5367.08,0.05,10.73,0.39172003243118503,0.39172003243118503,565.5465217868234,72.25433203503478,88.75,8483.197826802352,452.43721742945877,1331.25,71.00000000000001,18.42450082237978,0.9826400438602552,14107.170124894357,10.738966378378377,775.9368424164262,252249.5640219397,184.29,1318.41066,188.34438,565.03314,18.24680434884828,2.606686335549754,0.01274639870249192,132.9246891451732,RESIDUES,1.214208623103533,0.2787200111499636,10.528843869828865,1.5041205528326949,87.73183301352508,2867.9414233320817,179.6792258450936,5.735882846664164,0.3593584516901872,39.692311070587024,2.48676059669295,0.16073240159224983,760.7545809156553,108.67922584509361,2.132161559660787,0.46946452843233494,0.9376237098839044,0.7339172830526856,0.226394479864448,3.333872753667124,0.5962362422466095,2,2,1,2,1,4,3,15,0.3333333333333333,0.32401742241054676,0.21548819161705549,0.3084800952042976,0.04963805584281287,0.36857916088033227,0.46946452843233494,0.7339172830526856,0.6018761447079669,0.3333333333333333
479,0.0444642677903175,0.0413630343973637,0.19554389527440055,0.0852382332086563,0.129019528627396,0.134054020047188,0.3399240968227384,0.024224658936262113,0.00616828305646777,0,22.23213389515875,20.68151719868185,97.77194763720027,42.61911660432815,64.509764313698,67.027010023594,169.96204841136918,12.112329468131056,3.084141528233885,0,6791.83,0.197,13.58,0.400353050425649,0.400353050425649,355.73798410341215,72.3512412515282,88.75,5336.069761551183,284.59038728272975,1331.25,71.00000000000001,18.399822545848604,0.9813238691119257,14126.090994622695,10.738966378378377,776.977547234104,479774.5831170647,350.52,2507.6200799999997,358.23143999999996,1074.6943199999998,34.65897801645572,4.951282573779388,0.45835789742820343,191.12359535110673,RESIDUES,1.2688079482105894,0.4547426812989081,15.118449137738192,2.1597784482483133,91.79982996284085,3202.0661081475587,227.26265155906492,6.4041322162951175,0.45452530311812983,44.257238061965175,3.141102317360239,0.5631122000109323,1093.8385609134543,156.26265155906492,2.262275832912904,0.7292774052127591,0.9254031579470764,0.6391474645005457,0.261012753063875,3.4948494359531694,0.6704843244961896,3,2,1,3,4,3,4,20,0.75,0.46266064789451633,0.2980367992515182,0.3092826446123335,0.19700103412616343,0.38926207224005893,0.7292774052127591,0.6391474645005457,0.698153844786386,0.75
480,0.0401532389223576,0.0180989727377892,0.12480745726823789,0.183612376451492,0.190070286393166,0.276200920343399,0.144529390007257,0.012912290483713122,0.00939843710511923,2.16670901863836e-4,20.0766194611788,9.0494863688946,62.40372863411894,91.806188225746,95.03514319658301,138.1004601716995,72.2646950036285,6.456145241856561,4.699218552559615,0.108335450931918,6089.2,0.125,12.18,0.42696820627152937,0.42696820627152937,550.8491048334545,46.17875918924802,88.75,8262.736572501817,440.67928386676357,1331.25,71.00000000000001,28.82818904995525,1.5375034159976135,9016.090713057503,10.738966378378377,495.912142328566,369576.8923997449,270.01,1931.65154,275.95022,827.8506600000001,41.82987100376127,5.975695857680181,0.24253390448030235,142.02367171321754,RESIDUES,1.394282709429767,0.4740058823257748,17.601812872840053,2.5145446961200073,64.38624548048948,2639.9920202776525,187.11855399272667,5.279984040555305,0.37423710798545334,57.16896830117367,4.052048112117621,0.22364160401934824,812.8298779490867,116.11855399272666,2.1382170961536833,0.4815562560909884,0.8979110019906502,0.4259470587360656,0.354806782927516,3.301395553788908,0.5479866478986597,4,1,1,3,1,1,3,14,0.25,0.318509873757878,0.5315225385440695,0.0925363871772635,0.12461220268872804,0.4530264370935385,0.4815562560909884,0.4259470587360656,0.5393107580637405,0.25
481,0.0454347208142281,0.0143162803724408,0.17775844182074033,0.0319482162594795,0.194571539759636,0.370796531438828,0.14657785999774955,0.016304377183318123,0.00229206425137818,0,22.71736040711405,7.1581401862203995,88.87922091037017,15.97410812973975,97.285769879818,185.398265719414,73.28892999887478,8.152188591659062,1.14603212568909,0,7261.01,0.246,14.52,0.4841282844766979,0.4841282844766979,639.9828049997245,65.77062347367392,88.75,9599.742074995867,511.9862439997797,1331.25,71.00000000000001,20.240799458634612,1.0795093044605129,12841.269837130281,10.738966378378377,706.3085141687679,421295.0036462942,307.8,2202.0011999999997,314.5716,943.7148,33.48001103990442,4.782858719986346,0.34382467749284135,171.136128920785,RESIDUES,1.2868321951960717,0.4440021802443632,14.891850514865212,2.1274072164093156,84.6357557840421,3017.004807208205,210.92089900563386,6.03400961441641,0.4218417980112677,45.8716163518782,3.2069165208698287,0.42492141194569066,979.446293039437,139.92089900563383,2.1364715638260363,0.4780707678027017,0.9368397115998714,0.7278374123965097,0.435420830528354,3.611724080531257,0.687711032180744,3,2,2,4,1,4,4,20,0.75,0.4782709046775091,0.32722996713335384,0.25478554832752137,0.24560496380558428,0.5899700681146566,0.4780707678027017,0.7278374123965097,0.7204917657877262,0.75
489,0.356666803359985,0.0241019334644079,0.22694358186423821,0.0105404630303383,0.0725623965263367,0.0662885680794716,0.2154570570588114,0.021812568441033398,0.00559239508584142,3.42656385328155e-5,178.3334016799925,12.05096673220395,113.4717909321191,5.27023151516915,36.28119826316835,33.1442840397358,107.72852852940571,10.9062842205167,2.79619754292071,0.01713281926640775,11418.69,0.676,22.84,0.4026748949959874,0.4026748949959874,205.94358714647603,83.96912528976814,88.75,3089.1538071971404,164.75486971718084,1331.25,71.00000000000001,15.854041534980908,0.8455488818656487,16394.404353872567,10.738966378378377,901.7416133086616,613653.3563729343,448.33,3207.35282,458.19326,1374.57978,38.19681113661457,5.456687305230653,0.7205616807104526,234.15354368708975,RESIDUES,1.2490522747255361,0.47772055475411024,15.959527464474466,2.279932494924924,104.88182694989844,3573.0991745386136,262.4439373185646,7.146198349077228,0.5248878746371293,42.55253537783375,3.1254813767905727,0.8606157626403262,1340.1075612299521,191.4439373185646,2.121861811802415,0.44889793681781276,0.9286284833819645,0.6641597149959421,1.04529329318886,3.7302339259036144,0.5987750009956668,3,3,4,3,1,3,3,20,0.75,0.5106707062648982,0.26721027491245164,0.40549563956676626,0.6758014477766288,0.3948247277876516,0.44889793681781276,0.6641597149959421,0.6051681604207981,0.75
490,0.401116907596588,0.0186002925038338,0.1585553368628023,0.00701450882479548,0.127440556883812,0.172191008925438,0.09964674590528019,0.013448537036776531,0.00198614993132651,0,200.558453798294,9.3001462519169,79.27766843140115,3.50725441239774,63.720278441906004,86.095504462719,49.8233729526401,6.724268518388266,0.9930749656632549,0,12146.91,0.751,24.29,0.4706421566158534,0.4706421566158534,366.58012638904165,58.665474639236855,88.75,5498.701895835625,293.26410111123334,1331.25,71.00000000000001,22.692222438947567,1.2102518634105373,11454.037534968838,10.738966378378377,630.0065597223739,610374.0329305831,445.94,3190.2547600000003,455.75068000000005,1367.2520399999999,54.380447437244165,7.768635348177738,0.714139071716663,213.19230574058895,RESIDUES,1.3694753655161185,0.5219260309893955,20.798301074316694,2.9711858677595275,80.34092232474548,3181.398763936913,245.30602917350552,6.362797527873826,0.49061205834701105,54.22948989164264,4.181437731170065,0.7156924427814536,1220.1422042145387,174.30602917350552,2.147991071693118,0.5010729827268242,0.8928246647090583,0.38650274691093484,0.908712977297267,3.6645471624734123,0.5985677270637546,4,1,4,4,1,1,3,18,0.5833333333333334,0.48790382720683084,0.4783672853852243,0.19594457120052372,0.750775594622544,0.5576601172596188,0.5010729827268242,0.38650274691093484,0.6048993877219473,0.5833333333333334
493,0.101025216281414,0.00988987926393747,0.2681002196669576,0.0190246477723122,0.0347401015460491,0.173280611634254,0.35907465487718543,0.02944792270660397,0.0053987167775631,1.80559090949828e-5,50.512608140707,4.944939631968735,134.05010983347879,9.5123238861561,17.37005077302455,86.640305817127,179.5373274385927,14.723961353301986,2.69935838878155,0.0090279545474914,7754.46,0.297,15.51,0.3661543042957778,0.3661543042957778,243.58775306269482,99.1970812767743,88.75,3653.8162959404217,194.87020245015586,1331.25,71.00000000000001,13.420253729901777,0.7157468655947615,19367.559868741013,10.738966378378377,1065.2741206645464,540232.0333011835,394.69,2823.61226,403.37318,1210.11954,28.464670771125924,4.066381538732275,0.5767648097441486,226.67172345275466,RESIDUES,1.1826544247994824,0.42569681660859243,13.077880830436776,1.8682686900623966,117.315867099171,3693.811728329352,256.3268010949722,7.387623456658703,0.5126536021899444,37.23710093871693,2.584015555657158,0.8088874138798878,1297.2876076648054,185.3268010949722,2.211859294035167,0.6286053907155039,0.9369224145375384,0.7284787698766747,0.284691816994099,3.7145712633412504,0.7776200012565995,1,4,2,2,3,4,4,20,0.75,0.4817039320719519,0.17109007129252546,0.5316052863597385,0.296794208893485,0.30732900604333535,0.6286053907155039,0.7284787698766747,0.8370769824933608,0.75
494,0.0135255390778184,0.0233329553157091,0.2928360804319379,0.0296244379132986,0.268255650997162,0.0485695041716099,0.27681526046991317,0.028103584587573973,0.0189369898289442,0,6.7627695389092,11.66647765785455,146.41804021596894,14.8122189566493,134.127825498581,24.28475208580495,138.4076302349566,14.051792293786987,9.4684949144721,0,6551.09,0.172,13.1,0.4517625951506197,0.4517625951506197,517.8400400879235,108.34934975981702,88.75,7767.600601318853,414.2720320703388,1331.25,71.00000000000001,12.28664503249021,0.6552877350661447,21154.478450403192,10.738966378378377,1163.5600241898342,395316.9539147179,288.82,2066.21828,295.17404,885.52212,19.069964744414996,2.724280677773571,0.2929462390648504,195.92787449517928,RESIDUES,1.129857026604435,0.3216263607257832,10.349249107599848,1.4784641582285498,122.41927415415081,3616.1444355006447,231.1906301872586,7.232288871001289,0.46238126037451716,33.37486051846844,2.1337518932946944,0.5963283719214261,1121.33441131081,160.1906301872586,2.3151181451182032,0.8347932168653812,0.9243694525804247,0.6311311268964536,0.245374150079824,3.719877873853081,0.7900092448721392,1,4,1,4,4,3,4,21,0.8333333333333334,0.47467500567637644,0.10124830391196928,0.6073993946915345,0.172182006204757,0.5124286238761527,0.8347932168653812,0.6311311268964536,0.8531421500354107,0.8333333333333334
495,0.0352767631411552,0.0281228125095367,0.37823565271496734,0.105871543288231,0.0838986933231354,0.050138171762228,0.21044684225320778,0.031122125774621923,0.0767966210842133,9.08190704649314e-5,17.6383815705776,14.06140625476835,189.11782635748366,52.9357716441155,41.9493466615677,25.069085881114,105.2234211266039,15.56106288731096,38.39831054210665,0.0454095352324657,6157.69,0.132,12.32,0.24739064478874184,0.24739064478874184,226.2451965408772,139.9471915045379,88.75,3393.677948113158,180.99615723270176,1331.25,71.00000000000001,9.51251672640271,0.5073342254081447,27323.74355212924,10.738966378378377,1502.8881843157126,290990.95646937896,212.6,1520.9404,217.2772,651.8316,10.867959432759909,1.5525656332514155,0.08862205413538607,191.05020900001657,RESIDUES,1.0510184029969112,0.10136308090302648,7.813079665221006,1.1161542378887153,147.08707371900232,3927.556740464607,227.2026508784136,7.855113480929214,0.4544053017568272,28.06456277000209,1.62348846329686,0.5626048161598707,1093.418556148895,156.20265087841358,2.3876828146696782,0.9796907371570902,0.910617011499168,0.5244815784425902,0.137573363871311,3.8572936675874865,0.8871407480586905,1,4,1,1,4,2,4,17,0.5,0.25266513579908556,0.005220988231290865,0.8690755293774477,0.1318510858324716,0.022796036933810864,0.9796907371570902,0.5244815784425902,0.9790928473278475,0.5
497,0.00229889643378556,0.00799242500215769,0.1885809102356433,0.0715032666921616,0.293253630399704,0.217284709215164,0.19099729558825504,0.018546354889869686,0.00954256020486355,0,1.14944821689278,3.996212501078845,94.29045511782165,35.7516333460808,146.626815199852,108.64235460758199,95.49864779412752,9.273177444934843,4.771280102431775,0,6167.4,0.133,12.33,0.5078172584632411,0.5078172584632411,679.0143789339064,69.77493678718803,88.75,10185.215684008595,543.2115031471252,1331.25,71.00000000000001,19.07920037334154,1.0175573532448823,13623.084955422872,10.738966378378377,749.3107002110888,385560.9412242031,281.69,2015.2102599999998,287.88718,863.6615400000001,28.88157772390888,4.125939674844126,0.2738389274650225,165.13304231981272,RESIDUES,1.258532018899134,0.41377740665336815,13.544826714601744,1.9349752449431061,87.8139920633392,3025.6501280158413,206.01277540067892,6.051300256031682,0.41202555080135783,43.36299346632166,2.9525325981879886,0.383416838511923,945.0894278047523,135.0127754006789,2.170181088335959,0.545382126648421,0.9013430619777442,0.4525625261812599,0.325590209382004,3.514267206389736,0.6645984443205513,3,2,1,4,2,2,4,18,0.5833333333333334,0.4143097121217172,0.281865971898871,0.2879470926639087,0.13236814891416757,0.6467239112643796,0.545382126648421,0.4525625261812599,0.6905216071705677,0.5833333333333334
498,0.1574317663908,0.0358199365437031,0.1248701776415107,0.0582389459013939,0.218856871128082,0.148546576499939,0.23040771111845992,0.015938855424523345,0.00981696229428053,7.22236363799311e-5,78.7158831954,17.90996827185155,62.435088820755354,29.11947295069695,109.428435564041,74.2732882499695,115.20385555922996,7.969427712261672,4.908481147140265,0.03611181818996555,8472.19,0.371,16.94,0.4950193258449431,0.4950193258449431,499.1464589061584,46.20196572735896,88.75,7487.196883592375,399.3171671249267,1331.25,71.00000000000001,28.813709093154166,1.5367311516348892,9020.621632822733,10.738966378378377,496.16135656109793,519675.37847708946,379.67,2716.15918,388.02274000000006,1164.06822,58.78882288317008,8.398403269024298,0.5365042625683591,179.55056943386614,RESIDUES,1.4288370798077548,0.5270878145919716,22.241560565796377,3.1773657951137677,66.01508179125754,2855.0151755450006,217.80054556912896,5.710030351090001,0.4356010911382579,61.794236037328915,4.714096946748657,0.48309777810417337,1027.6038189839028,146.80054556912896,2.21922715820463,0.6433175812980575,0.9044360972046388,0.47654887219438974,0.37140166783293,3.4474761901195623,0.6190057513784032,4,1,3,4,3,2,4,21,0.8333333333333334,0.4759244059946403,0.6151623015188877,0.09272857110050016,0.3707342295760084,0.6160627327400496,0.6433175812980575,0.47654887219438974,0.6314014321592271,0.8333333333333334
507,0.329030066728592,0.0258029997348785,0.13325514698028595,0.00577789079397917,0.144563391804695,0.18926115334034,0.15447290968895003,0.013791933298110997,0.00377368507906795,2.70838645519689e-4,164.515033364296,12.901499867439249,66.62757349014298,2.888945396989585,72.2816959023475,94.63057667017,77.23645484447502,6.895966649055499,1.886842539533975,0.1354193227598445,11178.06,0.651,22.36,0.4878414233326915,0.4878414233326915,408.57223136335625,49.304404382705805,88.75,6128.583470450343,326.857785090685,1331.25,71.00000000000001,27.000630403456494,1.44003362151768,9626.351817855857,10.738966378378377,529.4783409718491,606973.82685346785,443.45,3172.4413,453.2059,1359.6177,64.34397372241206,9.191996246058865,0.7074797120909591,204.1408259624632,RESIDUES,1.4263570011197757,0.539653115430233,23.696438275161082,3.385205467880154,70.32568237731297,3029.067116120219,237.90553930690996,6.058134232240438,0.47581107861381994,61.436035056995955,4.825239089397835,0.65311166857196,1168.3387751483697,166.90553930690993,2.1692789635096807,0.5435807589700555,0.9074220161741482,0.4997045365550984,0.760196649677015,3.5964446170637254,0.6000514984142954,4,1,4,4,2,2,3,20,0.75,0.5049943311132257,0.6086848721458369,0.11842128017823197,0.6509824198552223,0.598865974722765,0.5435807589700555,0.4997045365550984,0.6068233982653054,0.75
510,0.115653984248638,0.0218373741954565,0.20849202767014482,0.0243609827011824,0.265598684549332,0.196813568472862,0.14292952528595879,0.0181029408574104,0.0011555781820789,0.00505536049604416,57.826992124319,10.91868709772825,104.24601383507242,12.1804913505912,132.799342274666,98.406784236431,71.4647626429794,9.051470428705201,0.57778909103945,2.52768024802208,8202.4,0.343,16.4,0.5023486939817666,0.5023486939817666,617.1050815737251,77.14205023795358,88.75,9256.576223605876,493.6840652589801,1331.25,71.00000000000001,17.25712495187262,0.9203799974332066,15061.464078891262,10.738966378378377,828.4258838645592,430855.13723661087,314.78,2251.93612,321.70516,965.1154799999999,29.19206986401894,4.170295694859848,0.36254835664751905,182.29089606104867,RESIDUES,1.2367195711105443,0.4208942878802698,13.524235525481284,1.9320336464973262,95.40308328487002,3202.963140201153,220.0410366195134,6.405926280402306,0.44008207323902676,41.52032685573228,2.8524136439305328,0.5020440461310223,1043.2872563365938,149.0410366195134,2.1979907862019115,0.6009126800946779,0.905475008008063,0.4846055777213847,0.470877738388791,3.6574420533911627,0.702501078417864,2,3,3,4,2,2,4,20,0.75,0.49540398285387555,0.24854461466227995,0.3489575182228319,0.342812823164426,0.6336223708172477,0.6009126800946779,0.4846055777213847,0.7396700609385272,0.75
511,0.0953243225812912,0.0247761253267527,0.2966791160106664,0.027498222887516,0.0844390988349915,0.0663915649056435,0.3554360076785092,0.03111172991991048,0.0183438379317522,0,47.6621612906456,12.38806266337635,148.3395580053332,13.749111443758,42.21954941749575,33.19578245282175,177.7180038392546,15.555864959955239,9.1719189658761,0,7628.52,0.284,15.26,0.35857091137766867,0.35857091137766867,240.2257771004738,109.77127292394657,88.75,3603.386656507107,192.18062168037906,1331.25,71.00000000000001,12.127489866336315,0.6467994595379369,21432.09934061054,10.738966378378377,1178.8300092420588,499012.2037532467,364.58,2608.2053199999996,372.60076,1117.80228,23.760363258309454,3.3943376083299226,0.4960350944138311,223.7102582921617,RESIDUES,1.1460548630211516,0.3863891099562189,11.663694117355858,1.6662420167651224,125.80390115451102,3790.418559499759,253.90550717967142,7.580837118999518,0.5078110143593428,34.53015036207055,2.3130414763030593,0.7884122222993655,1280.3385502577,182.90550717967142,2.2451449284990503,0.6950703236500042,0.9395041059691485,0.7484996682613021,0.244137697840732,3.7454354520546196,0.8034516571112789,1,4,2,1,3,4,4,19,0.6666666666666666,0.46870396788721747,0.12213967154692001,0.6191749887468453,0.2838676318510858,0.28916077754759845,0.6950703236500042,0.7484996682613021,0.8705729643363104,0.6666666666666666
512,0.0143494764342904,0.0571513585746288,0.31102650305628815,0.0557350628077984,0.165411621332169,0.0726374238729477,0.2667683161497121,0.028890491396188774,0.0280297789722681,0,7.1747382171452,28.5756792873144,155.51325152814408,27.8675314038992,82.7058106660845,36.318711936473854,133.38415807485603,14.445245698094388,14.01488948613405,0,6701.96,0.188,13.4,0.35673447525873847,0.35673447525873847,372.4526318337031,115.07980613082663,88.75,5586.789477505546,297.9621054669625,1331.25,71.00000000000001,11.568059112704708,0.6169631526775845,22468.554580786255,10.738966378378377,1235.8381688692489,362989.89189890574,265.2,1897.2408,271.0344,813.1032,16.486305145866794,2.355186449409542,0.2296331554683497,192.3442841993291,RESIDUES,1.108290398118828,0.2747198936676881,9.56575131937697,1.3665359027681387,127.54184415217136,3667.9129761988493,228.26068676137157,7.335825952397698,0.45652137352274313,31.87277681046005,1.9834990554457232,0.5715518866768919,1100.8248073296006,157.26068676137155,2.364121770620115,0.9326439183764482,0.9330170242226603,0.6981926474961538,0.24608365421952,3.7660634435457556,0.8135778882398579,1,4,1,1,4,4,4,19,0.6666666666666666,0.43706359503461345,0.07408578436221645,0.6631373726859404,0.18769389865563602,0.2847610594548074,0.9326439183764482,0.6981926474961538,0.8837036771302775,0.6666666666666666
513,0.0252544842660427,0.0581008158624172,0.3773734123408791,0.0495041534304619,0.100839093327522,0.151246190071106,0.17527102151513116,0.02982999157905577,0.0325452983379364,3.55722950189374e-5,12.62724213302135,29.0504079312086,188.68670617043955,24.75207671523095,50.419546663761,75.623095035553,87.63551075756558,14.914995789527884,16.2726491689682,0.0177861475094687,7068.08,0.226,14.14,0.2916399370431898,0.2916399370431898,333.1618706065412,139.62816256612527,88.75,4997.428059098118,266.5294964852329,1331.25,71.00000000000001,9.534251368305052,0.5084934063096028,27261.455307505104,10.738966378378377,1499.4621432723695,298465.94063151174,218.06,1560.00124,222.85732000000002,668.5719600000001,11.17254006161696,1.5960771516595658,0.10326193377889167,192.77306132706312,RESIDUES,1.052728518334578,0.11596321504602808,7.901549116673047,1.1287927309532926,146.99054869601665,3933.9909278594173,228.61125494100685,7.867981855718835,0.4572225098820137,28.174766863356474,1.6372861372628953,0.5745163969309792,1103.2787845870478,157.61125494100685,2.3700656449878994,0.9445126785064236,0.9316703421300031,0.6877491897678718,0.27770751271655,3.9556394852020333,0.9032640662304181,1,4,2,1,4,4,4,20,0.75,0.3550646523996866,0.007213833785930556,0.8664335052755732,0.2259565667011376,0.12880811637303755,0.9445126785064236,0.6877491897678718,1,0.75
514,0.0123431934043765,0.00724666425958276,0.17520085839927196,0.125005707144737,0.319270074367523,0.215349987149239,0.12109483516216296,0.015247100546956069,0.00920550897717476,3.61118181899656e-5,6.17159670218825,3.62333212979138,87.60042919963598,62.502853572368494,159.6350371837615,107.6749935746195,60.54741758108148,7.623550273478034,4.60275448858738,0.0180559090949828,6006.94,0.116,12.01,0.5012876324988903,0.5012876324988903,714.1403521098943,64.82431760773062,88.75,10712.105281648413,571.3122816879155,1331.25,71.00000000000001,20.536274798228526,1.0952679892388548,12656.510010763406,10.738966378378377,696.14616729074055,334830.95621494035,244.63,1750.0830200000003,250.01186000000004,750.03558,26.99732268051356,3.856760382930508,0.17448341596912295,148.40114093969243,RESIDUES,1.2701659504563878,0.3933649146069884,13.102018519740824,1.8717169313915465,82.33764098690992,2876.7255771167884,192.33277283229256,5.753451154233577,0.3846655456645851,44.37725969634773,2.9669849206304013,0.26773461107157853,849.3294098260478,121.33277283229255,2.1128124415177454,0.4308281058304344,0.9167013514461322,0.5716653550644669,0.568470378810507,3.43923841395947,0.5663466928111858,3,2,1,4,1,3,3,17,0.5,0.3849156700238176,0.30020717762186344,0.24694875797863555,0.1158221302998966,0.6310802887074196,0.4308281058304344,0.5716653550644669,0.5631182806819356,0.5
515,0.0600758939981461,0.0142612056806684,0.18157622379064609,0.0542020834982395,0.302177518606186,0.188594669103622,0.17637290775775938,0.017592436254024547,0.00514708831906319,0,30.03794699907305,7.130602840334199,90.78811189532304,27.10104174911975,151.088759303093,94.29733455181099,88.18645387887969,8.796218127012274,2.573544159531595,0,7134.28,0.233,14.27,0.523495472162962,0.523495472162962,668.7186724004148,67.18320280253904,88.75,10030.780086006222,534.9749379203319,1331.25,71.00000000000001,19.81522083596896,1.0568117779183448,13117.066406636271,10.738966378378377,721.4781560882427,417662.5959523869,305.14,2182.97156,311.85308,935.5592399999999,32.4928176826589,4.641831097522701,0.3367105471747681,171.31278939882037,RESIDUES,1.2788345207117395,0.43857642590673007,14.59378706860749,2.0848267240867844,85.91619895586462,3033.1855123755718,211.06533661247556,6.0663710247511435,0.4221306732249511,45.147974282954834,3.1416385020051294,0.42614281990976627,980.4573562873288,140.06533661247553,2.181445120498491,0.5678742063192194,0.9084673586691271,0.507811119554467,0.352941174557837,3.536933239256436,0.6695298075764926,3,2,2,4,2,2,4,19,0.6666666666666666,0.46434477409309255,0.31414418387150334,0.2664837618226377,0.2326783867631851,0.6842856427976768,0.5678742063192194,0.507811119554467,0.6969161199734346,0.6666666666666666
516,0.108208991587162,0.0189519133418798,0.1532510273605589,0.0796936079859734,0.121183417737484,0.246273219585419,0.25020482790470133,0.018415106520056755,0.00379988271743059,1.80559090949828e-5,54.104495793581,9.4759566709399,76.62551368027945,39.8468039929867,60.591708868742,123.1366097927095,125.10241395235067,9.207553260028378,1.899941358715295,0.0090279545474914,7623.72,0.283,15.25,0.43273449053615354,0.43273449053615354,424.3172414911542,56.70288012340679,88.75,6364.758622367313,339.4537931929234,1331.25,71.00000000000001,23.477643412516247,1.2521409820008669,11070.854216526775,10.738966378378377,608.930323202485,502844.687360324,367.38,2628.2365200000004,375.46236,1126.38708,46.35102333920198,6.621574762743139,0.5035410767044092,184.4741884454144,RESIDUES,1.3569414372268802,0.49786545689636236,18.619559941452984,2.6599371344932834,76.94248764955911,2995.962998513281,221.82609647297085,5.991925997026562,0.4436521929459417,52.836169732347614,3.9120781164941505,0.5171390506041571,1055.7826753107956,150.82609647297082,2.204813965105123,0.6145372402241875,0.9203895378682857,0.6002670712406905,0.473469171729925,3.472034222908356,0.6065502219345583,4,1,2,3,2,3,3,18,0.5833333333333334,0.45185351169197985,0.4531715616954333,0.17969143115990732,0.2833505687693899,0.4668412520744279,0.6145372402241875,0.6002670712406905,0.6152503115945044,0.5833333333333334
517,0.10451190918684,0.0280909519642591,0.17213065896928323,0.0296974126249552,0.210985392332077,0.354367762804031,0.0854594189375639,0.013800352722406393,9.56144765950739e-4,0,52.25595459342,14.045475982129549,86.06532948464161,14.848706312477601,105.4926961660385,177.1838814020155,42.72970946878195,6.900176361203196,0.47807238297536947,0,8255.16,0.349,16.51,0.49005511415749764,0.49005511415749764,649.1809467272457,63.68834381863479,88.75,9737.714200908684,519.3447573817965,1331.25,71.00000000000001,20.902568981711926,1.1148036790246363,12434.71880394102,10.738966378378377,683.9469829629213,417290.9587960365,304.87,2181.03998,311.57714,934.73142,34.24551258878618,4.89221608411231,0.3359826896807567,168.4851232205347,RESIDUES,1.2967032958703302,0.44735420598768433,15.14051079679079,2.162930113827256,82.5848853381465,2979.4710401786856,208.75343674510918,5.958942080357371,0.41750687349021837,46.782046156881094,3.277733792851892,0.40659269739048914,964.2740572157641,137.75343674510916,2.1221619319289458,0.4494972182917411,0.8633537346165931,0.15795703867587288,0.545396018473261,3.639008520896846,0.674713993633355,3,2,3,4,1,1,4,18,0.5833333333333334,0.39802820120724713,0.3436934752888731,0.23754124107806207,0.3485005170630818,0.6041695164432465,0.4494972182917411,0.15795703867587288,0.7036384688235444,0.5833333333333334
529,0.0908037945628166,0.0062654004432261,0.36350193172693207,0.0188632942736149,0.0269153080880642,0.134652033448219,0.3217250742316243,0.03411495757102962,0.0031582429073751,0,45.4018972814083,3.13270022161305,181.75096586346604,9.43164713680745,13.4576540440321,67.3260167241095,160.86253711581213,17.05747878551481,1.57912145368755,0,7680.11,0.289,15.36,0.31756323799490893,0.31756323799490893,207.29539604887336,134.49571473896486,88.75,3109.4309407331007,165.83631683909869,1331.25,71.00000000000001,9.898084876412218,0.5278978600753184,26259.37954795357,10.738966378378377,1444.3449586177128,473538.86992280727,345.96,2474.99784,353.57112,1060.71336,18.40205723136669,2.62886531876667,0.4461451503941947,234.65083880420437,RESIDUES,1.0899017785480711,0.3217399733951775,9.985103861864191,1.4264434088377413,146.58711870109184,4118.548639261936,262.8505258063175,8.237097278523873,0.5257010516126349,30.62215511665479,1.9543412689130595,0.8640539975148981,1342.9536806442227,191.85052580631748,2.228629868533217,0.662092963575063,0.9295836596218654,0.6715670628316751,0.509544289562807,3.887468725192667,0.8112514872595442,1,4,2,1,3,3,4,18,0.5833333333333334,0.4065014615002129,0.05147050931048767,0.8239293646529677,0.2890382626680455,0.19091494113348056,0.662092963575063,0.6715670628316751,0.8806870263420203,0.5833333333333334
530,0.0183581337332726,0.0417070984840393,0.2227225133627651,0.0794314369559288,0.227891579270363,0.0833829790353775,0.29235711193084735,0.02425453777611255,0.00987657159566879,1.80559090949828e-5,9.179066866636301,20.85354924201965,111.36125668138256,39.7157184779644,113.9457896351815,41.69148951768875,146.17855596542367,12.127268888056275,4.938285797834395,0.0090279545474914,6485.05,0.166,12.97,0.437067960508168,0.437067960508168,474.54773460112534,82.4073299442231,88.75,7118.21601901688,379.6381876809003,1331.25,71.00000000000001,16.154509567304856,0.8615738435895925,16089.47436532615,10.738966378378377,884.9695456029455,417631.3481589847,305.12,2182.8284800000006,311.83264,935.4979200000001,26.48828061141448,3.784040087344925,0.33664934785653394,182.84546908092278,RESIDUES,1.2129599635065922,0.4007424322203632,12.6986420910886,1.8140917272983712,99.95679192182055,3262.680734246883,220.4944555205625,6.525361468493766,0.440988911041125,39.592118036771836,2.675665570887964,0.5058782931039084,1046.4611886439372,149.49445552056247,2.2935956520114344,0.7918169875110396,0.9214120050030874,0.6081962568733514,0.334895579294582,3.542326000509926,0.6767363146115435,2,3,1,3,4,3,4,20,0.75,0.46204120460834547,0.21367637831714126,0.3925617002017159,0.16546018614270946,0.47722334271395717,0.7918169875110396,0.6081962568733514,0.7062608182055236,0.75
531,0.048779908567667,0.079303465783596,0.2626434770822522,0.0116059333086014,0.0982391312718391,0.0900464206933975,0.3677943667173389,0.02941269397735595,0.0121565517038107,1.80559090949828e-5,24.3899542838335,39.651732891798,131.3217385411261,5.8029666543007,49.11956563591955,45.02321034669875,183.89718335866945,14.706346988677975,6.07827585190535,0.0090279545474914,7644.7,0.286,15.29,0.36625582624971875,0.36625582624971875,278.8701824873685,97.17808652043333,88.75,4183.052737310527,223.0961459898948,1331.25,71.00000000000001,13.699076074317253,0.7306173906302535,18973.364784421898,10.738966378378377,1043.5922038580784,480955.5466142699,351.38,2513.7725200000004,359.11036,1077.33108,25.867689002823056,3.6953841432604357,0.46067083389568675,209.95937191910437,RESIDUES,1.1769142570087152,0.4024720475863613,12.365333794823725,1.7664762564033893,114.37027549472442,3576.4816812254962,242.66278248105976,7.1529633624509925,0.48532556496211954,36.80337624751935,2.497093647033643,0.6933403515791403,1201.639477367418,171.66278248105974,2.2932514917482734,0.7911297664567273,0.9436858556211338,0.780928944598226,0.343734902143097,3.7298009042535205,0.7709410149485226,1,4,2,2,4,4,4,21,0.8333333333333334,0.4986418464068712,0.1632469295680971,0.5148850702114725,0.2854188210961737,0.30757223148034635,0.7911297664567273,0.780928944598226,0.8284163218929247,0.8333333333333334
532,0.00443381350487471,0.0127374045550823,0.24545966526865967,0.0380434766411781,0.394690960645676,0.158825054764748,0.11490606169402642,0.01943445114791395,0.0114691630005836,0,2.216906752437355,6.36870227754115,122.72983263432984,19.02173832058905,197.345480322838,79.41252738237401,57.45303084701321,9.717225573956975,5.7345815002918,0,6519.11,0.169,13.04,0.5434906512014576,0.5434906512014576,797.0637717691818,90.82007614940407,88.75,11955.956576537727,637.65101741534545,1331.25,71.00000000000001,14.65810266234549,0.781765475325093,17732.006219007973,10.738966378378377,975.3137442502143,320450.74602751917,234.12,1674.8944800000002,239.27064000000001,717.8119200000001,18.441896891219358,2.634556698745622,0.14631953738077128,164.0403764498199,RESIDUES,1.1625576303068834,0.29933206710311,10.337316618774599,1.4767595169677998,105.58357251254189,3245.3996267478233,205.11941178537276,6.490799253495647,0.41023882357074554,35.734385659498464,2.2585249922928927,0.3758622863533145,938.8358824976093,134.11941178537276,2.1358085552091346,0.47674686865019544,0.9382973174660304,0.73914107888968394,0.401993705436673,3.6681578342203003,0.7249361762035165,1,3,1,4,1,4,4,18,0.5833333333333334,0.44817363497333296,0.14391613089768307,0.46223148736156644,0.16907962771458115,0.7321899233100385,0.47674686865019544,0.73914107888968394,0.7687617162431902,0.5833333333333334
533,0.00231575570069253,0.00634640082716942,0.15816896085441134,0.125969663262367,0.469520628452301,0.146164491772652,0.07506634394824506,0.012559162825346007,0.00388861726969481,0,1.157877850346265,3.17320041358471,79.08448042720568,62.984831631183496,234.7603142261505,73.082245886326,37.53317197412253,6.279581412673004,1.944308634847405,0,5869.45,0.102,11.74,0.5875735055757688,0.5875735055757688,896.5866900198165,58.5225155161322,88.75,13448.800350297248,717.2693520158533,1331.25,71.00000000000001,22.74765512485584,1.2132082733256448,11426.125732122675,10.738966378378377,628.4713265058706,298601.69056680956,218.16,1560.71664,222.95952,668.87856,26.668652675563408,3.8098075250804864,0.10352780226386338,134.27920984041003,RESIDUES,1.294941079307236,0.38449207077186454,13.131813746912327,1.875973392416047,75.7832094062347,2728.228100264506,180.78668196551928,5.456456200529011,0.36157336393103856,46.61843525014655,3.089181665741692,0.1700973845418394,768.5067737586348,109.78668196551928,2.011466685012013,0.22846035716520963,0.9092962039992613,0.514238776991762,0.673662893631659,3.3884896526034387,0.5144097134226229,3,1,1,4,1,2,2,14,0.25,0.32072605002691623,0.34073486224418315,0.19476066151914925,0.10186142709410552,0.837803252286336,0.22846035716520963,0.514238776991762,0.49577145133565476,0.25
534,0.0323880389332771,0.019804572686553,0.1357660231441256,0.178761526942253,0.205434545874596,0.186151996254921,0.21169409877061854,0.01596335966885088,0.0140358852222562,0,16.19401946663855,9.9022863432765,67.88301157206281,89.3807634711265,102.717272937298,93.0759981274605,105.84704938530928,7.9816798344254405,7.0179426111281,0,5880.94,0.103,11.76,0.42853329268842977,0.42853329268842977,507.8753544285154,50.233428563326484,88.75,7618.13031642773,406.30028354281234,1331.25,71.00000000000001,26.501276900137672,1.4134014346740094,9807.737511931635,10.738966378378377,539.4551004122351,391781.39357974613,286.23,2047.6894200000002,292.52706,877.58118,40.763481183025206,5.823354454717887,0.28602178589496297,151.0805167769463,RESIDUES,1.3714390715280502,0.472170922765097,17.212920526174823,2.4589886465964033,68.89208662855911,2735.3691140300543,194.52343051683133,5.4707382280601085,0.38904686103366265,54.453163804690874,3.872390081270413,0.2862594731277005,864.6640136178191,123.5234305168313,2.1992654052113583,0.6034578461503781,0.9104885589928873,0.5234854351607061,0.436834152732418,3.287246527138,0.5205569815823556,4,1,1,3,2,2,2,15,0.3333333333333333,0.3456794770066771,0.48241203136279553,0.12611495301128814,0.10289555325749743,0.45677605786947356,0.6034578461503781,0.5234854351607061,0.5037426314961728,0.3333333333333333
535,0.0509868338704109,0.0269982218742371,0.12218094173073787,0.238275423645973,0.141189426183701,0.256980568170547,0.14799704468250313,0.012869659870862988,0.00250386679545045,1.80559090949828e-5,25.49341693520545,13.49911093711855,61.090470865368935,119.1377118229865,70.59471309185051,128.4902840852735,73.99852234125157,6.434829935431494,1.251933397725225,0.0090279545474914,5994.25,0.115,11.99,0.375606479480863,0.375606479480863,456.3172327758375,45.20694844037301,88.75,6844.758491637563,365.05378622067,1331.25,71.00000000000001,29.44790670301248,1.5705550241606658,8826.351230628503,10.738966378378377,485.4758993702506,358524.53843398875,261.94,1873.91876,267.70268,803.1080400000001,41.45200737164682,5.921715338806689,0.22088768713367923,138.4057309334996,RESIDUES,1.3986000724021908,0.4716128467072627,17.52216653869922,2.503166648385603,63.2264413617878,2608.8495786488556,184.1605256112293,5.217699157297711,0.3683210512224586,57.70903962009008,4.073721672546269,0.19862762392009312,792.1236792786049,113.16052561122929,2.150981612959593,0.5070445115234227,0.9069256022850433,0.49585486966276593,0.6690541690875,3.2337749482821643,0.43600675745007816,4,1,1,2,1,2,1,12,0.08333333333333333,0.26140135885559906,0.541288770399269,0.08448837926373819,0.11478800413650468,0.3299744472592684,0.5070445115234227,0.49585486966276593,0.39410611464705825,0.08333333333333333
546,0.124498069286346,0.0181365888565779,0.16763125391304526,0.0193086769431829,0.0838605090975761,0.322554528713226,0.24208611613512027,0.01903098426759245,0.00242385291494429,4.69453632831573e-4,62.249034643173005,9.06829442828895,83.81562695652264,9.65433847159145,41.93025454878805,161.277264356613,121.04305806756014,9.515492133796224,1.211926457472145,0.2347268164157865,8307.67,0.354,16.62,0.43794535829871845,0.43794535829871845,426.6325437206772,62.02356394782675,88.75,6399.488155810158,341.30603497654175,1331.25,71.00000000000001,21.463616652532682,1.14472622146841,12109.68178267839,10.738966378378377,666.0689679029127,533114.5748957171,389.49,2786.4114600000003,398.05878,1194.17634,44.92504594453627,6.417863706362324,0.5628251501858659,196.49527165596635,RESIDUES,1.3331863990956516,0.49550624751350136,18.13152400734997,2.5902177153357093,82.68897187868203,3121.9007066443396,231.6545341059181,6.243801413288679,0.46330906821183615,50.33410703826103,3.734943936804119,0.6002512833653796,1124.5817387414268,160.6545341059181,2.1948787281783266,0.5946985059875185,0.9161587648451466,0.5674576209138296,0.763542974322355,3.601001177447113,0.6015716588110788,4,2,3,3,2,3,3,20,0.75,0.4808673367117598,0.4079261958875948,0.2237544399029868,0.3541882109617374,0.47932540490597536,0.5946985059875185,0.5674576209138296,0.6087945945887422,0.75
547,0.0451145358383656,0.0290613044053316,0.2906727674007411,0.0266717281192541,0.117874421179295,0.139951437711716,0.313734531283379,0.029267382502555832,0.00765191204845905,0,22.557267919182802,14.5306522026658,145.33638370037056,13.335864059627049,58.9372105896475,69.975718855858,156.8672656416895,14.633691251277916,3.8259560242295247,0,7156.1,0.235,14.31,0.38190836484730323,0.38190836484730323,350.64479889839976,107.54892393827421,88.75,5259.671983475996,280.5158391187198,1331.25,71.00000000000001,12.378087583322053,0.6601646711105097,20998.200717029536,10.738966378378377,1154.9642782039002,453778.2052927748,331.53,2371.7656199999997,338.82365999999996,1016.4709799999998,22.052899584204415,3.1504142263149166,0.40744356312864904,210.44792495753495,RESIDUES,1.1430770044990024,0.36522207656159333,11.198955043085586,1.599850720440798,122.93670181245353,3690.6498423208645,243.06222344528058,7.381299684641729,0.48612444689056117,34.31600900478602,2.2600153915513075,0.696718144839119,1204.435564116964,172.06222344528058,2.2930428987453224,0.79071324683272,0.8996024998555971,0.4390645469289893,0.391231852616412,3.747762356274573,0.7685035366564396,1,4,2,2,4,2,4,19,0.6666666666666666,0.43916324237728266,0.11826730493203677,0.6007707035050832,0.23474663908996904,0.34507245082150173,0.79071324683272,0.4390645469289893,0.8252556368375991,0.6666666666666666
548,0.0130024775862694,0.0181647595018148,0.29978936225175834,0.0337718166410923,0.122829578816891,0.077904149889946,0.3879509003162384,0.03245115655660628,0.0141358133405447,0,6.5012387931347,9.0823797509074,149.89468112587917,16.88590832054615,61.4147894084455,38.952074944973,193.9754501581192,16.22557827830314,7.06790667027235,0,6420.62,0.159,12.84,0.37848392099142103,0.37848392099142103,313.6859886643295,110.92206403315059,88.75,4705.289829964942,250.9487909314636,1331.25,71.00000000000001,12.001669925670853,0.6400890627024456,21656.783529067023,10.738966378378377,1191.1883162723377,468351.12052786694,342.17,2447.88418,349.69774,1049.09322,22.06850549831471,3.152643642616387,0.4359848577279791,216.6231088724184,RESIDUES,1.1375114729403664,0.366913788840581,11.177013225503094,1.5967161750718704,126.17512043993476,3762.215692970963,248.11105381408933,7.524431385941926,0.49622210762817864,33.91764952955233,2.236805237774316,0.7394125771034794,1239.7773766986252,177.1110538140893,2.276842243953768,0.7583636926914582,0.8865613053559478,0.33793068302302504,0.530066033281841,3.70808779583439,0.7139930488049058,1,4,1,2,4,1,4,17,0.5,0.3838995290654349,0.11106368040953184,0.6287052146312678,0.15873836608066186,0.3368681972484186,0.7583636926914582,0.33793068302302504,0.7545717317253162,0.5
549,0.0290512405335903,0.0581712871789932,0.20316594201326416,0.0945602357387543,0.213567763566971,0.136449098587036,0.21425736004114174,0.02027950274944309,0.0232030283659697,0.00729458732530475,14.52562026679515,29.0856435894966,101.58297100663208,47.28011786937715,106.7838817834855,68.224549293518,107.12868002057087,10.139751374721545,11.60151418298485,3.647293662652375,6655.34,0.183,13.31,0.4135863645225766,0.4135863645225766,487.84598221004035,75.17139854490773,88.75,7317.689733150605,390.2767857680323,1331.25,71.00000000000001,17.70952816854545,0.944508168989091,14676.707651038201,10.738966378378377,807.2631215894454,371113.9780929182,271.13,1939.66402,277.09486,831.2845799999999,25.803218478650972,3.68617406837871,0.24554431213625527,165.5326620636963,RESIDUES,1.231026344170319,0.38947124234243236,12.602885537070057,1.8004122195814367,92.53797193690781,3085.889653112392,206.33950450327814,6.171779306224784,0.4126790090065563,41.051380083993884,2.744920388570528,0.3861797583410178,947.3765315229467,135.3395045032781,2.2915661754577337,0.7877645178734178,0.9591681574874683,0.9009934839272751,0.367860668383366,3.5413668186967855,0.6681429591189986,2,2,1,3,4,4,4,20,0.75,0.4791047558329112,0.24006454408616895,0.3326376530239804,0.18304033092037233,0.42096633402170824,0.7877645178734178,0.9009934839272751,0.6951177896220055,0.75
550,0.0379826910793781,0.0285582169890404,0.2504169444739818,0.147134959697723,0.135562986135483,0.221471011638641,0.1484411012828354,0.02092559117078782,0.00950651988387108,0,18.99134553968905,14.2791084945202,125.20847223699089,73.5674798488615,67.78149306774151,110.7355058193205,74.2205506414177,10.462795585393911,4.75325994193554,0,6452.01,0.162,12.9,0.34997318372130415,0.34997318372130415,431.56689424782996,92.65426945537325,88.75,6473.50341371745,345.25351539826397,1331.25,71.00000000000001,14.367929376866913,0.7662895667662355,18090.120068800443,10.738966378378377,995.011084494464,328210.0111074011,239.79,1715.45766,245.06538,735.19614,18.514609958974926,2.644944279853561,0.16151618588565805,167.36401199696724,RESIDUES,1.1586220325930183,0.30203923434268637,10.337977074250132,1.476853867750019,107.35127800480578,3284.118797955507,207.83681620872045,6.568237595911014,0.4156736324174409,35.444872829495424,2.2431434345162544,0.39884147769320205,957.857713461043,136.83681620872042,2.2428638719048215,0.6905154976418136,0.9233989861996909,0.623605204721373,0.531828401461559,3.57989075599574,0.6476567199820147,1,3,1,1,3,3,4,16,0.4166666666666667,0.3811883737458637,0.1386808048882634,0.477421278438135,0.1618407445708377,0.26856241448085966,0.6905154976418136,0.623605204721373,0.6685532248870494,0.4166666666666667
551,0.0113910725340247,0.0283373650163412,0.13886395807564267,0.0183655060827732,0.497541606426239,0.233872190117836,0.05940441698580977,0.010797505564987663,0.00139030499849468,3.61118181899656e-5,5.69553626701235,14.1686825081706,69.43197903782134,9.1827530413866,248.7708032131195,116.936095058918,29.702208492904884,5.3987527824938315,0.69515249924734,0.0180559090949828,6978.22,0.217,13.96,0.6552741990275681,0.6552741990275681,1009.8194593859837,51.37966448798779,88.75,15147.291890789755,807.855567508787,1331.25,71.00000000000001,25.91005630858561,1.3818696697912327,10031.532331384426,10.738966378378377,551.7644894688624,341416.1823579789,249.44,1784.49376,254.92767999999998,764.78304,34.73151835036218,4.9616454786231685,0.18738068987208784,139.35774327283647,RESIDUES,1.350790723305908,0.4413175782840103,15.523111025482946,2.2175872893547064,69.4031741569439,2680.58672576796,184.93889089987113,5.361173451535921,0.36987778179974223,52.17213371244693,3.599456959145939,0.20520971554633427,797.5722362990978,113.93889089987111,1.9957855533011963,0.19714818949037158,0.9302889984203666,0.6770369327931374,0.752713505137147,3.5299587011225593,0.5677113292908521,4,1,2,4,1,4,3,19,0.6666666666666666,0.4121464879134687,0.44116364810438086,0.13560745533555268,0.2166494312306102,1,0.19714818949037158,0.6770369327931374,0.5648878086983462,0.6666666666666666
552,0.245739653706551,0.0137014472857118,0.14182857190072504,0.0283996555954218,0.0490318313241005,0.201766058802605,0.2959725839495663,0.019309800460934633,0.00423238798975945,1.80559090949828e-5,122.8698268532755,6.8507236428559,70.91428595036251,14.1998277977109,24.51591566205025,100.88302940130251,147.98629197478317,9.654900230467316,2.1161939948797253,0.0090279545474914,9672.04,0.495,19.34,0.430425879783929,0.430425879783929,273.2978278159353,52.476571603268255,88.75,4099.46741723903,218.63826225274826,1331.25,71.00000000000001,25.368463665356703,1.3529847288190244,10245.696034108374,10.738966378378377,563.5441381000633,637742.246479057,465.93,3333.2632200000007,476.18046000000004,1428.5413800000001,63.51907371541025,9.07415338791575,0.767740168885155,214.68192610264217,RESIDUES,1.4125405336707373,0.539239958571798,23.413640829274755,3.3448058327535364,74.1252844576912,3123.461737570705,246.52394278152025,6.2469234751414096,0.4930478855630405,59.521070873009826,4.69779056157256,0.7259914875587287,1228.6675994706418,175.52394278152025,2.144134680717598,0.49337252059997927,0.9233771131196933,0.6234355799913885,0.494692542960537,3.5266033098694285,0.6293879300109404,4,1,4,3,1,3,4,20,0.75,0.4916048286829474,0.5740561415316379,0.14469144329761094,0.4948293691830403,0.46131030199613643,0.49337252059997927,0.6234355799913885,0.6448640328117798,0.75
553,0.365581840276718,0.0311208795756102,0.2262867917269471,0.0100210290402174,0.102420575916767,0.162131547927856,0.08391994643211366,0.017141717627644555,0.00124930287711322,1.26391358207911e-4,182.79092013835898,15.5604397878051,113.14339586347356,5.0105145201087,51.210287958383496,81.065773963928,41.95997321605683,8.570858813822278,0.62465143855661,0.0631956791039555,11833.51,0.719,23.67,0.4168081020489331,0.4168081020489331,324.0143290259684,83.72611293897043,88.75,4860.214935389526,259.2114632207747,1331.25,71.00000000000001,15.9000573807884,0.8480030603087149,16346.957834354658,10.738966378378377,899.1319118439143,547346.2352849303,399.89,2860.81306,408.68757999999997,1226.0627399999998,34.16870746269209,4.881243923241727,0.5906980915468388,217.0311568260119,RESIDUES,1.2361696347969455,0.4572728579709122,14.835427958443876,2.119346851206268,103.49967845473489,3472.4946285905457,248.44467382094734,6.944989257181091,0.4968893476418947,41.474451717610656,2.9673499115149826,0.7422337684971996,1242.1127167466316,177.44467382094734,2.193952981981603,0.5928499710303025,0.9084040562034872,0.5073202118431289,0.770526756859114,3.7905416132370933,0.6972941515361616,2,3,4,3,2,2,4,20,0.75,0.527538444449693,0.2477150441600285,0.40348314348708364,0.7187176835573941,0.42868494548813485,0.5928499710303025,0.5073202118431289,0.7329182239959692,0.75
566,0.0171251427382231,0.014681737869978,0.18615448853373534,0.0632587149739265,0.200696513056755,0.163700148463249,0.32193143409490554,0.023002667993307108,0.00939505826681852,5.41677254659589e-5,8.56257136911155,7.3408689349889995,93.07724426686767,31.62935748696325,100.3482565283775,81.8500742316245,160.96571704745278,11.501333996653553,4.69752913340926,0.027083862732979448,6319.03,0.148,12.64,0.4635762097015974,0.4635762097015974,493.46204727992387,68.87716075748207,88.75,7401.930709198858,394.7696378239391,1331.25,71.00000000000001,19.327887290350994,1.0308206554853865,13447.80025167704,10.738966378378377,739.6695136127626,472831.4764145085,345.45,2471.3493,353.0499,1059.1497,35.88053387830071,5.1257905540429585,0.44475970855278535,186.66390734887432,RESIDUES,1.2835970572427704,0.45965000043747484,15.51043717235437,2.2157767389077674,88.41052085954122,3139.2343881518404,223.6164106484397,6.278468776303681,0.4472328212968794,45.577290841083745,3.246597394393154,0.5322784872088601,1068.3148745390777,152.61641064843968,2.240485659991641,0.6857666713730795,0.9348038508457678,0.7120494058268239,0.464159383239466,3.4869746514338966,0.6165183909663753,3,2,1,4,3,4,3,20,0.75,0.4612715624870818,0.32190761232827747,0.2805122000163319,0.14839710444674256,0.5407315815153625,0.6857666713730795,0.7120494058268239,0.6281760648166583,0.75
567,0.0361165776848793,0.0337750315666199,0.22278477101027977,0.164726361632347,0.203586280345917,0.123095139861107,0.18636749920249032,0.020527958020567918,0.00902041606605053,0,18.05828884243965,16.88751578330995,111.39238550513988,82.3631808161735,101.7931401729585,61.5475699305535,93.18374960124517,10.26397901028396,4.510208033025265,0,6234.65,0.14,12.47,0.3866398677304393,0.3866398677304393,461.34382039971706,82.43036527380352,88.75,6920.157305995755,369.07505631977364,1331.25,71.00000000000001,16.149995157465025,0.8613330750648015,16093.97185778261,10.738966378378377,885.2169212328245,341352.6971910184,249.39,1784.13606,254.87658000000002,764.62974,21.644160547799984,3.092022935399998,0.18725635312657898,163.29893903517788,RESIDUES,1.195557619930711,0.3452065478360083,11.3379636834285,1.619709097632643,98.55025131676766,3151.0594091189546,204.51321255516143,6.3021188182379095,0.4090264251103229,38.226925219271905,2.4810421726974443,0.37073608284034704,934.59248788613,133.51321255516143,2.262013028964274,0.728752636882459,0.9202417656615229,0.5991211045695983,0.591014669428692,3.47105659866317,0.577164083480669,2,3,1,2,4,3,3,18,0.5833333333333334,0.40248898582958564,0.18898928771305562,0.3927524662690479,0.1396070320579111,0.3564081453367859,0.728752636882459,0.5991211045695983,0.5771452220244306,0.5833333333333334
568,0.0537201426923275,0.0738033801317215,0.2863021964132783,0.0720559731125832,0.155322253704071,0.123510010540485,0.20140584468841516,0.02503975328803059,0.00882242247462273,1.80559090949828e-5,26.86007134616375,36.90169006586075,143.15109820663915,36.0279865562916,77.6611268520355,61.7550052702425,100.70292234420758,12.519876644015294,4.411211237311365,0.0090279545474914,7492.29,0.27,14.98,0.3571601293087001,0.3571601293087001,391.0189748036857,105.93181267291297,88.75,5865.284622055286,312.81517984294857,1331.25,71.00000000000001,12.567046351887868,0.6702424721006864,20682.47066889522,10.738966378378377,1137.5981746950888,357372.13143522345,261.09,1867.83786,266.83398000000005,800.50194,17.632454433375433,2.5189220619107764,0.21863067903890304,184.40336139861122,RESIDUES,1.1283509784705914,0.29371725688991823,9.962798627974335,1.4232569468534766,119.52826448064474,3524.2254926516207,221.76818827950453,7.0484509853032415,0.44353637655900907,33.26881135824058,2.093499418954163,0.5166493614558009,1055.3773179565317,150.76818827950453,2.3333846982338815,0.8712679678302572,0.9499837766775086,0.8297690329063203,0.350037640761273,3.741200067846348,0.7752523498148647,1,4,2,1,4,4,4,20,0.75,0.4743238223573076,0.09933059295314176,0.5873786677864576,0.2693898655635988,0.285780837820949,0.8712679678302572,0.8297690329063203,0.8340068421140937,0.75
569,0.0224416293203831,0.0018412274075672,0.16258497712016087,0.186223909258842,0.26395446062088,0.213147521018982,0.13000998142361642,0.014769877791404713,0.00502646248787642,0,11.22081466019155,0.9206137037836,81.29248856008044,93.11195462942099,131.97723031044,106.573760509491,65.0049907118082,7.384938895702357,2.51323124393821,0,5703.49,0.085,11.41,0.45413896539807314,0.45413896539807314,622.2564297586678,60.156441534459525,88.75,9333.846446380017,497.80514380693427,1331.25,71.00000000000001,22.129799669706486,1.1802559823843461,11745.138747160421,10.738966378378377,646.0180030814454,333986.7500036774,244.01,1745.64754,249.37822,748.13466,29.01846411576784,4.145494873681121,0.17283002419475652,144.55095289641852,RESIDUES,1.2949715337069327,0.40760234049252686,13.752376179745974,1.9646251685351392,77.90087935623048,2804.562016698228,189.1848590881118,5.609124033396456,0.3783697181762236,46.62114222783084,3.1448811509194856,0.24111490307836153,827.2940136167825,118.18485908811179,2.116795743683199,0.43878198490015674,0.9307975465680357,0.6809807003028834,0.79062445789226,3.3362656172769394,0.4588224089399857,3,1,1,4,1,4,1,15,0.3333333333333333,0.3396262649880736,0.34078381313412237,0.2082919478738596,0.0847983453981386,0.5181219115789572,0.43878198490015674,0.6809807003028834,0.4236912350257261,0.3333333333333333
582,0.043438773602247203,0.0165924485772848,0.23677792045474075,0.087872102856636,0.246909335255623,0.147562354803085,0.1919025094807146,0.021600132107734687,0.00723613193258643,1.08335450931918e-4,21.7193868011236,8.2962242886424,118.38896022737038,43.936051428318,123.4546676278115,73.7811774015425,95.9512547403573,10.800066053867344,3.618065966293215,0.054167725465959,6699.35,0.188,13.4,0.44916122025251376,0.44916122025251376,552.7993912953139,87.60783056825407,88.75,8291.990869429706,442.2395130362511,1331.25,71.00000000000001,15.195559476419646,0.8104298387423813,17104.836973650472,10.738966378378377,940.81754695515,379491.43444928713,277.25,1983.4464999999998,283.3495,850.0485,22.640059537311835,3.2342942196159763,0.2619516984418029,176.89166695463962,RESIDUES,1.1859751198313984,0.36197775670102933,11.555889259534363,1.6508413227906231,103.90070735635396,3284.4539352699435,215.62662690211334,6.568907870539887,0.4312532538042267,37.490415114332386,2.4612711615330043,0.4647144662285109,1012.3863883147934,144.62662690211334,2.2384720058797596,0.6817457960719132,0.9266696092248223,0.6489687359470022,1.01536180668157,3.5852704752240743,0.5316073199897926,2,3,1,4,3,3,2,18,0.5833333333333334,0.43168411452744293,0.17567080884443423,0.4356294170642281,0.18769389865563602,0.5061962719378797,0.6817457960719132,0.6489687359470022,0.5180716368350584,0.5833333333333334
583,0.0053720441646874,0.0119073195382953,0.14357707232236905,0.0652189627289772,0.276027530431747,0.257134228944778,0.2177602812945845,0.01666661617159847,0.00490954797714949,0.00142641679849476,2.6860220823437,5.9536597691476505,71.78853616118452,32.6094813644886,138.0137652158735,128.567114472389,108.88014064729225,8.333308085799235,2.454773988574745,0.71320839924738,6276.14,0.144,12.55,0.5244941157195712,0.5244941157195712,680.3369366373112,53.12351675927655,88.75,10205.054049559667,544.2695493098489,1331.25,71.00000000000001,25.059523186923315,1.336507903302577,10372.007704567939,10.738966378378377,570.4916603790911,427125.9752469535,312.06,2232.47724,318.92532,956.7759599999999,42.02427429863555,6.003467756947935,0.355244731447042,162.4094342046434,RESIDUES,1.361127110695595,0.47955702683893037,17.496990608734567,2.499570086962081,72.30785887654311,2831.243334219106,203.78595340571647,5.662486668438213,0.40757190681143296,53.29548017403626,3.8360779902646582,0.36458616014014306,929.5016738400151,132.78595340571644,2.154213737541826,0.5134984351770988,0.9332789493637903,0.7002238649262216,0.465229807746141,3.4445134593817337,0.594426999775726,4,1,1,4,1,4,3,18,0.5833333333333334,0.4261067975290008,0.4614773763349619,0.150049091112475,0.14374353671147885,0.6866781845686489,0.5134984351770988,0.7002238649262216,0.5995300948343104,0.5833333333333334
584,0.00902840401977301,0.025460559874773,0.1679022008776661,0.126437038183212,0.225651994347572,0.17391611635685,0.24667347747087479,0.01920943236351011,0.00564856873825192,7.22236363799311e-5,4.514202009886505,12.7302799373865,83.95110043883305,63.218519091606,112.82599717378599,86.958058178425,123.3367387354374,9.604716181755055,2.82428436912596,0.03611181818996555,5994.31,0.115,11.99,0.45006570945307595,0.45006570945307595,535.888468096554,62.12381432473646,88.75,8038.327021448311,428.7107744772432,1331.25,71.00000000000001,21.42898040743649,1.1428789550632799,12129.254991402599,10.738966378378377,667.1455533299658,404307.8635123872,295.38,2113.1485199999997,301.87836,905.6350799999999,34.015112287762186,4.859301755394599,0.31055508365107926,163.95443913137467,RESIDUES,1.3019311277865373,0.4449372363349764,15.10441778625711,2.1577739694653015,80.88092764620558,2936.7395993666496,205.04914943381195,5.873479198733299,0.4100982988676239,47.27236457207198,3.300652924528581,0.3752681267182473,938.3440460366836,134.04914943381195,2.220266651300046,0.645393246670988,0.8944302592510399,0.3989540587828108,0.79944706084222406,3.398661860103945,0.48873103221143366,3,2,1,4,3,1,2,16,0.4166666666666667,0.36236078206368527,0.352560014129032,0.22458465898384916,0.11478800413650468,0.5083632395004464,0.645393246670988,0.3989540587828108,0.46247383214934645,0.4166666666666667
585,0.0168898683041334,0.0810830444097519,0.1800626197904352,0.191966861486435,0.217224836349487,0.170819818973541,0.11880040597915623,0.015471173062920581,0.00768139585852623,0,8.4449341520667,40.54152220487595,90.0313098952176,95.9834307432175,108.6124181747435,85.4099094867705,59.40020298957811,7.7355865314602905,3.840697929263115,0,6327.98,0.149,12.66,0.37821546950936263,0.37821546950936263,513.7410590221726,66.62316932246102,88.75,7706.115885332589,410.99284721773813,1331.25,71.00000000000001,19.98178732021367,1.0656953237447293,13007.723653661038,10.738966378378377,715.4639753749186,282767.6448438966,206.59,1477.94486,211.13498000000004,633.40494,22.183646845838847,3.1690924065484074,0.07251656282505366,136.50152880428845,RESIDUES,1.247789396238084,0.33926361970914154,11.726034014856225,1.6751477164080322,83.13168422434127,2827.9395250276225,182.60364995038626,5.655879050055245,0.3652072999007725,42.44678771344827,2.7408430401527615,0.1854622137972773,781.2255496527038,111.60364995038624,2.2101281794410044,0.625148691834556,0.9117139709855675,0.5329884488378498,0.71425798254588,3.4152058918173904,0.5181688205360659,3,2,1,2,2,2,2,14,0.25,0.34245389579562513,0.26529801597115754,0.2618458692239763,0.14943123061013447,0.33622504346241217,0.625148691834556,0.5329884488378498,0.5006458962541667,0.25
586,0.0344133675098419,0.0297045893967152,0.16361319582164305,0.25025463104248,0.261913508176804,0.125953420996666,0.10774354201555245,0.014050641432404526,0.012317038141191,3.61118181899656e-5,17.20668375492095,14.8522946983576,81.80659791082152,125.12731552124,130.956754088402,62.976710498333006,53.871771007776225,7.0253207162022635,6.1585190705955,0.0180559090949828,5628.92,0.077,11.26,0.4029939941540364,0.4029939941540364,547.3894890736796,60.53688245400792,88.75,8210.842336105194,437.9115912589437,1331.25,71.00000000000001,21.990726083580522,1.172838724457628,11819.417266155493,10.738966378378377,650.103545325435,283558.5980087145,207.17,1482.0941799999998,211.72774,635.1832199999999,24.48249926193343,3.497499894561919,0.07406565763053077,132.03011553340767,RESIDUES,1.2795414741628266,0.36269674405846564,12.482221194573112,1.7831744563675875,77.459451816423055,2736.988302546234,178.94782246011414,5.473976605092468,0.3578956449202283,45.21191365653201,2.9560131808252157,0.15454743398651516,755.6347572207989,107.94782246011412,2.1609153632208042,0.5268802771782992,0.9003061771853327,0.44452153227654306,0.521881274394269,3.2656705455171733,0.4885672605336629,3,1,1,3,2,2,2,14,0.25,0.30566368253979875,0.3153004140306679,0.21144255259262687,0.07704239917269907,0.39558922284663595,0.5268802771782992,0.44452153227654306,0.4622614689475502,0.25
587,0.0263888034969568,0.00667734770104289,0.11656828860938508,0.0932481288909912,0.490536600351334,0.191955476999283,0.06184509091079238,0.00948548731207845,0.00322259380482137,7.22236363799311e-5,13.1944017484784,3.338673850521445,58.28414430469254,46.6240644454956,245.268300175667,95.9777384996415,30.92254545539619,4.7427436560392255,1.611296902410685,0.03611181818996555,6426.12,0.16,12.85,0.6353740297108893,0.6353740297108893,962.5397192533322,43.13026678547248,88.75,14438.095788799983,770.0317754026659,1331.25,71.00000000000001,30.8657956284287,1.646175766849531,8420.893169141977,10.738966378378377,463.1744848996786,337052.8369929304,246.25,1761.6725000000001,251.66750000000005,755.0025,40.84538843134127,5.8350554901916105,0.1788350060817516,131.20079308470198,RESIDUES,1.408727650677547,0.4672049011788752,17.409778212530956,2.4871111732187083,60.758799401794484,2545.312863882045,178.26976842605237,5.09062572776409,0.3565395368521047,59.01454021933803,4.133286940068239,0.148813604581655,750.8883789823662,107.26976842605235,1.982212748111818,0.17004593949048305,0.9455236282605628,0.7951807869437345,1.02167675154997,3.371428596733608,0.4201241952658162,4,1,1,4,1,4,1,16,0.4166666666666667,0.3383298394308701,0.5648964331148868,0.0672904316058635,0.15925542916235783,0.952323342974107,0.17004593949048305,0.7951807869437345,0.3735111509507149,0.4166666666666667
59,0.0846565067768097,0.0405310578644276,0.2154930824190382,0.127282217144966,0.0705504417419434,0.264178961515427,0.15088396677374832,0.018821871772408506,0.0237126667052507,0.00388925662264228,42.32825338840485,20.2655289322138,107.7465412095191,63.64110857248299,35.2752208709717,132.08948075771352,75.44198338687416,9.410935886204253,11.856333352625349,1.94462831132114,7210.15,0.241,14.42,0.32982109516114017,0.32982109516114017,357.66079774938567,79.73244049504413,88.75,5364.911966240785,286.12863819950854,1331.25,71.00000000000001,16.69646622798089,0.8904781988256475,15567.220273951318,10.738966378378377,856.2439977423335,374003.6480172621,273.24,1954.7589600000001,279.25128,837.7538400000001,24.516482223085855,3.502354603297979,0.25120377829488094,169.6789716995066,RESIDUES,1.2132453434101118,0.3790112293240133,12.179568125611015,1.7399383036587162,96.73501214933613,3158.6006885729503,209.72952726151664,6.3172013771459,0.4194590545230333,39.615000731970284,2.6304165024843638,0.4148468131742355,971.1066908306165,138.7295272615166,2.2611333563504807,0.7269961019020746,0.9258331675286936,0.6424821690405865,1.14772290487019,3.5793177325258503,0.4960230575789968,2,3,2,1,4,3,2,17,0.5,0.39402793826774046,0.2140901712717982,0.37040972104351194,0.24043433298862463,0.220282211466049,0.7269961019020746,0.6424821690405865,0.4719294222471828,0.5
60,0.191983580589294,0.0334078744053841,0.12884911437332605,0.0686069801449776,0.0661848485469818,0.281830936670303,0.15164350810647045,0.013416092768311495,0.0511250421404839,0.0129520650953054,95.99179029464699,16.70393720269205,64.42455718666302,34.3034900724888,33.0924242734909,140.9154683351515,75.82175405323522,6.708046384155748,25.56252107024195,6.4760325476527,8677.07,0.392,17.35,0.38562190761417126,0.38562190761417126,356.13400158546835,47.67417231813064,88.75,5342.010023782025,284.9072012683747,1331.25,71.00000000000001,27.92392474307774,1.4892759862974798,9308.060022329073,10.738966378378377,511.97133364142206,486248.4648561674,355.25,2541.4585,363.0655,1089.1965,53.30891710171286,7.615559585958979,0.471037101481488,172.53930446833522,RESIDUES,1.411454759255635,0.5143158213417728,20.71303809416395,2.9590054420234213,67.28993741199874,2830.698280974598,212.06813533331092,5.661396561949196,0.42413627066662185,59.37592921562006,4.448281428320901,0.43462278832502393,987.4769473331763,141.0681353333109,2.2257653400322397,0.6563730577426231,0.9293916688517171,0.6700781832340353,0.965064695055838,3.525106554788526,0.5130375008652671,4,1,3,2,3,3,2,18,0.5833333333333334,0.4367815740918199,0.5714315121016574,0.10492058513882044,0.391933815925543,0.3539693251158608,0.6563730577426231,0.6700781832340353,0.49399209939769023,0.5833333333333334
601,0.0088093988597393,0.00441166013479233,0.1803800075948235,0.0849970132112503,0.376128494739532,0.144989594817162,0.17435835126042354,0.017446528673171972,0.0084789739921689,0,4.40469942986965,2.205830067396165,90.19000379741175,42.49850660562515,188.064247369766,72.49479740858101,87.17917563021177,8.723264336585986,4.23948699608445,0,6095.76,0.125,12.19,0.5489304315447804,0.5489304315447804,752.7027606263753,66.7406028100847,88.75,11290.541409395628,602.1622085011003,1331.25,71.00000000000001,19.946628348385914,1.0638201785805823,13030.651748650049,10.738966378378377,716.725089650205,370367.58352114185,270.59,1935.80086,276.54298,829.62893999999994,29.004845303966825,4.143549329138118,0.24408248606942204,158.9303202890907,RESIDUES,1.2694531007850491,0.4126526468491418,13.628735294268013,1.9469621848954306,84.72406518552538,2957.565098728729,200.94142986836061,5.915130197457458,0.4018828597367212,44.314330021032305,3.0107823634760127,0.3405320112346264,909.5900090785242,129.94142986836061,2.1476618706999604,0.5004156324228688,0.8889701897819954,0.35661147102259394,0.648034330163488,3.462226284865041,0.5586136049526469,3,2,1,4,1,1,3,15,0.3333333333333333,0.364457811777413,0.29906920606481807,0.26281838947938846,0.125129265770424,0.7452225029628874,0.5004156324228688,0.35661147102259394,0.5530907635937259,0.3333333333333333
602,0.00956963188946247,0.0088206809014082,0.11489767334610182,0.160104677081108,0.354798495769501,0.215969830751419,0.12250358381867398,0.011515718989074199,0.00151280080899596,3.0695044551976e-4,4.784815944731235,4.4103404507041,57.44883667305091,80.052338540554,177.3992478847505,107.9849153757095,61.25179190933699,5.757859494537099,0.75640040449798,0.15347522275988,5756.97,0.09,11.51,0.5345778784938159,0.5345778784938159,765.9930951668698,42.51213913805768,88.75,11489.896427503047,612.7944761334959,1331.25,71.00000000000001,31.314585127715667,1.6701112068115025,8300.207922522395,10.738966378378377,456.5364328765449,345615.8165190721,252.5,1806.3850000000002,258.055,774.165,42.491039891777405,6.0701485559682,0.19560574257208138,132.7886992943106,RESIDUES,1.41557084280609,0.47410416121065113,17.876688851934368,2.553812693133481,60.17894462915007,2547.7627166777434,179.56804054302836,5.095525433355487,0.3591360810860567,59.930240358028414,4.2239238999449835,0.1597921851458537,759.9762838011984,108.56804054302833,2.060034592279019,0.32544101417426274,0.9222056360984465,0.6143508295385892,0.75359450674264,3.279415886707244,0.43869630316314645,4,1,1,4,1,3,1,15,0.3333333333333333,0.31215637321129736,0.5814552459069299,0.06217143471915283,0.08996897621509825,0.710836777978967,0.32544101417426274,0.6143508295385892,0.3975936562463088,0.3333333333333333
603,0.0166874807327986,0.0115350456908345,0.21923616923391812,0.116471968591213,0.235325485467911,0.122563570737839,0.24989007729291893,0.022541247650980936,0.00571289891377091,3.61118181899656e-5,8.3437403663993,5.76752284541725,109.61808461695905,58.2359842956065,117.6627427339555,61.2817853689195,124.94503864645947,11.270623825490468,2.856449456885455,0.0180559090949828,6027.61,0.118,12.06,0.4411666736751797,0.4411666736751797,515.4248573578154,81.1173826165497,88.75,7731.372860367231,412.3398858862524,1331.25,71.00000000000001,16.41140230439827,0.8752747895679079,15837.620865458242,10.738966378378377,871.1168446211819,394791.0985963678,288.43,2063.4282200000002,294.77546,884.3263800000001,25.43755916970398,3.6339370242434255,0.29191634275957906,176.0344848427118,RESIDUES,1.21268583622045,0.3896803909346746,12.420032934423851,1.7742904192034072,98.36990097036478,3209.84740827299,214.9257948074012,6.41969481654598,0.42985158961480235,39.570401617200496,2.6495652087713153,0.45878801867320534,1007.4805636518081,143.92579480740116,2.243561703574716,0.6919089316527961,0.9084079548454214,0.5073504456321273,0.843134534043688,3.4849576903627595,0.5223588270918422,2,3,1,3,3,2,2,16,0.4166666666666667,0.3812702962877628,0.21328367538852797,0.38187905822315765,0.11840744570837647,0.48704300498925995,0.6919089316527961,0.5073504456321273,0.5060790897088828,0.4166666666666667
604,0.154888808727264,0.0715936496853828,0.14948343010246729,0.100083164870739,0.0833527967333794,0.273751199245453,0.1452571626305578,0.014485070809721922,0.00703253038227558,7.22236363799311e-5,77.44440436363199,35.7968248426914,74.74171505123364,50.0415824353695,41.6763983666897,136.8755996227265,72.6285813152789,7.242535404860961,3.51626519113779,0.03611181818996555,8723.84,0.397,17.45,0.37754391743987775,0.37754391743987775,379.0622494728119,55.30886913791289,88.75,5685.933742092178,303.24979957824957,1331.25,71.00000000000001,24.069376589142017,1.2837000847542412,10798.682990602236,10.738966378378377,593.960086098176,445783.8890038885,325.69,2329.98626,332.85518,998.56554,42.126810696312916,6.018115813758988,0.3917865629580936,168.93235410262454,RESIDUES,1.3518824596457373,0.48130936134783214,17.48062587555962,2.4972322679370884,74.7710900503859,2892.043735098317,209.11909271430585,5.784087470196634,0.4182381854286117,52.28896884308001,3.7809323526913294,0.40968479454340057,966.8336490001411,138.11909271430585,2.225307566589777,0.6554589732841909,0.8817681705967062,0.3007601432816602,0.420586595814498,3.5267697376804614,0.6476829790492973,4,1,3,2,3,1,4,18,0.5833333333333334,0.41862895706165776,0.4432764042064538,0.16814699058257937,0.39710444674250256,0.33461614470470036,0.6554589732841909,0.3007601432816602,0.6685872750945103,0.5833333333333334
605,0.0600894615054131,0.00808592606335878,0.10498387212306293,0.181233927607536,0.426313787698746,0.119628109037876,0.08695853640139105,0.009643063105642816,0.00306331599131227,0,30.04473075270655,4.04296303167939,52.49193606153146,90.616963803768,213.156893849373,59.814054518938,43.47926820069552,4.821531552821408,1.5316579956561351,0,6241.21,0.14,12.48,0.5644733727239075,0.5644733727239075,800.6700120971728,38.84403268553328,88.75,12010.050181457591,640.5360096777383,1331.25,71.00000000000001,34.271673355269286,1.8278225789476954,7584.034922170065,10.738966378378377,417.1447610105726,340234.5327474931,248.57,1778.26978,254.03854000000004,762.1156200000001,45.77974162456832,6.539963089224046,0.1850664096404397,128.08784059160072,RESIDUES,1.4426431184641964,0.48470112808625043,18.87219937251438,2.696028481787769,56.0380764471829,2481.467090284422,175.72461846769278,4.962934180568844,0.35144923693538554,63.88283910616204,4.523851060735464,0.12729104894755416,733.0723292738493,104.72461846769275,2.0422597685640156,0.28994815110679883,0.9225824133263203,0.617272719622176,0.745042549430153,3.2276474721924764,0.4141847087178834,4,1,1,4,1,3,1,15,0.3333333333333333,0.3075386903972976,0.6529309833748903,0.03179417269386256,0.14012409513960708,0.7824601497375705,0.28994815110679883,0.617272719622176,0.3658094017990065,0.3333333333333333
61,0.0414340458810329,0.0208108890801668,0.21861301785707446,0.0225617382675409,0.167593762278557,0.325718551874161,0.15884062501788185,0.019297537416219708,0.0146087361499667,0.0105211222544312,20.71702294051645,10.4054445400834,109.30650892853723,11.28086913377045,83.7968811392785,162.8592759370805,79.42031250894092,9.648768708109854,7.3043680749833495,5.2605611272156,7169.81,0.236,14.34,0.4402391423732047,0.4402391423732047,564.8471796454494,80.88681660711755,88.75,8472.707694681741,451.87774371635953,1331.25,71.00000000000001,16.45818262902014,0.8777697402144077,15792.604409995058,10.738966378378377,868.6408039978932,399867.8031411363,292.14,2089.9695599999995,298.56708,895.70124,25.83819771460872,3.691171102086961,0.3018591522570968,177.163952594573,RESIDUES,1.2147210656825125,0.393564891508958,12.53535218741739,1.790764598202484,98.25492006866378,3213.8355374871535,215.84924764132288,6.427671074974307,0.43169849528264576,39.73250119481591,2.6685343384168916,0.46659701433896883,1013.9447334892602,144.84924764132288,2.1979135277466195,0.6007584099979137,0.9110010914215033,0.5274601005860582,0.928633440411186,3.701250491631161,0.6125411961591581,2,3,2,3,2,2,3,17,0.5,0.4286303262350703,0.21621495872680702,0.37996963597129635,0.2362978283350569,0.4848208333553745,0.6007584099979137,0.5274601005860582,0.6230188249634382,0.5
618,0.0474647134542465,0.0503368861973286,0.1870548126399522,0.142281785607338,0.326462268829346,0.118640691041946,0.10706236445903795,0.015496438175439869,0.00520010199397802,0,23.73235672712325,25.1684430986643,93.5274063199761,71.140892803669,163.231134414673,59.320345520973,53.531182229518976,7.748219087719934,2.60005099698901,0,6759.67,0.194,13.52,0.47079437239468114,0.47079437239468114,648.0656698291006,69.2102806767823,88.75,9720.985047436508,518.4525358632804,1331.25,71.00000000000001,19.23485914205502,1.0258591542429345,13512.839665110145,10.738966378378377,743.2468772260959,313829.17657922534,229.28,1640.2691200000002,234.32416,702.97248,23.699790030619752,3.3856842900885358,0.13335108451565156,146.39555024826328,RESIDUES,1.2434283870924554,0.3614988213177631,12.10587509525779,1.72941072789397,86.05802767214755,2912.347890406956,190.69300188298007,5.824695780813912,0.38138600376596016,42.07970061569119,2.7552698821369046,0.25386821338925625,837.8510131808604,119.69300188298006,2.1760024698819116,0.5570062924565778,0.9567781589390717,0.8824591550407996,0.851507228341814,3.459218523449376,0.5070695294743468,2,2,1,4,2,4,2,17,0.5,0.42999452526475934,0.25865989692617475,0.28327091795579157,0.1938986556359876,0.5580247945327421,0.5570062924565778,0.8824591550407996,0.4862534138688144,0.5
619,0.0127059128135443,0.0363619774580002,0.1419244122207162,0.107639029622078,0.23445719480514499,0.221606552600861,0.21444199857115723,0.016446203052997564,0.0141278728842735,2.88894545519724e-4,6.35295640677215,18.1809887290001,70.9622061103581,53.819514811039,117.22859740257249,110.80327630043051,107.22099928557861,8.223101526498782,7.063936442136749,0.144447272759862,6259.37,0.142,12.52,0.46705752832442504,0.46705752832442504,584.1562787660955,52.51203252166499,88.75,8762.344181491433,467.32502301287644,1331.25,71.00000000000001,25.351332562699103,1.352071070010619,10252.619538824538,10.738966378378377,563.9249517104722,401032.15871980006,292.99,2096.0504600000004,299.43578,898.3073400000001,39.915622369696486,5.702231767099497,0.30413956184247554,155.32572535855192,RESIDUES,1.3586130492853385,0.4698599769324826,16.928695171060166,2.4183850244371663,71.34353262843014,2784.135143082537,197.99431305315207,5.568270286165074,0.39598862610630414,53.018994112137655,3.7704560944477854,0.31561030263070544,888.9601913720645,126.99431305315206,2.2019954943148097,0.6089093026747534,0.9342551013182117,0.7077938784639113,0.613991001115426,3.403580226841332,0.5368301667942154,4,1,1,4,2,4,3,19,0.6666666666666666,0.421115545267253,0.45647761632057987,0.14498511133144176,0.1421923474663909,0.5490720951731682,0.6089093026747534,0.7077938784639113,0.5248441171868266,0.6666666666666666
62,0.147342681884766,0.031524870544672,0.16743730171024768,0.0159219522029161,0.0882949903607368,0.331387102603912,0.18053901341557535,0.016852569475769987,0.00672509334981441,0.013974423520267,73.67134094238301,15.762435272335999,83.71865085512384,7.9609761014580505,44.1474951803684,165.693551301956,90.26950670778767,8.426284737884993,3.362546674907205,6.9872117601334995,8716.53,0.396,17.43,0.4263556740507485,0.4263556740507485,437.40839448861743,61.95180163279164,88.75,6561.125917329261,349.92671559089393,1331.25,71.00000000000001,21.488479187268016,1.1460522233209611,12095.670675548292,10.738966378378377,665.2983148145161,500776.3660338785,365.86,2617.3624400000003,373.90892,1121.72676,42.248366811250364,6.0354809730357655,0.4994902353077609,188.25933806651736,RESIDUES,1.326102848436076,0.4854333951060041,17.39167893790502,2.48452556255786,82.15446061099173,3073.9941584368084,224.92083480318462,6.147988316873617,0.44984166960636923,49.61912450355142,3.6305777858788213,0.5433090912598126,1077.4458436222922,153.9208348031846,2.2014621216096617,0.607844261204229,0.8808779102264974,0.2938562150315302,0.549661857548639,3.645161563930266,0.6768289253034746,4,2,3,3,2,1,4,19,0.6666666666666666,0.44758452039700847,0.39499700494221696,0.22316014345178573,0.3960703205791107,0.45155893758925025,0.607844261204229,0.2938562150315302,0.7063809067539636,0.6666666666666666
620,0.00462231272831559,0.017895607277751,0.29545732370018984,0.031418614089489,0.214137986302376,0.101898655295372,0.2957358804345132,0.02893387773633005,0.00988171249628067,1.80559090949828e-5,2.311156364157795,8.9478036388755,147.7286618500949,15.709307044744499,107.068993151188,50.949327647686,147.8679402172566,14.466938868165025,4.940856248140335,0.0090279545474914,6449.54,0.162,12.9,0.4297333493996414,0.4297333493996414,474.84422457352315,109.31920976907023,88.75,7122.663368602847,379.87537965881853,1331.25,71.00000000000001,12.177640167836739,0.6494741422846262,21343.83706410171,10.738966378378377,1173.975318220938,411350.92827394855,300.53,2149.9916200000002,307.14166,921.42498,19.667098074910335,2.809585439272905,0.3243490420320231,200.76074409397756,RESIDUES,1.1305969610928364,0.3319776924301149,10.510448191363876,1.501492598766268,123.59596635398111,3654.2192088195907,235.14198437123602,7.308438417639182,0.470283968742472,33.42705473757899,2.150966741050894,0.6297422145814101,1148.9938905986523,164.14198437123605,2.2974771641276264,0.7995676116659456,0.8719201945906068,0.22438954201681127,1.05780889015477,3.7233288393448674,0.5921498853470967,1,4,1,3,4,1,3,17,0.5,0.3674611327810888,0.10219214378548355,0.6154312476408019,0.1618407445708377,0.4596511435695789,0.7995676116659456,0.22438954201681127,0.596577354058234,0.5
621,0.0977500453591347,0.0481988750398159,0.21220939815044387,0.0821200311183929,0.149878174066544,0.103749170899391,0.27774010848999015,0.023080903172492968,0.00523719424381852,3.61118181899656e-5,48.87502267956735,24.09943751990795,106.10469907522193,41.06001555919645,74.939087033272,51.874585449695495,138.87005424499506,11.540451586246483,2.61859712190926,0.0180559090949828,7652.37,0.286,15.3,0.4010382880270484,0.4010382880270484,363.1063652423029,78.51747731566422,88.75,5446.595478634543,290.4850921938423,1331.25,71.00000000000001,16.954823887781934,0.9042572740150367,15330.006922388064,10.738966378378377,843.196549008005,464232.7188262796,339.17,2426.4221800000005,346.63174000000004,1039.8952200000003,30.90295642389328,4.414708060556182,0.42791890013835876,191.85937542658257,RESIDUES,1.238628382344856,0.4343268112551742,13.984779121556887,1.9978255887938412,97.25397591330011,3272.4961264494223,227.86422534877394,6.544992252898845,0.45572845069754786,41.6785693877172,2.9020828628088777,0.5681992894040362,1098.0495774414176,156.86422534877394,2.2795253836977594,0.7637214004837424,0.904486341732449,0.47693851619806704,0.747943835955853,3.5553869552704565,0.581955449474948,2,3,2,3,4,2,3,19,0.6666666666666666,0.45184477256725036,0.25140615017173684,0.3603480569863788,0.28593588417786975,0.39090375867916793,0.7637214004837424,0.47693851619806704,0.5833581999786961,0.6666666666666666
622,0.25086173415184,0.0612147934734821,0.20486624884605362,0.00909011717885733,0.104489229619503,0.104284323751926,0.23570572999119765,0.021141022294759722,0.00834683980792761,0,125.43086707591999,30.607396736741048,102.43312442302681,4.545058589428665,52.244614809751496,52.142161875963005,117.85286499559882,10.570511147379861,4.173419903963805,0,10330.01,0.563,20.66,0.41048563471436467,0.41048563471436467,287.10244827121454,75.80051207303984,88.75,4306.536724068218,229.68195861697163,1331.25,71.00000000000001,17.562546262447864,0.9366691339972196,14799.537816638913,10.738966378378377,814.0191506162391,557943.2336183977,407.63,2916.1850200000003,416.59786,1249.7935800000002,38.471837989564285,5.4959768556520405,0.6114524873849335,213.693439632253,RESIDUES,1.2708401793515922,0.47576616139083727,16.134591446095275,2.304941635156468,96.33033635784449,3368.2794443195494,245.71575624333008,6.736558888639099,0.49143151248666017,44.43610408692152,3.241610769153688,0.7191572184525811,1223.0102937033103,174.71575624333005,2.2370833757081536,0.6789729719177948,0.9098699057792902,0.5186878079256703,0.4079935720047,3.696006683364339,0.7377783546636298,3,2,4,3,3,2,4,21,0.8333333333333334,0.5320517062043626,0.30127127405059917,0.33784762899797965,0.563081695966908,0.4135376318210601,0.6789729719177948,0.5186878079256703,0.785414205690395,0.8333333333333334
63,0.161498457193375,0.0321003198623657,0.18663750411570035,0.0137355905026197,0.0967571809887886,0.246438980102539,0.2168564348816873,0.019334660813212376,0.0127464802935719,0.0138944098725915,80.7492285966875,16.05015993118285,93.31875205785018,6.86779525130985,48.3785904943943,123.2194900512695,108.42821744084365,9.667330406606188,6.3732401467859505,6.94720493629575,8806.09,0.406,17.61,0.4188214474841954,0.4188214474841954,386.4878009430318,69.05587652280913,88.75,5797.317014145477,309.1902407544255,1331.25,71.00000000000001,19.27786695402076,1.0281529042144406,13482.693297318192,10.738966378378377,741.588736207896,514276.437654436,375.73,2687.97242,383.99606,1151.98818,38.92460070522983,5.560657243604261,0.5259303480112607,197.33769292290106,RESIDUES,1.2922835222394506,0.47478856380139717,16.35491635188073,2.336416621697247,89.23977134422837,3202.2418203442435,232.34329773376393,6.404483640688487,0.4646865954675279,46.37174968427986,3.3645695259116875,0.6060756763251607,1129.4030841363476,161.34329773376393,2.2373943017990205,0.6795938307991083,0.9534467114593439,0.8566239329655735,0.529817077869129,3.659766821265548,0.6892134736643991,3,2,3,3,3,4,4,22,0.9166666666666666,0.5429776560292034,0.33627399134213465,0.2819922267553744,0.40537745604963804,0.4335085014219629,0.6795938307991083,0.8566239329655735,0.7224399859459585,0.9166666666666666
636,0.178937077522278,0.0321957804262638,0.2222783387005332,0.0572612322866917,0.162407130002975,0.126734957098961,0.1912026334404944,0.02066638579964639,0.00751125812530518,8.05234827566892e-4,89.468538761139,16.0978902131319,111.1391693502666,28.63061614334585,81.20356500148749,63.367478549480495,95.6013167202472,10.333192899823194,3.75562906265259,0.402617413783446,8842.99,0.41,17.69,0.4211776569336649,0.4211776569336649,398.0022058786445,82.24298531919729,88.75,5970.033088179667,318.4017647029156,1331.25,71.00000000000001,16.1867908227458,0.8632955105464427,16057.387187726517,10.738966378378377,883.2046542003261,473637.7626231762,346.04,2475.57016,353.65288000000004,1060.9586400000003,30.100684579869558,4.300097797124223,0.4463388333772781,197.0649050315361,RESIDUES,1.2259836754170976,0.43051408787557477,13.713532650829311,1.9590760929756155,100.8285574189039,3342.296518676814,232.12026635378393,6.684593037353627,0.4642405327075679,40.639289851953485,2.822371603522058,0.6041896557125037,1127.8418644764877,161.12026635378393,2.265957183736888,0.7366283462287694,0.9546394551277998,0.8658736052899578,1.09341728301069,3.641987734290109,0.5415844340335242,2,3,3,3,4,4,3,22,0.9166666666666666,0.5276990034491167,0.2326126231816404,0.3912006874281031,0.4095139607032059,0.43915348805578874,0.7366283462287694,0.8658736052899578,0.5310089890796816,0.9166666666666666
637,0.0277788750827312,0.0243836771696806,0.10186675510555511,0.128957211971283,0.386643528938293,0.0996739938855171,0.20886772003769902,0.013738421611487878,0.00805372465401888,3.61118181899656e-5,13.889437541365599,12.1918385848403,50.93337755277756,64.4786059856415,193.3217644691465,49.83699694275855,104.43386001884951,6.869210805743939,4.02686232700944,0.0180559090949828,6132.97,0.129,12.27,0.5616730342470106,0.5616730342470106,727.1036002004512,37.69069938905539,88.75,10906.554003006768,581.6828801603609,1331.25,71.00000000000001,35.32038464604793,1.8837538477892233,7358.854388825301,10.738966378378377,404.75915351663224,405527.60713083914,296.28,2119.5871199999997,302.79816,908.39448,56.23634356372502,8.033763366246433,0.31294397162498705,143.17083922315445,RESIDUES,1.4655186520408434,0.5167718400730578,21.739987857054555,3.105712551007793,55.236422963125094,2555.40450055859,188.0564781488511,5.11080900111718,0.37611295629770225,67.79933888148086,4.989466398797017,0.23157297355003217,819.3953470419577,117.05647814885108,2.1536719209028807,0.5124165328144029,0.926731567813376,0.6494492219533076,0.626786688457999,3.257960585419135,0.458826128308333,4,1,1,4,1,3,1,15,0.3333333333333333,0.32764360534252057,0.7237539349497741,0.022242893797501894,0.12926577042399173,0.7757511225431373,0.5124165328144029,0.6494492219533076,0.4236960579412732,0.3333333333333333
638,0.00240281270816922,0.0113279353827238,0.18660962839424608,0.152295142412186,0.277429014444351,0.195558950304985,0.15252704384922977,0.017068731561303136,0.0034988175611943,0.00128196948207915,1.20140635408461,5.6639676913619,93.30481419712304,76.147571206093,138.71450722217548,97.7794751524925,76.26352192461489,8.534365780651568,1.7494087805971499,0.640984741039575,5729.1,0.087,11.46,0.4612077836561945,0.4612077836561945,633.5277121704067,69.04556250587105,88.75,9502.9156825561,506.8221697363254,1331.25,71.00000000000001,19.280746679220723,1.0283064895584388,13480.679555200335,10.738966378378377,741.4779743267718,332893.8284178633,243.21,1739.92434,248.56062,745.68186,25.199654791023704,3.599950684431958,0.17068951926135978,151.13893025679818,RESIDUES,1.2489845692236194,0.3785661352049744,12.527935094629077,1.7897050135184396,86.23684214319783,2937.7262999724794,194.5711893779582,5.875452599944959,0.3891423787559164,42.54764815222818,2.818011503076878,0.28666333646088005,864.9983256457075,123.5711893779582,2.149750873073483,0.5045869635359,0.9479175410731379,0.8137454707689945,1.05820356556458,3.4153648240727583,0.43373538544016876,3,2,1,4,1,4,1,16,0.4166666666666667,0.36449183125124557,0.2671218981060542,0.2819068116783812,0.08738366080661847,0.535057326464516,0.5045869635359,0.8137454707689945,0.3911608200817187,0.4166666666666667
639,0.0108639029785991,0.0189278516918421,0.2476373648643497,0.0753766149282455,0.217744559049606,0.101949192583561,0.29500950407981874,0.025910035848617573,0.00656297337263823,1.80559090949828e-5,5.43195148929955,9.46392584592105,123.81868243217485,37.68830746412275,108.87227952480299,50.9745962917805,147.50475203990936,12.955017924308788,3.281486686319115,0.0090279545474914,6244.06,0.141,12.49,0.4346108767949042,0.4346108767949042,475.82614377185655,91.6258249998094,88.75,7137.392156577847,380.66091501748525,1331.25,71.00000000000001,14.52920069208402,0.7748907035778145,17889.32323780062,10.738966378378377,983.9666540641341,417967.2030984038,305.36,2184.54544,312.07792,936.2337600000001,23.84202750703248,3.4060039295760687,0.3373071252891178,189.71620331466409,RESIDUES,1.18108260188509,0.3787129836433584,11.850193706989753,1.6928848152842506,108.2176677906428,3401.00042887462,226.1119678300694,6.80200085774924,0.4522239356601388,37.11836077745215,2.467775518862065,0.553381671366356,1085.7837748104857,155.1119678300694,2.2772004161675268,0.7590788928836704,0.9131457897824329,0.5440921377939556,1.00554469897627,3.578784383796282,0.530685246597455,1,3,1,3,4,2,2,16,0.4166666666666667,0.39521936097148,0.168942866090512,0.46890426097709054,0.14064115822130302,0.4713366823736854,0.7590788928836704,0.5440921377939556,0.5168759816365934,0.4166666666666667
64,0.177573010325432,0.0247872676700354,0.18975627572834494,0.00390620389953256,0.0260863900184631,0.261091262102127,0.28810920220613456,0.022038066849112505,0.00605652527883649,5.95844991039485e-4,88.786505162716,12.3936338350177,94.87813786417247,1.95310194976628,13.04319500923155,130.5456310510635,144.05460110306728,11.019033424556252,3.028262639418245,0.2979224955197425,9091.01,0.435,18.18,0.40049216075986616,0.40049216075986616,288.55219198860215,70.20982201948763,88.75,4328.282879829032,230.84175359088172,1331.25,71.00000000000001,18.961022285891776,1.0112545219142282,13707.993358615638,10.738966378378377,753.9809180992075,582770.85003544,425.77,3045.9585799999995,435.13694,1305.4108199999998,43.38365334631606,6.1976647637594375,0.6600777832112346,215.63737167661034,RESIDUES,1.3019928489602788,0.49353554342342026,17.577822733078946,2.5111175332969924,91.41268619614681,3319.366723678784,247.30511508279665,6.638733447357568,0.4946102301655933,47.2778113973491,3.5223720552112203,0.7325973161303684,1234.1358055795765,176.30511508279665,2.2027989906305314,0.6105137284156992,0.9264597817677278,0.6473415336619582,0.648622495781493,3.657597851372643,0.6589053000094643,3,2,4,3,2,3,4,21,0.8333333333333334,0.5108065234598786,0.3526585103029037,0.29154857556073216,0.4348500517063082,0.3895953516000325,0.6105137284156992,0.6473415336619582,0.6831392907001773,0.8333333333333334
640,0.226921409368515,0.0288543701171875,0.236521009504795,0.0190968830138445,0.0324291959404945,0.127470806241035,0.2975881386995317,0.025303808033466338,0.00581440329551697,0,113.4607046842575,14.42718505859375,118.2605047523975,9.54844150692225,16.21459797024725,63.735403120517496,148.79406934976586,12.65190401673317,2.907201647758485,0,9631.87,0.491,19.26,0.3710712771117685,0.3710712771117685,196.1714774575825,87.51277351677415,88.75,2942.5721618637376,156.93718196606602,1331.25,71.00000000000001,15.212065010656193,0.8113101339016638,17086.277726626387,10.738966378378377,939.7967324752792,581579.8987626374,424.9,3039.7346000000002,434.24780000000004,1302.7434,34.73475331481014,4.9621076164014495,0.6577452855206797,228.6326228237183,RESIDUES,1.2292253630593075,0.461914279068679,14.952219823016968,2.136031403288138,107.57292079848365,3579.5569594199837,257.9300324206721,7.159113918839967,0.5158600648413442,40.903251212051536,2.9473415371898017,0.8224448214850367,1308.5102269447048,186.9300324206721,2.1702259486006885,0.54547170386498,0.9514169752723929,0.8408834221326407,0.475033362737987,3.705290754061277,0.7260779118272008,2,3,4,2,2,4,4,21,0.8333333333333334,0.5234878508936629,0.2373858961795542,0.434842206279173,0.4906928645294727,0.3191090478521833,0.54547170386498,0.8408834221326407,0.770242208083726,0.8333333333333334
653,0.224942117929459,0.034528773277998,0.26165279525518453,0.00591661175712943,0.126310601830482,0.134895250201225,0.18372611886262924,0.02287198638916019,0.00213490589521825,0.00302088307216763,112.47105896472951,17.264386638999,130.82639762759226,2.958305878564715,63.15530091524101,67.4476251006125,91.86305943131462,11.435993194580096,1.067452947609125,1.510441536083815,9882.73,0.517,19.77,0.4095283385217187,0.4095283385217187,349.85779451221134,96.81153424441827,88.75,5247.86691768317,279.88623560976913,1331.25,71.00000000000001,13.75094414513686,0.7333836877406327,18901.797929234526,10.738966378378377,1039.6558112900348,502990.91709656396,367.48,2628.9519200000004,375.56456000000003,1126.69368,27.155358506794602,3.8793369295420854,0.5038274700521971,215.35735820061115,RESIDUES,1.1824429567115506,0.413961689886222,12.73126432788457,1.8187520468406533,114.47411679575147,3603.439043743773,247.07617606481972,7.206878087487546,0.4941523521296394,37.22117485139981,2.552135734581286,0.7306613387491374,1232.5332324537378,176.07617606481972,2.260151739416689,0.7250360039582412,0.9396344932182759,0.7495108153850321,1.18728124453497,3.79833087852411,0.5988925228877096,1,4,4,3,3,4,3,22,0.9166666666666666,0.5345663115273724,0.17080207625217186,0.5118494836824031,0.5170630816959669,0.41124414971431633,0.7250360039582412,0.7495108153850321,0.605320551393493,0.9166666666666666
654,0.0594667345285416,0.0176532566547394,0.16570996047556433,0.0817710980772972,0.262971609830856,0.236173674464226,0.15377666106820076,0.015802320316433915,0.00667473068460822,0,29.7333672642708,8.8266283273697,82.85498023778216,40.8855490386486,131.485804915428,118.086837232113,76.88833053410038,7.901160158216958,3.33736534230411,0,7015.41,0.221,14.03,0.4955813050195571,0.4955813050195571,640.9301393177357,61.31268537595879,88.75,9613.952089766033,512.7441114541886,1331.25,71.00000000000001,21.712472579483432,1.1579985375724497,11970.887544754765,10.738966378378377,658.4348668205131,403569.0821402604,294.84,2109.28536,301.32648,903.9794400000001,34.40210369299969,4.914586241857099,0.30910816816119885,163.12405478881973,RESIDUES,1.3062115189949013,0.4467370275782806,15.226728117399375,2.175246873914196,80.08733589858761,2923.2764571878865,204.37022719533903,5.846552914375773,0.4087404543906781,47.678167075261186,3.333245411486646,0.36952695551504655,933.5915903673732,133.37022719533903,2.164689300923155,0.5344160961682568,0.8733240353350368,0.23527626246229263,0.838926228783101,3.4948553849365167,0.5284810888628794,3,2,2,4,2,1,2,16,0.4166666666666667,0.3715963642169552,0.35989823261009807,0.21786733032062022,0.2202688728024819,0.6174091176846898,0.5344160961682568,0.23527626246229263,0.5140178440138375,0.4166666666666667
655,0.0149141810834408,0.0312254354357719,0.16791003917157674,0.147313758730888,0.293845415115356,0.163781255483627,0.16016044431924797,0.016164951637387282,0.00468455255031586,0,7.4570905417204,15.61271771788595,83.95501958578836,73.656879365444,146.922707557678,81.89062774181349,80.08022215962399,8.082475818693641,2.3422762751579302,0,6075.73,0.123,12.15,0.47135583137720755,0.47135583137720755,632.9201061087092,62.12671449348339,88.75,9493.801591630638,506.33608488696734,1331.25,71.00000000000001,21.427980070306756,1.142825603749694,12129.821229754702,10.738966378378377,667.1766981446308,343594.0328992142,251.03,1795.86862,256.55266,769.6579800000001,28.90654422403703,4.129506317719576,0.19164604604056582,148.53665505733653,RESIDUES,1.2865965093171121,0.4082912199444826,13.683404814740651,1.9547721163915217,79.93201400265657,2848.5316823687795,192.44356917487835,5.697063364737559,0.3848871383497567,45.850351263425786,3.0975977201412155,0.26867153835931096,850.1049842241484,121.44356917487835,2.1737600080858908,0.5525285327478836,0.9297162985812901,0.6725956718652609,0.875129198233626,3.393884156789802,0.4676781227000372,3,2,1,4,2,4,2,18,0.5833333333333334,0.3962047198477844,0.3268454257274812,0.22460867660358938,0.12306101344364016,0.5593699332055866,0.5525285327478836,0.6725956718652609,0.43517446432321266,0.5833333333333334
656,0.0202635060995817,0.0211899690330029,0.15530589430034145,0.0305024143308401,0.196781948208809,0.303351849317551,0.2500747302174569,0.01853936614096164,0.0031778400298208,8.12515907455236e-4,10.13175304979085,10.59498451650145,77.65294715017072,15.25120716542005,98.3909741044045,151.6759246587755,125.03736510872845,9.26968307048082,1.5889200149104,0.406257953727618,6818.69,0.2,13.64,0.4928966740965846,0.4928966740965846,592.700540998802,57.46318089112633,88.75,8890.508114982029,474.16043279904164,1331.25,71.00000000000001,23.167008497533008,1.235573786535094,11219.297804256665,10.738966378378377,617.0951675844805,467906.9579998736,341.85,2445.5949000000005,349.3707000000001,1048.1121000000003,42.559337336956546,6.0799053338509355,0.43511495809863704,176.2930172574463,RESIDUES,1.3441151148524502,0.48429715589455524,17.558377046329227,2.5083395780470323,77.23712998326339,2957.3053639522973,215.1371709096881,5.914610727904595,0.43027434181937624,51.46435192224061,3.7439133645821263,0.4605754787426002,1008.9601963678167,144.1371709096881,2.1841794256463483,0.5733340814636152,0.9059431569259524,0.48823605106114065,1.32733488722186,3.527841216107107,0.42542542418617113,4,1,1,4,2,2,1,15,0.3333333333333333,0.3802042097795383,0.4283646698510791,0.18598782848042436,0.20010341261633924,0.6109773016675069,0.5733340814636152,0.48823605106114065,0.38038526961583186,0.3333333333333333
657,0.166933596134186,0.0104237431660295,0.2719660830497741,0.029935834929347,0.0633638873696327,0.080682635307312,0.340699558496475,0.02904356694221495,0.00691501749679446,3.61118181899656e-5,83.46679806709301,5.21187158301475,135.98304152488706,14.9679174646735,31.681943684816346,40.341317653656,170.3497792482375,14.521783471107476,3.4575087483972298,0.0180559090949828,8520.17,0.376,17.04,0.37204356580972664,0.37204356580972664,214.38926672428838,100.62745072841642,88.75,3215.8390008643255,171.5114133794307,1331.25,71.00000000000001,13.229491459471756,0.7055728778384938,19646.82983951568,10.738966378378377,1080.6348101143906,554093.6528788916,404.82,2896.0822800000005,413.72604,1241.17812,28.780240968403756,4.11146299548625,0.6039130200787918,231.27912911068353,RESIDUES,1.1811435949782327,0.42868650483996956,13.154032047365318,1.8791474353379025,118.85546890685676,3735.5415218406547,260.09381596089486,7.471083043681309,0.5201876319217897,37.12248988521545,2.5847203131763963,0.8407424276719082,1323.6567117262641,189.09381596089486,2.1727990258176653,0.5506096382146232,0.9393205334543345,0.7470760718468351,0.765906655018217,3.7057031989312756,0.6548158533388116,1,4,3,2,2,4,4,20,0.75,0.4798655572420308,0.16901753368043768,0.5434508279730688,0.37590486039296794,0.3214384488761158,0.5506096382146232,0.7470760718468351,0.6778364935353923,0.75
658,0.378346115350723,0.0417761020362377,0.0946076536253093,0.00899595022201538,0.0802508443593979,0.144470691680908,0.2320954975783827,0.014100822173058983,0.00528412219136953,7.22236363799311e-5,189.1730576753615,20.88805101811885,47.303826812654655,4.49797511100769,40.12542217969895,72.235345840454,116.04774878919135,7.0504110865294916,2.642061095684765,0.03611181818996555,11829.7,0.718,23.66,0.4647574077509342,0.4647574077509342,269.0380249822511,35.00483184136444,88.75,4035.5703747337666,215.2304199858009,1331.25,71.00000000000001,38.03046408087272,2.028291417646545,6834.456897892344,10.738966378378377,375.9157122252016,689256.8574221049,503.57,3602.5397800000005,514.64854,1543.9456200000002,102.91550024653905,14.70221432093415,0.8686323832003031,209.82763602975388,RESIDUES,1.5171699505102672,0.5833198243943168,34.306278972219694,4.900896996031385,53.10827899238311,2908.051238750689,242.55507521792677,5.816102477501379,0.48511015043585354,83.0757094314708,6.92918841367793,0.6924295464788899,1200.8855265254874,171.55507521792677,2.1021403128409903,0.40951794220598764,0.9154019469196805,0.5615885326889939,0.50936468454109,3.5171019203265654,0.620898200818327,4,1,4,4,1,2,4,20,0.75,0.38450038709165274,1,0,0.7182006204756981,0.543561485793146,0.40951794220598764,0.5615885326889939,0.6338553767470226,0.75
671,0.181561455130577,0.0254782922565937,0.3545432245135303,7.35972542315722e-4,0.0540746077895164,0.12322261184454,0.22315114483237242,0.03008377751708027,0.0037183272652328,0.0034306226298213,90.7807275652885,12.73914612829685,177.27161225676517,0.36798627115786103,27.0373038947582,61.61130592227,111.5755724161862,15.041888758540136,1.8591636326164,1.71531131491065,9258.87,0.453,18.52,0.33308410245180126,0.33308410245180126,235.41805133461966,131.18099307000622,88.75,3531.2707700192946,188.33444106769574,1331.25,71.00000000000001,10.14819272857283,0.5412369455238843,25612.20253885743,10.738966378378377,1408.7482740610837,469744.5468919462,343.19,2455.1812600000003,350.74018,1052.22054,18.71598318126594,2.673711883037991,0.4387139062208909,231.3387125176087,RESIDUES,1.0952071875085978,0.3259165112106742,10.092908191160072,1.4418440273085815,143.67036647478636,4063.9959935418624,260.1425313543969,8.127991987083725,0.5202850627087938,30.98006729811128,1.9830809728324659,0.8411543797313304,1323.9977194807784,189.1425313543969,2.262117701066169,0.7289616466953891,0.88304299593291,0.31064635516654376,1.4195813993999,3.95392135644078,0.6217968070589006,1,4,4,1,4,1,4,19,0.6666666666666666,0.39755037958363754,0.057942716268112385,0.7964786431479888,0.45243019648397104,0.2280996966840994,0.7289616466953891,0.31064635516654376,0.6350206020228449,0.6666666666666666
672,0.130878105759621,0.0141484746709466,0.3404678080379961,0.0151562942191958,0.0823282077908516,0.221680492162704,0.15713002324104283,0.026877534598112082,0.00377964065410197,0.00755346100777388,65.4390528798105,7.0742373354733,170.23390401899803,7.5781471095979,41.164103895425804,110.84024608135199,78.56501162052142,13.43876729905604,1.889820327050985,3.77673050388694,8471.18,0.371,16.94,0.35061128567159155,0.35061128567159155,355.37427137955984,125.97308897405854,88.75,5330.6140706933975,284.29941710364784,1331.25,71.00000000000001,10.567733242408165,0.5636124395951023,24595.394452664834,10.738966378378377,1352.8207670728825,409877.9790874091,299.45,2142.2653,306.0379,918.1136999999999,17.005737633703287,2.429391090529041,0.321464246781061,212.16417390301675,RESIDUES,1.0946957441952412,0.29148714675900234,9.639026953858345,1.377003850551192,137.90220438303035,3898.328767154628,244.46542858310653,7.796657534309256,0.48893085716621304,30.945726574644887,1.9406162901462942,0.708584070674145,1214.2580000817456,173.4654285831065,2.2700641797797645,0.7448292178945392,0.9278786067671002,0.6583444563157663,1.11942938753226,3.9307970358692716,0.6836631797014334,1,4,3,1,4,3,4,20,0.75,0.44449642863905614,0.057321725195820336,0.7533496147588834,0.3707342295760084,0.27009117372643593,0.7448292178945392,0.6583444563157663,0.7152429039295204,0.75
673,0.0370152145624161,0.0142746772617102,0.21648111408948925,0.132331565022469,0.128780141472816,0.24508897960186,0.20007347336411507,0.02061512830853465,0.00533971609547734,0,18.50760728120805,7.1373386308551,108.24055704474462,66.16578251123451,64.39007073640799,122.54448980093,100.03673668205754,10.307564154267325,2.66985804773867,0,6365.69,0.153,12.73,0.3801765393912789,0.3801765393912789,439.18271172538323,80.09801221311102,88.75,6587.740675880748,351.3461693803066,1331.25,71.00000000000001,16.620262640950926,0.8864140075173829,15638.595681824701,10.738966378378377,860.1698601315398,386229.26222579146,282.18,2018.7157200000004,288.3879600000001,865.1638800000001,25.20306889300759,3.600438413286799,0.2751478451582593,173.0831737410066,RESIDUES,1.2146445141876727,0.3866213986072486,12.367218518718524,1.7667455026740748,97.2906111319925,3182.0094800860693,212.512802850647,6.364018960172139,0.425025605701294,39.72644753804783,2.6531595101914576,0.43838303095792264,990.5896199545291,141.512802850647,2.2226991345499036,0.6502504422350837,0.9259856022120077,0.6436642930030231,0.722929400531476,3.5155981241229943,0.5676474949139891,2,3,1,2,3,3,3,17,0.5,0.3978430731746854,0.216105489081784,0.37343718712512225,0.15305067218200624,0.3409233580684878,0.6502504422350837,0.6436642930030231,0.5648050344797523,0.5
674,0.0308502838015556,0.0230407491326332,0.1341744989305732,0.0994047299027443,0.206722185015678,0.296354413032532,0.18934435826539978,0.015076935455203035,0.00503188651055098,0,15.425141900777799,11.5203745663166,67.0872494652866,49.70236495137215,103.36109250783899,148.177206516266,94.67217913269988,7.5384677276015175,2.51594325527549,0,6563.78,0.174,13.13,0.4725351802930232,0.4725351802930232,597.5117680842425,49.64456460431209,88.75,8962.676521263636,478.009414467394,1331.25,71.00000000000001,26.815624441680946,1.4301666368896508,9692.765802744609,10.738966378378377,533.1313101549407,419013.670252026,306.13,2190.0540200000005,312.86486,938.5945800000001,44.11467876605718,6.3020969665795965,0.3393566484516578,157.42075726007684,RESIDUES,1.3821837685436984,0.48577154391899896,18.14801852190312,2.5925740745575885,68.61791139249918,2765.3317881058124,199.70721113583886,5.530663576211625,0.3994144222716777,55.70260934196244,4.0227407114472395,0.3300950854070931,900.9504779508717,128.70721113583883,2.157501931694291,0.5200643188485162,0.9412662862523951,0.7621652953592207,1.13192606763875,3.4189098663764113,0.41744254251475976,4,1,1,4,2,4,1,17,0.5,0.3925360314689966,0.5050060377098112,0.12123830207114994,0.17373319544984495,0.5621954073449487,0.5200643188485162,0.7621652953592207,0.3700338441778233,0.5
675,0.0364425256848335,0.0125521784648299,0.1586164727509018,0.0375737771391869,0.185527920722961,0.191066071391106,0.3527345014214516,0.02236022081971166,0.00184467539656907,0.00128170091193169,18.22126284241675,6.276089232414949,79.3082363754509,18.78688856959345,92.7639603614805,95.53303569555301,176.36725071072578,11.18011040985583,0.9223376982845349,0.640850455965845,6735.05,0.192,13.47,0.48682958038151236,0.48682958038151236,490.02520123973443,58.688094917833666,88.75,7350.378018596017,392.0201609917875,1331.25,71.00000000000001,22.683476126867266,1.209785393432921,11458.453991525146,10.738966378378377,630.2494781336947,529230.3818850553,386.65,2766.0941000000003,395.1563,1185.4689,47.132116042830724,6.733159434690102,0.555217894176375,192.7755438302933,RESIDUES,1.3512564416730235,0.5014210685884047,18.799264041441475,2.6856091487773535,79.30266630724057,3064.7924705832293,228.6132846356478,6.129584941166459,0.4572265692712956,52.221706546687116,3.8953945422102745,0.5745335606409946,1103.2929924495347,157.6132846356478,2.209912275576749,0.62471757384359206,0.9373633454443209,0.7318981687913728,1.16069736721866,3.469162017488192,0.4362063137552827,4,1,1,4,2,4,1,17,0.5,0.4269813792366592,0.4420600848821761,0.19613190004141587,0.19131334022750782,0.5964418099541265,0.62471757384359206,0.7318981687913728,0.3943648798773393,0.5
676,0.402265906333923,0.0171638764441013,0.2016796107888225,0.036956250667572,0.0184827260673046,0.047148808836937,0.24832032591104533,0.021385214447975188,0.00659730704501271,0,201.1329531669615,8.581938222050649,100.83980539441124,18.478125333786,9.2413630336523,23.5744044184685,124.16016295552267,10.692607223987594,3.298653522506355,0,11725.24,0.708,23.45,0.37804285383224484,0.37804285383224484,102.45938706800348,74.62145599186432,88.75,1536.8908060200522,81.96750965440279,1331.25,71.00000000000001,17.840043219541855,0.9514689717088991,14569.335083384536,10.738966378378377,801.3573070022727,663629.5087667776,484.84,3468.54536,495.50648,1486.51944,46.48187728175877,6.640268183108396,0.8184407986084904,239.64509810368438,RESIDUES,1.2986016622144108,0.5057233353195191,18.379925816732115,2.625703688104588,96.90354678789451,3504.144132469279,266.9338322095724,7.0082882649385585,0.5338676644191448,46.958935414652345,3.5771726598134874,0.898583667936273,1371.5368254670063,195.93383220957236,1.9292243220523926,0.06423836691241376,0.9322772798228378,0.6924559636778994,0.565189134717152,3.6457789922138573,0.6733309315728824,3,2,4,2,1,4,4,20,0.75,0.41287791822282865,0.3468922037596875,0.32808332799310247,0.7073422957600827,0.33581149228582297,0.06423836691241376,0.6924559636778994,0.7018450483039352,0.75
688,0.252929180860519,0.0300188064575195,0.2648928010165689,0.0379390344023705,0.0808927118778229,0.0859299674630165,0.2159571515321727,0.024209557920694322,0.00723082851618528,0,126.4645904302595,15.00940322875975,132.44640050828446,18.96951720118525,40.44635593891145,42.96498373150825,107.97857576608635,12.104778960347161,3.61541425809264,0,9932.58,0.522,19.87,0.37040564076602417,0.37040564076602417,239.12861445099117,98.0103363761305,88.75,3586.9292167648673,191.30289156079294,1331.25,71.00000000000001,13.582751056899887,0.7244133897013275,19135.855945436935,10.738966378378377,1052.5297070768206,524443.0171724786,383.15,2741.0551,391.57930000000005,1174.7379,27.967000230269168,3.9952857471813097,0.5458417615075277,221.74671333250686,RESIDUES,1.183091707174225,0.42125352125145016,12.948642323542531,1.8498060462203616,115.95521618395628,3652.880496821424,252.30011282065766,7.305760993642848,0.5046002256413153,37.270359758820796,2.5742194359216892,0.7748365234321695,1269.1007897446034,181.30011282065763,2.225463655394082,0.6557706522435099,0.9401336146513379,0.7533814791562998,1.17591517988024,3.7507414689851557,0.5772207521317847,1,4,4,2,3,4,3,21,0.8333333333333334,0.5051354084554904,0.17169149806152412,0.5217773107350877,0.5222337125129266,0.31751432193528245,0.6557706522435099,0.7533814791562998,0.5772187044260045,0.8333333333333334
689,0.290083020925522,0.0125603694468737,0.32381184011697767,0.00199249712750316,0.0565952770411968,0.150622740387917,0.1352316373586656,0.02506246715784073,0.00333603471517563,7.0418044924736e-4,145.041510462761,6.28018472343685,161.90592005848885,0.9962485637515801,28.2976385205984,75.31137019395851,67.6158186793328,12.531233578920366,1.668017357587815,0.35209022462368,10691.34,0.601,21.38,0.3570952099561695,0.3570952099561695,253.5051197446886,119.81038084328175,88.75,3802.576796170329,202.8040957957509,1331.25,71.00000000000001,11.111307639872582,0.5926030741265378,23392.167330050466,10.738966378378377,1286.6396516567115,503195.3674216035,367.63,2630.02502,375.71786000000003,1127.1535800000001,21.951562139178996,3.1359374484541425,0.5042278893824236,231.9588070332915,RESIDUES,1.123546834306296,0.3690427684539034,11.080397500358792,1.5829139286226845,134.6125741135009,3945.4362960696453,260.64952063041915,7.89087259213929,0.5212990412608383,32.93067151860975,2.1755170027492223,0.845441633951162,1327.546644412934,189.64952063041915,2.2237494113261707,0.6523476405196167,0.9146996615951741,0.556142342278009,1.41193346048237,3.938779335966707,0.6158918977461999,1,4,4,1,3,2,3,18,0.5833333333333334,0.45635307222537413,0.09321593372639277,0.7023134188095652,0.6003102378490176,0.28562530458624674,0.6523476405196167,0.556142342278009,0.6273636892707087,0.5833333333333334
690,0.0937981233000755,0.0152808576822281,0.2488295146822933,0.0128591442480683,0.119548484683037,0.295890122652054,0.18548605066537832,0.022129920005798352,0.002302325097844,0.0038755142595619,46.89906165003775,7.64042884111405,124.41475734114665,6.4295721240341495,59.7742423415185,147.945061326027,92.74302533268916,11.064960002899175,1.1511625489219999,1.93775712978095,7984.95,0.321,15.97,0.4182005929946901,0.4182005929946901,467.7418976140027,92.06692043244853,88.75,7016.12846421004,374.1935180912022,1331.25,71.00000000000001,14.459590847037907,0.7711781785086885,17975.444140648866,10.738966378378377,988.7035630849019,447524.64534890273,326.96,2339.07184,334.15312,1002.4593600000001,25.406213534819244,3.629459076402749,0.39519586294146725,197.63494264385523,RESIDUES,1.185897718762678,0.3955378558727207,12.285675445929872,1.7550964922756964,109.1819509143457,3451.057866824214,232.58632910561604,6.9021157336484285,0.4651726582112321,37.484232671346156,2.526274670784385,0.6081308229008424,1131.1043037393122,161.58632910561604,2.2224320904769828,0.6497172072019194,0.9350957000710597,0.714312683154106,0.888388914981077,3.7589149959377006,0.6520742300378819,2,3,3,3,3,4,4,22,0.9166666666666666,0.5009264033553055,0.17555901032908958,0.4725571733744982,0.3205791106514995,0.43202106349678293,0.6497172072019194,0.714312683154106,0.6742814227793874,0.9166666666666666
692,0.1069191172719,0.0126826809719205,0.11203723591566114,0.0156805571168661,0.0458098128437996,0.532555401325226,0.16022801220417007,0.01266414660215379,0.00142308173235506,0,53.459558635949996,6.3413404859602505,56.01861795783057,7.8402785584330505,22.9049064218998,266.27770066261303,80.11400610208504,6.332073301076895,0.71154086617753,0,8241.67,0.347,16.48,0.45199315154552455,0.45199315154552455,524.4739310753348,41.45377728879462,88.75,7867.108966130022,419.5791448602679,1331.25,71.00000000000001,32.11408192613247,1.7127510360603988,8093.56992254736,10.738966378378377,445.1707205611506,518803.86186225334,379.03,2711.5806199999997,387.36866,1162.10598,65.41214811642672,9.34459258806096,0.5347973829186133,174.86495518364626,RESIDUES,1.4611429875707513,0.538651412332411,24.142241719853292,3.448891674264757,60.56989599384193,2777.207832068195,213.96958735814923,5.55441566413639,0.42793917471629844,66.99529002436414,5.161642710325156,0.4507020401018162,1000.7871115070443,142.96958735814923,2.1027012783953243,0.4106380812253542,0.9372433659785032,0.730967733548816,1.33359090680546,3.567393744095328,0.4442212637042397,4,1,3,4,1,4,1,18,0.5833333333333334,0.3998166299723762,0.7092141375443771,0.05340665767989629,0.34694932781799387,0.5129809889334587,0.4106380812253542,0.730967733548816,0.4047578883423302,0.5833333333333334
693,0.0684748739004135,0.0102844638749957,0.17838221016526248,0.0054740309715271,0.127603024244308,0.267947733402252,0.31755806171894063,0.022361423701047912,0.00146252859849483,4.51666273875162e-4,34.23743695020675,5.14223193749785,89.19110508263124,2.73701548576355,63.801512122154,133.97386670112598,158.7790308594703,11.180711850523956,0.731264299247415,0.225833136937581,7467.47,0.267,14.93,0.465774070605635,0.465774070605635,458.56037815406825,66.00141776114711,88.75,6878.405672311023,366.84830252325463,1331.25,71.00000000000001,20.17002126859862,1.0757344676585934,12886.33086233856,10.738966378378377,708.7870062622643,541848.5308473323,395.87,2832.05398,404.57914,1213.73742,42.908987050080285,6.129855292868611,0.5799307468225876,201.91385556422222,RESIDUES,1.3139054406641637,0.48994908539615983,17.508614471694226,2.501230638813461,86.71962188791956,3195.630384427421,236.0847683093081,6.391260768854842,0.47216953661861616,48.417602118671226,3.5769651064720542,0.6377146798938942,1155.5933781651565,165.0847683093081,2.204467024189458,0.6138444667480827,0.9040026380446186,0.4731874163323934,0.823013395542926,3.583419752146004,0.5779202197659181,3,2,2,4,2,2,3,18,0.5833333333333334,0.44909799927899835,0.37326960380287144,0.25669686105392503,0.26680455015511895,0.5459971980458006,0.6138444667480827,0.4731874163323934,0.5781257061027252,0.5833333333333334
708,0.300077885389328,0.00329602090641856,0.25549503716826405,0.00276214769110084,0.0434857234358788,0.206056550145149,0.16522256577014957,0.021834635764360417,0.00176947913132608,0,150.038942694664,1.64801045320928,127.74751858413202,1.3810738455504201,21.7428617179394,103.0282750725745,82.61128288507479,10.917317882180209,0.88473956566304,0,10705.44,0.602,21.41,0.3900815419703723,0.3900815419703723,271.88304435059416,94.53316375225769,88.75,4078.2456652589117,217.50643548047535,1331.25,71.00000000000001,14.082359535631287,0.7510591752336687,18456.961485035394,10.738966378378377,1015.1884671772328,563146.99116754,411.43,2943.3702200000002,420.48146,1261.4443800000001,31.135848025923124,4.447978289417589,0.6216441322849127,229.1323358092523,RESIDUES,1.2015665894400551,0.44308306198076874,13.872064916183387,1.9817235594547695,113.58789115877852,3657.808651480746,258.3385977576447,7.315617302961492,0.5166771955152895,38.69339083019305,2.7327827346884384,0.8258997731928039,1311.370184303513,187.33859775764472,2.182487623105021,0.5699558811000396,0.9315973397793087,0.6871830598937915,1.10069813467015,3.810841103004342,0.626599164533646,2,4,4,2,2,4,4,22,0.9166666666666666,0.525730673045897,0.19742449089672687,0.49298125880211885,0.6018614270941055,0.36465367931797726,0.5699558811000396,0.6871830598937915,0.6412478326611891,0.9166666666666666
709,0.0822207108139992,0.0114228269085288,0.11678802024573122,0.0236650928854942,0.257160902023315,0.388954073190689,0.1006406876295804,0.010864740811288374,0.00394399743527174,0.00433899182826281,41.1103554069996,5.7114134542644,58.39401012286561,11.8325464427471,128.5804510116575,194.4770365953445,50.3203438147902,5.432370405644187,1.97199871763587,2.169495914131405,7753.11,0.297,15.51,0.5485010082460935,0.5485010082460935,746.9418272793657,43.21156749092055,88.75,11204.127409190485,597.5534618234925,1331.25,71.00000000000001,30.807722961674955,1.6430785579559979,8436.766582551623,10.738966378378377,464.04757044202387,441465.6120620423,322.53,2307.3796199999997,329.62566,988.87698,53.39726730544587,7.628181043635125,0.38332914641717136,157.32505726966917,RESIDUES,1.4328471996819192,0.5122157403352582,20.837077200565798,2.976725314366542,61.91557347323177,2695.700338207795,199.62896682368157,5.39140067641559,0.3992579336473631,62.383766540619135,4.6198038723225405,0.32943342790595986,900.4027677657708,128.62896682368154,2.0709921388299666,0.34732110173652997,0.9267778006273645,0.6498077553006962,0.90635733596366,3.5294696629110422,0.5297061926302327,4,1,2,4,1,3,2,17,0.5,0.4050729236302086,0.6258229149956347,0.06796371981715228,0.296794208893485,0.7441936942625884,0.34732110173652997,0.6498077553006962,0.5156064395641131,0.5
710,0.0561751611530781,0.0132241947576404,0.1408758195638657,0.0215065144002438,0.195112705230713,0.395140707492828,0.1576432311236863,0.014381328612566014,0.00554316397756338,3.972300037276e-4,28.08758057653905,6.6120973788201995,70.43790978193285,10.753257200121901,97.5563526153565,197.57035374641399,78.82161556184316,7.190664306283007,2.77158198878169,0.1986150018638,7417.58,0.262,14.84,0.5067829194217922,0.5067829194217922,657.4089859573542,52.1240532386303,88.75,9861.134789360312,525.9271887658834,1331.25,71.00000000000001,25.5400322362763,1.3621350526014029,10176.869205293657,10.738966378378377,559.7584552344554,453872.26717737614,331.6,2372.2664000000004,338.89520000000005,1016.6856000000001,45.511932641528745,6.501704663075534,0.4076277848794564,168.2953270863097,RESIDUES,1.374095933312761,0.49247488815950036,18.47875896317533,2.6398227090250472,71.62344958297975,2854.1962712148234,208.59825942576683,5.708392542429647,0.41719651885153364,54.75775757783001,4.00195776162645,0.40528047117854166,963.1878159803679,137.59825942576683,2.123588763467049,0.45234632313881135,0.9367360037552205,0.727033162828175,1.27592702604136,3.5619886275668793,0.45561192024594527,4,1,2,4,1,4,1,17,0.5,0.4219294451288863,0.4879200694791231,0.14177207798748906,0.26215098241985524,0.6442458505532921,0.45234632313881135,0.727033162828175,0.41952818517682944,0.5
711,0.236021891236305,0.00962547492235899,0.17404346910119095,0.00532045355066657,0.0512875132262707,0.209224253892899,0.2918508853912357,0.021184580415487327,0.0010262142168358,4.15285903727636e-4,118.01094561815249,4.812737461179495,87.02173455059548,2.660226775333285,25.643756613135352,104.61212694644951,145.92544269561785,10.592290207743662,0.5131071084179001,0.207642951863818,9703.98,0.499,19.41,0.4304283186942342,0.4304283186942342,285.9910162499552,64.39608356744066,88.75,4289.865243749327,228.79281299996416,1331.25,71.00000000000001,20.672841052605474,1.1025515228056255,12572.900207870034,10.738966378378377,691.5473763299894,628358.7129259804,459.07,3284.1867799999995,469.16954,1407.50862,50.999790640381725,7.2856843771973905,0.7493623638131719,222.49571286606962,RESIDUES,1.3414567585976716,0.5153337990588154,19.774299822775685,2.8248999746822405,86.38456152876373,3296.1848402050796,252.91249483929857,6.592369680410159,0.5058249896785971,51.18610725375954,3.927451497487866,0.7800150104687513,1273.38746387509,181.91249483929855,2.156607295531739,0.5182779045739341,0.9001563953498734,0.44335998102728164,1.093839787238,3.612336566029876,0.5262376025500346,4,2,4,3,1,2,2,18,0.5833333333333334,0.45836937947649253,0.4233331085559683,0.243402356635489,0.49844881075491215,0.4613161451167797,0.5182779045739341,0.44335998102728164,0.5111087089114379,0.5833333333333334
712,0.21669414639473,0.0446929670870304,0.25966352319717423,0.0115519007667899,0.0782770812511444,0.0688852071762085,0.2904358751177788,0.02650309044122697,0.00304344831965864,2.52782716415823e-4,108.347073197365,22.3464835435152,129.83176159858712,5.7759503833949495,39.1385406255722,34.44260358810425,145.2179375588894,13.251545220613485,1.52172415982932,0.1263913582079115,9692.13,0.497,19.38,0.37953624081611653,0.37953624081611653,224.84478207796812,96.07550358295447,88.75,3372.671731169522,179.8758256623745,1331.25,71.00000000000001,13.856289588433526,0.7390021113831216,18758.092915763867,10.738966378378377,1031.7516027631193,553201.1306783534,404.17,2891.4321800000002,413.06174000000004,1239.1852200000003,30.095415294945095,4.2993450421350135,0.6021650006433489,227.71587194184482,RESIDUES,1.1947059855670836,0.43658393264753736,13.564992424653695,1.9378560606648136,114.7819791969275,3666.2650810606856,257.1804968996523,7.332530162121371,0.5143609937993047,38.1602483914656,2.676858172047935,0.8161065230685144,1303.2634782975663,186.18049689965233,2.198924782330577,0.6027776885601227,0.9087226398584527,0.5097908134436812,0.634659171581228,3.751174629393663,0.7104421628785665,2,4,4,2,2,2,4,20,0.75,0.49000481551315506,0.18778355554969595,0.5057540781778691,0.4968976215098242,0.3393893361676491,0.6027776885601227,0.5097908134436812,0.7499672878141647,0.75
724,0.316724985837936,0.0186615958809853,0.2835541101992128,0.0100550819188356,0.0424750633537769,0.0956524908542633,0.20180205389857286,0.02488139557838438,0.00619325460866094,0,158.362492918968,9.330797940492651,141.7770550996064,5.0275409594178,21.237531676888448,47.82624542713165,100.90102694928643,12.440697789192189,3.09662730433047,0,10907.01,0.623,21.81,0.36200552643835515,0.36200552643835515,186.02006754025808,104.91502077370873,88.75,2790.3010131038714,148.81605403220647,1331.25,71.00000000000001,12.688840836922425,0.6767381779691962,20483.948920791132,10.738966378378377,1126.678880675727,564597.1205931496,412.49,2950.9534600000006,421.56478000000004,1264.6943400000002,28.127082644961906,4.018154663565986,0.6244842346581027,237.1016124783588,RESIDUES,1.1710284403063647,0.4251942774894936,12.934086449480041,1.8477266356400062,122.858473141346,3814.9088292118704,264.8542783623062,7.6298176584237405,0.5297085567246125,36.361893664780844,2.5244648136092023,0.8809983334356912,1356.9799485361432,193.8542783623062,2.15753589800654,0.520132142962493,0.8910976429802481,0.3731097727866065,1.06429323064303,3.8358217575926834,0.6483866698881655,1,4,4,2,2,1,4,18,0.5833333333333334,0.4454300877347724,0.1552635001356522,0.57895815045767,0.6225439503619441,0.29738939920696655,0.520132142962493,0.3731097727866065,0.6694997530128591,0.5833333333333334
725,0.421223819255829,0.0358324199914932,0.20147208529710797,0.00568827148526907,0.0308617800474167,0.181794226169586,0.10523471362888835,0.016336063191294693,8.52464232593775e-4,7.0418044924736e-4,210.6119096279145,17.9162099957466,100.73604264855399,2.844135742634535,15.43089002370835,90.89711308479299,52.61735681444418,8.168031595647347,0.4262321162968875,0.35209022462368,12631.33,0.801,25.26,0.3931561911702157,0.3931561911702157,223.02335446245957,74.54467155992995,88.75,3345.3503169368933,178.41868356996764,1331.25,71.00000000000001,17.85841928258743,0.9524490284046633,14554.343441863079,10.738966378378377,800.5327215693466,607686.8660390561,443.97,3176.1613800000005,453.73734,1361.2120200000002,42.607490428695975,6.086784346956567,0.7088762110843612,225.3742169034891,RESIDUES,1.2871541477960118,0.4923661127925556,17.303204792378338,2.4718863989111908,95.95048319445523,3421.644439751396,255.26595974029271,6.843288879502792,0.5105319194805854,45.90059045334415,3.424335427315854,0.7999166194478927,1289.8617181820491,184.26595974029271,2.1371355297028054,0.4793965784168313,0.9172743664744989,0.5761090602708013,1.44106636346038,3.770229318937264,0.5220854380046469,3,2,4,2,1,3,2,17,0.5,0.4766372218222663,0.32775391236577295,0.32744744110199864,0.8009307135470528,0.37201989781808875,0.4793965784168313,0.5761090602708013,0.5057245852995537,0.5
726,0.121346361935139,0.0345431938767433,0.14167367094755182,0.029768418520689,0.229957982897758,0.288825511932373,0.13450484356284118,0.013616958707571026,0.00576310371980071,0,60.6731809675695,17.27159693837165,70.8368354737759,14.8842092603445,114.978991448879,144.4127559661865,67.2524217814206,6.808479353785513,2.881551859900355,0,8392.79,0.363,16.79,0.50910482096672,0.50910482096672,626.6001315779976,52.41925825059417,88.75,9399.001973669963,501.2801052623981,1331.25,71.00000000000001,25.396200641295994,1.3544640342024534,10234.505989251142,10.738966378378377,562.9286519326641,458186.41367983253,334.75,2394.8015,342.1145,1026.3435000000002,45.68552818033924,6.5265040257627485,0.4160771118867783,169.63060524040625,RESIDUES,1.3732081954617787,0.49326182153724796,18.52048106577107,2.645783009395867,71.98255502974338,2865.008531844557,209.6899828445562,5.730017063689115,0.4193799656891124,54.65564808544544,4.00024704359832,0.4145124136583037,970.8298799118932,138.68998284455617,2.161791883360981,0.5286305172825035,0.9153774860465762,0.561398839742415,0.899845492589873,3.5628484590555547,0.5484656026417242,4,1,3,4,2,2,3,19,0.6666666666666666,0.46420697666062294,0.4860736004252854,0.14421680529179998,0.36297828335056875,0.6498086426001233,0.5286305172825035,0.561398839742415,0.5399318200455018,0.6666666666666666
727,0.0179530829191208,0.00561071373522282,0.23043327724933627,0.013729065656662,0.0512205697596073,0.498410433530807,0.16097986686229687,0.0201139531135559,0.00154906301759183,0,8.9765414595604,2.80535686761141,115.21663862466814,6.864532828331,25.61028487980365,249.2052167654035,80.48993343114843,10.05697655677795,0.7745315087959149,0,7052.91,0.224,14.11,0.3999492379724976,0.3999492379724976,517.6716795162852,85.26031258225441,88.75,7765.075192744277,414.1373436130282,1331.25,71.00000000000001,15.61394697815216,0.8327438388347821,16646.49994849205,10.738966378378377,915.6076302308611,418828.2092864,305.99,2189.05246,312.72178,938.16534,25.67492885846652,3.667846979780932,0.33899342009472194,185.26519432464693,RESIDUES,1.20278367036686,0.39453840215481906,12.436146760966793,1.7765923944238273,102.54971170430973,3307.1673903896803,222.47282287983137,6.614334780779361,0.4449456457596627,38.78906011749733,2.6093362332586096,0.5226079641453729,1060.3097601588195,151.47282287983134,2.1448001534349435,0.4947013400814314,0.9165506501334522,0.5704966733116228,1.26873444139213,3.755024116726043,0.556614594107273,2,3,2,3,1,3,3,17,0.5,0.403090434342434,0.1991545002649523,0.4161885502593084,0.22440537745604963,0.3882946217864817,0.4947013400814314,0.5704966733116228,0.5504986405274698,0.5
728,0.158874750137329,0.0167837664484978,0.14273885162174743,0.00648331921547651,0.082180343568325,0.402638345956802,0.17363275220990215,0.015060917511582414,9.93074965663254e-4,6.13900891039521e-4,79.4373750686645,8.3918832242489,71.36942581087372,3.241659607738255,41.0901717841625,201.31917297840099,86.81637610495108,7.530458755791207,0.496537482831627,0.30695044551976053,8954.97,0.421,17.91,0.45728372647613275,0.45728372647613275,482.175101004168,52.81337510004656,88.75,7232.62651506252,385.7400808033344,1331.25,71.00000000000001,25.206682918449317,1.3443564223172972,10311.454641155035,10.738966378378377,567.1610595280857,535689.4420619572,391.37,2799.86098,399.98014000000006,1199.9404200000001,53.01424070505071,7.573462957864389,0.5678680699558811,189.4298326980776,RESIDUES,1.3886140263817808,0.5159827459997506,20.527845767173517,2.9325493953105024,73.33739344448693,2982.555878025724,225.87783121394827,5.9651117560514475,0.45175566242789655,56.47349506400121,4.276905817627799,0.5514017415276856,1084.144818497638,154.87783121394827,2.1516168563116174,0.5083129688465118,0.9078162473244082,0.5027617810045208,1.34021784925876,3.6148526984011147,0.46699047884102185,4,1,3,4,1,2,2,17,0.5,0.4294904270431054,0.5189461386401826,0.1474806666217125,0.42088934850051707,0.5256561035228099,0.5083129688465118,0.5027617810045208,0.43428279456942015,0.5
729,0.070529542863369,0.0134335961192846,0.25420220944285427,0.0178489107638597,0.0779608711600304,0.293818175792694,0.2406138300597666,0.02440709918737413,0.00471214577555656,0.00247365958057344,35.2647714316845,6.7167980596423,127.10110472142713,8.92445538192985,38.980435580015204,146.909087896347,120.3069150298833,12.203549593687066,2.35607288777828,1.23682979028672,7564.78,0.277,15.13,0.39264519511163226,0.39264519511163226,402.5824490636587,94.05481749385608,88.75,6038.73673595488,322.065959250927,1331.25,71.00000000000001,14.153979939272764,0.7548789300945475,18363.56761015179,10.738966378378377,1010.0515227910348,463871.4711773383,338.9,2424.4906,346.3558,1039.0674,25.777420706370247,3.6824886723386063,0.4272113906657913,203.28910348932104,RESIDUES,1.1829921528537286,0.40015018150097065,12.37006490567145,1.7671521293816357,111.26611103332134,3504.765719881117,237.2091710128689,7.009531439762235,0.4744183420257378,37.26301122332259,2.5220310594761832,0.6472229682613576,1163.4641970900823,166.2091710128689,2.2392957596896945,0.6833906720856564,0.8891036054247918,0.3576461032000272,0.827353262504382,3.7437052687320533,0.6592530719962872,1,4,2,2,3,1,4,17,0.5,0.41579214829006667,0.1715586128314482,0.4890198553318672,0.27714581178903835,0.3707956577908319,0.6833906720856564,0.3576461032000272,0.6835902476276633,0.5
742,0.0441496334969997,0.00807524658739567,0.16693494980037252,0.0583097115159035,0.178060904145241,0.445410132408142,0.08250486418604851,0.013370595082640673,0.00318398117087781,0,22.07481674849985,4.037623293697835,83.46747490018626,29.15485575795175,89.0304520726205,222.705066204071,41.252432093024254,6.685297541320336,1.591990585438905,0,7116.13,0.231,14.23,0.4707785167321564,0.4707785167321564,668.8305531726035,61.76593142613783,88.75,10032.458297589052,535.0644425380829,1331.25,71.00000000000001,21.55314376812988,1.149501000966927,12059.38077357891,10.738966378378377,663.3022609145186,385858.4867745042,281.91,2016.7841400000004,288.11202000000003,864.3360600000001,32.65204771358061,4.664578244797229,0.27442167532781203,158.98931576272065,RESIDUES,1.2992898005608569,0.4360281091031867,14.73186967254482,2.1045528103635456,80.25184472412218,2904.4799128877216,200.98966456760044,5.808959825775443,0.4019793291352009,47.023979819053075,3.254053811330473,0.340939898398396,909.927651973203,129.9896645676004,2.069676109983761,0.3446932482972985,0.9015494005755323,0.45416267252274867,0.953652127428285,3.589278582271949,0.5488312508741009,3,2,2,4,1,2,3,17,0.5,0.38895247326947374,0.34806841644125597,0.22162086752201224,0.2306101344364013,0.5579868076708175,0.3446932482972985,0.45416267252274867,0.5404059571515974,0.5
743,0.587633550167084,0.0122419064864516,0.1288508811444047,0.00473064836114645,0.0134414611384273,0.126756444573402,0.11302426587045207,0.012056934148073219,0.00126391358207911,0,293.816775083542,6.1209532432258,64.42544057220236,2.365324180573225,6.720730569213649,63.378222286700996,56.512132935226035,6.02846707403661,0.6319567910395549,0,14552.69,1,29.11,0.4331770585179329,0.4331770585179329,143.53573738072046,47.674826023429745,88.75,2153.036060710807,114.82858990457638,1331.25,71.00000000000001,27.923541857200664,1.4892555657173692,9308.187653871797,10.738966378378377,511.9783537606505,747131.1835905338,545.85,3905.0109,557.8587,1673.5761,81.90928474664777,11.701326392378252,0.9819802045705412,237.42136279826337,RESIDUES,1.4620751320009948,0.5650428454735489,28.501623538159013,4.0716605054512875,69.7041775513305,3202.0382973276714,265.1157062238602,6.404076594655343,0.5302314124477203,67.16413177373805,5.5609160711686565,0.883209046276449,1358.809943567021,194.11570622386014,1.9143741050632541,0.034585374198189585,0.9263347797589524,0.6463721488296253,1.23875306150524,3.644387095362558,0.507105634514267,4,1,4,3,1,3,2,18,0.5833333333333334,0.36920726078494176,0.7122673411000326,0.1049259987704626,1,0.46790155269509914,0.034585374198189585,0.6463721488296253,0.4863002313770845,0.5833333333333334
744,0.367361962795258,0.0790403038263321,0.15502067294716823,0.0492661260068417,0.146053060889244,0.0718018859624863,0.11482181055843833,0.013761028245091431,0.00231347419321537,5.59733191039413e-4,183.680981397629,39.52015191316605,77.51033647358412,24.63306300342085,73.026530444622,35.90094298124315,57.410905279219165,6.880514122545716,1.156737096607685,0.2798665955197065,11900.66,0.726,23.8,0.429926404669881,0.429926404669881,316.0797768666594,57.35764899045225,88.75,4741.196652999891,252.86382149332752,1331.25,71.00000000000001,23.209633299677254,1.2378471093161205,11198.693413703433,10.738966378378377,615.9618640512952,552722.0347317542,403.82,2888.92828,412.7040400000001,1238.11212,50.36692282281115,7.195274688973022,0.6012266833380849,197.58342797420198,RESIDUES,1.3644452871547295,0.5107141103110248,19.715059715404088,2.8164371022005836,78.26137384729779,3078.0213390332483,232.54421071170754,6.1560426780664965,0.46508842142341505,53.663659393459724,4.054284211516704,0.6077746570595579,1130.8094749819531,161.54421071170756,2.205297552078116,0.6155028692784525,0.908391182325082,0.5072203755078446,1.04863490025059,3.6124103441118747,0.5373833841564897,4,1,4,3,2,2,3,19,0.6666666666666666,0.49797750142751696,0.46813524446313864,0.18511387069313134,0.7254395036194417,0.4601136637501756,0.6155028692784525,0.5072203755078446,0.5255614757187841,0.6666666666666666
746,0.1020497828722,0.0114811565726995,0.15954834634065615,0.0105404704809189,0.049946017563343,0.475058406591415,0.17361840087175331,0.01611435520648954,0.0011555781820789,4.87509532831609e-4,51.0248914361,5.74057828634975,79.77417317032807,5.27023524045945,24.9730087816715,237.5292032957075,86.80920043587666,8.05717760324477,0.57778909103945,0.24375476641580449,8178.3,0.341,16.36,0.43336649033427194,0.43336649033427194,490.29716534584713,59.03288814604277,88.75,7354.457480187706,392.2377322766777,1331.25,71.00000000000001,22.550988809942538,1.2027194031969355,11525.772539648999,10.738966378378377,633.9522010189248,502343.8796772091,367.01,2625.58954,375.08422,1125.25266,44.476725135055155,6.353817876436451,0.5025602366054445,186.27654315694414,RESIDUES,1.343018419486709,0.4924483170569081,18.05938935527565,2.5799127650393783,79.28225613563404,3031.300112814748,223.29970168511755,6.062600225629496,0.4465994033702351,51.349344543596565,3.7826321682363138,0.5296003006994444,1066.097911795823,152.29970168511755,2.141250192038431,0.4876127581769677,0.912509741663807,0.5391596138699792,1.25096809300321,3.64281124707787,0.5032940185920949,4,1,3,3,1,2,2,16,0.4166666666666667,0.41479980274098,0.42628496540176675,0.19898728997445495,0.3407445708376422,0.4683553918355439,0.4876127581769677,0.5391596138699792,0.481357698136489,0.4166666666666667
747,0.063421830534935,0.00911323446780443,0.25353035968542137,0.0338627211749554,0.11959533393383,0.272518873214722,0.22222592255473184,0.02371778127551083,0.00167091144248843,3.43062274623662e-4,31.7109152674675,4.556617233902215,126.76517984271068,16.931360587477702,59.797666966914996,136.259436607361,111.11296127736591,11.858890637755415,0.835455721244215,0.171531137311831,7358.38,0.256,14.72,0.4105375377237798,0.4105375377237798,451.50967118397347,93.8062330836059,88.75,6772.645067759602,361.2077369471788,1331.25,71.00000000000001,14.191487668132968,0.7568793423004251,18315.033183674837,10.738966378378377,1007.3819831671692,443124.488382141,323.74,2316.03596,330.86228,992.5868399999999,24.689574283787795,3.527082040541113,0.38657808302264735,197.77441090724307,RESIDUES,1.1794775930625674,0.38909491904848625,12.066389101196638,1.7237698715995196,110.64235001171767,3470.534491671503,232.70035835776196,6.941068983343006,0.4654007167155239,36.996843147707985,2.4806492138999445,0.609095088646821,1131.9025085043338,161.70035835776196,2.2289751358615253,0.6627823952229823,0.8429852014230422,0,0.95204756188181106,3.711987642447565,0.612307554546043,1,4,2,3,3,1,3,17,0.5,0.26092590151202233,0.16674543529756236,0.4869612144872497,0.2559462254395037,0.4136619806112196,0.6627823952229823,0,0.6227158612171461,0.5
748,0.150769218802452,0.0190832857042551,0.21400396081805212,0.0285725966095924,0.0951433554291725,0.169703334569931,0.29340201026201224,0.02374466797709463,0.00534290028735995,2.34726816415787e-4,75.384609401226,9.54164285212755,107.00198040902606,14.2862983047962,47.57167771458625,84.8516672849655,146.70100513100613,11.872333988547316,2.671450143679975,0.1173634082078935,8468.06,0.371,16.94,0.4139529712349174,0.4139529712349174,329.0396004663407,79.18146550267929,88.75,4935.59400699511,263.23168037307255,1331.25,71.00000000000001,16.81264664083483,0.8966744875111912,15459.646129496085,10.738966378378377,850.3270958240001,543156.6289242337,396.83,2838.92182,405.56026,1216.68078,35.853362930039964,5.12190899000571,0.5824926784591455,212.51724324987174,RESIDUES,1.2532819497538956,0.464462759242316,15.36064884434995,2.1943784063357072,99.23670146956873,3397.8557823916663,244.75409808109515,6.795711564783333,0.4895081961621903,42.91226186356316,3.091052893846898,0.7110251470083397,1216.278686567666,173.75409808109515,2.2287673307583984,0.6623674488815581,0.8838071655889344,0.31657245572393594,0.713260300705475,3.6329304143773316,0.6303413563828866,3,3,3,3,3,1,4,20,0.75,0.4575111162765008,0.2737152903447436,0.3658468459118672,0.3707342295760084,0.42184464727671234,0.6623674488815581,0.31657245572393594,0.6461003435083515,0.75
75,0.0234687943011522,0.0499809496104717,0.2444054077267644,0.0130864307284355,0.146237730979919,0.184008687734604,0.29489892536401763,0.025703502535819996,0.016926608979702,0.00128303410019726,11.7343971505761,24.99047480523585,122.2027038633822,6.54321536421775,73.11886548995949,92.004343867302,147.4494626820088,12.851751267909998,8.463304489851,0.64151705009863,7098.16,0.229,14.2,0.4102776859477159,0.4102776859477159,426.2721074736112,90.43000085890283,88.75,6394.081612104167,341.017685978889,1331.25,71.00000000000001,14.721331276742308,0.7851376680929233,17655.84665418146,10.738966378378377,971.1247388204853,443704.9194615913,324.17,2319.11218,331.30174,993.90522,25.64538491621261,3.6636264166018013,0.3877148668552539,195.45461452968314,RESIDUES,1.1904198858777617,0.39706137357040094,12.370074524511674,1.7671535035016674,107.64967130238101,3421.0005886967683,230.80369283946897,6.842001177393537,0.46160738567893794,37.83037217963236,2.552291171594591,0.593056313012928,1118.6258498762827,159.80369283946894,2.3013624291891066,0.8073257297220768,0.8971249233054545,0.419851054664498,1.30306323751653,3.7073262537619445,0.5236588183719784,2,3,2,3,4,1,2,17,0.5,0.4128532507073942,0.1818183293741194,0.4590010960240977,0.22905894519131334,0.4130394299279656,0.8073257297220768,0.419851054664498,0.5077647921106335,0.5
76,0.059809360653162,0.028498362749815,0.14941926546394804,0.0526739805936813,0.12578496336937,0.45865398645401,0.08812187285721297,0.012470074802637085,0.0133554814383388,0.011212719604373,29.904680326581,14.2491813749075,74.70963273197403,26.33699029684065,62.892481684685,229.326993227005,44.06093642860649,6.235037401318542,6.6777407191694,5.606359802186501,7412.61,0.262,14.83,0.435312610752881,0.435312610752881,593.6449807094045,55.28512822166078,88.75,8904.674710641068,474.91598456752365,1331.25,71.00000000000001,24.079712624749142,1.284251339986621,10794.047737115607,10.738966378378377,593.7051331967526,395269.4472678356,288.78,2065.93212,295.13316000000003,885.3994799999999,37.36867737227324,5.338382481753321,0.29285319651418573,156.16539804360414,RESIDUES,1.339519905924204,0.4592236372200147,16.16647794502133,2.3094968492887613,74.0555297544866,2818.720939279908,198.68082944045076,5.637441878559816,0.3973616588809015,50.985156948148855,3.5937481892753826,0.3214156922466797,893.7658060831553,127.68082944045075,2.106962777893995,0.4191474662180573,0.8944623173340334,0.39920266774287444,1.25607826311252,3.594710332445212,0.477310714163453,4,1,2,3,1,1,2,14,0.25,0.34688427395024296,0.4196992787130788,0.16795038123030315,0.26163391933815927,0.4730178906441017,0.4191474662180573,0.39920266774287444,0.4476650731550378,0.25
760,0.308473646640778,0.0202120840549469,0.30766464617848355,0.00526437861844897,0.0235088318586349,0.106653034687042,0.1933680013418201,0.026096257537603362,0.00875913351774216,0,154.236823320389,10.10604202747345,153.83232308924178,2.632189309224485,11.75441592931745,53.326517343521,96.68400067091005,13.048128768801682,4.37956675887108,0,10860.4,0.618,21.72,0.34080430196225664,0.34080430196225664,166.2345448847112,113.83591908603891,88.75,2493.518173270668,132.98763590776898,1331.25,71.00000000000001,11.694463493493833,0.6237047196530046,22225.694039933653,10.738966378378377,1222.4801077167733,546973.1106303821,399.62,2858.8814800000005,408.41164000000003,1225.23492,25.11405453527559,3.5877220764679407,0.5899673207630981,238.99733530371327,RESIDUES,1.1449342751189415,0.40193850331886977,12.015799234478754,1.7165427477826791,130.33464550127243,3921.559657126985,266.404221344316,7.843119314253969,0.532808442688632,34.44922910635096,2.3402474674356837,0.8941051187354819,1367.8295494102117,195.40422134431597,2.164761496243262,0.5345602561696023,0.8949913682585061,0.4033054333443223,1.04226746214525,3.8938149584131505,0.6836119224883397,1,4,4,1,2,1,4,17,0.5,0.4296683992605619,0.12067635417069456,0.6528361769113805,0.6178903826266804,0.24659568525455627,0.5345602561696023,0.4033054333443223,0.715176438555068,0.5
761,0.547291100025177,0.00567333213984966,0.12132349687814711,0.00650012725964189,0.00782835856080055,0.135818243026733,0.1604725031554702,0.01325499352812768,0.00183786626439542,0,273.6455500125885,2.83666606992483,60.661748439073556,3.250063629820945,3.9141792804002753,67.9091215133665,80.2362515777351,6.6274967640638405,0.91893313219771,0,13885.59,0.931,27.77,0.4362467784285545,0.4362467784285545,143.722844867706,44.88969384491443,88.75,2155.8426730155898,114.9782758941648,1331.25,71.00000000000001,29.656027608457787,1.5816548057844155,8764.409414477346,10.738966378378377,482.0689129362349,756331.9208042328,552.57,3953.085780000001,564.7265400000001,1694.1796200000003,88.06221298049346,12.580316140070494,1,236.93483678447174,RESIDUES,1.4794788951181412,0.5712129924091578,30.207946228586575,4.315420889798082,66.41335465186563,3169.3443708211234,264.7179225549841,6.338688741642247,0.5294358451099682,70.60294021542273,5.897075695582497,0.8798452676057261,1356.025457884889,193.7179225549841,1.9211937469756346,0.04820287164548907,0.8785074766054983,0.27547361125772024,1.28206736862415,3.6039230270549876,0.4756606518884044,4,1,4,3,1,1,2,16,0.4166666666666667,0.3186249122820485,0.7744520922075212,0.08186104930488698,0.9307135470527405,0.4752559616458611,0.04820287164548907,0.27547361125772024,0.44552543269545214,0.4166666666666667
762,0.118514448404312,0.0647008046507835,0.12763370206952118,0.0295025426894426,0.262835204601288,0.305838793516159,0.07526824870705605,0.010651731193065658,0.00355595326982439,0.0014986403984949,59.257224202155996,32.35040232539175,63.81685103476059,14.7512713447213,131.417602300644,152.9193967580795,37.63412435352802,5.325865596532829,1.777976634912195,0.74932019924745,8708.16,0.396,17.42,0.5179718155115843,0.5179718155115843,688.6462270721796,47.22446976572284,88.75,10329.693406082693,550.9169816577437,1331.25,71.00000000000001,28.189834774307357,1.503457854629726,9220.25863750221,10.738966378378377,507.1419930508437,416205.0775811312,304.08,2175.3883199999996,310.76975999999996,932.30928,46.064854317940316,6.580693473991475,0.3338559734297859,154.61863605635736,RESIDUES,1.3982691199220543,0.4915198761629921,18.738450262496023,2.6769214660708607,66.03251777810293,2723.3053709285887,197.4161968396778,5.446610741857177,0.39483239367935563,57.66725141518177,4.180379320700586,0.310721577576762,884.9133778777447,126.41619683967781,2.1240246449498175,0.4532166936150309,0.9274950951068638,0.6553703410187555,1.12526117885417,3.5761002175002448,0.4998883534708304,4,1,3,4,1,3,2,18,0.5833333333333334,0.44382902621455556,0.5405331048350135,0.10119639325814796,0.3955532574974148,0.6710521129967114,0.4532166936150309,0.6553703410187555,0.47694156245758407,0.5833333333333334
763,0.157137140631676,0.011567716486752,0.23257052339613396,0.00383756216615438,0.0591755025088787,0.341981410980225,0.17095797657966605,0.02059915326535699,0.0021730384323746,0,78.568570315838,5.783858243376,116.28526169806698,1.9187810830771899,29.58775125443935,170.9907054901125,85.47898828983303,10.299576632678495,1.0865192161873,0,8923.77,0.418,17.85,0.40451334323734073,0.40451334323734073,404.98605844192235,86.05109365656956,88.75,6074.790876628836,323.98884675353787,1331.25,71.00000000000001,15.470459972455746,0.8250911985309733,16800.894610136715,10.738966378378377,924.0998016005893,496104.99096924515,362.45,2592.9673000000003,370.4239,1111.2717,30.1328802437834,4.304697177683343,0.49034127027552016,205.66004764079153,RESIDUES,1.2166677899894975,0.4325836732217091,13.678310578542167,1.9540443683631668,104.69559394531777,3432.3833862583674,239.1476549511112,6.8647667725167345,0.4782953099022224,39.88773692937629,2.77913556689414,0.6636153730662676,1177.0335846577782,168.14765495111118,2.2029369016862934,0.6107891099494984,0.9120760947217185,0.5357967017666743,1.27863778225567,3.768994865140932,0.5613631754352163,2,3,3,3,2,2,3,18,0.5833333333333334,0.4591833971712731,0.21902212163812523,0.4227373688963955,0.4177869700103414,0.3992292665062943,0.6107891099494984,0.5357967017666743,0.5566561394828357,0.5833333333333334
764,0.248665153980255,0.00556121999397874,0.31668678888678503,0.008125607855618,0.0216558873653412,0.122079499065876,0.24415596199035622,0.028449507147073706,0.00462043192237616,0,124.33257699012749,2.78060999698937,158.34339444339253,4.062803927809,10.8279436826706,61.039749532937996,122.07798099517811,14.224753573536853,2.31021596118808,0,9891.12,0.518,19.78,0.34333094845712164,0.34333094845712164,179.49940763324494,117.17411188811047,88.75,2692.491114498674,143.59952610659596,1331.25,71.00000000000001,11.361297974003083,0.6059358919468312,22877.45362918135,10.738966378378377,1258.3288479827645,544558.2371481482,397.85,2846.2189000000003,406.6027,1219.8081,24.29050968799195,3.4700728125702787,0.5852377512593536,240.7641637364323,RESIDUES,1.1367071403655105,0.3948368386667531,11.759777306544855,1.679968186649265,133.19264964920242,3967.5203098791135,267.84878027090707,7.935040619758227,0.5356975605418142,33.86004165892631,2.2859040785960962,0.9063207446801049,1377.9414618963492,196.84878027090704,2.165614554866099,0.5362636481904929,0.889753605515699,0.36268682402774294,1.00584988264074,3.869645572907428,0.6801355890948058,1,4,4,1,2,1,4,17,0.5,0.41377677926748646,0.11002194425078374,0.6804812735714512,0.517580144777663,0.2526490035175517,0.5362636481904929,0.36268682402774294,0.7106686671258988,0.5
765,0.142724543809891,0.0250896736979485,0.4209636370837685,0.0119872875511646,0.0819739177823067,0.0712946355342865,0.2080153340399267,0.03371555757522581,0.00412713037803769,1.08335450931918e-4,71.3622719049455,12.544836848974251,210.48181854188425,5.993643775582299,40.98695889115335,35.64731776714325,104.00766701996335,16.857778787612904,2.063565189018845,0.054167725465959,8705.63,0.395,17.41,0.3098489532619717,0.3098489532619717,244.40892089635136,155.75654572099435,88.75,3666.1338134452703,195.5271367170811,1331.25,71.00000000000001,8.546992319569407,0.45583959037703514,30410.413142931433,10.738966378378377,1672.6643077101128,402642.38745710626,294.17,2104.49218,300.64174,901.9252200000001,13.511420468772869,1.9302029241104097,0.30729322135550796,231.05168856390097,RESIDUES,1.0465335716333257,0.2145640664789035,8.489884119269336,1.212840588467048,163.00445409866163,4326.269331699031,259.90786056984547,8.652538663398062,0.519815721139691,27.775842817217118,1.668680178844083,0.8391699328033144,1322.3550239889182,188.90786056984544,2.2944962472610393,0.7936153009225223,0.91730356890079,0.5763355237443987,0.890744054972738,4.041790974345121,0.7969158313199904,1,4,3,1,4,3,4,20,0.75,0.35150905717648057,0,1,0.39503619441571874,0.17243312313688317,0.7936153009225223,0.5763355237443987,0.8620979403864222,0.75
77,0.0382363758981228,0.0290867630392313,0.2013192175328728,0.110239297151566,0.163240566849709,0.297927796840668,0.12671117448806787,0.01708237877488135,0.010407455265522,0.00574902864173055,19.1181879490614,14.54338151961565,100.65960876643639,55.119648575782996,81.6202834248545,148.963898420334,63.355587244033934,8.541189387440674,5.203727632761,2.8745143208652753,6694.3,0.187,13.39,0.403219429850579,0.403219429850579,531.7982531325529,74.48811048716293,88.75,7976.9737969882935,425.43860250604234,1331.25,71.00000000000001,17.871979719896693,0.9531722517278238,14543.300274574729,10.738966378378377,799.9253141105764,351233.43625788373,256.61,1835.7879400000002,262.25542,786.7662600000001,24.645382034712437,3.5207688621017765,0.20660794338955019,159.93440881233695,RESIDUES,1.229167833907439,0.37674132414038053,12.28835853840746,1.7554797912010658,91.55838941936405,3046.5119226253432,201.76237264496672,6.093023845250687,0.40352474528993343,40.89930463668253,2.7086520429288896,0.3474741509399452,915.3366085147668,130.7623726449667,2.1829234171299885,0.5708260769400544,0.8723941772890026,0.22806525605624484,1.20950650278159,3.559687553955886,0.4707500002303815,2,2,1,3,2,1,2,13,0.16666666666666666,0.3041470098931453,0.2373145293642138,0.3269790330691039,0.18717683557394008,0.39612931977819554,0.5708260769400544,0.22806525605624484,0.439157776680695,0.16666666666666666
778,0.00572086311876774,0.0202451441437006,0.1781492207348349,0.00831345375627279,0.181198298931122,0.548035562038422,0.03380815764516592,0.01235975877195598,0.0037194152828306,0.00845016539096832,2.86043155938387,10.1225720718503,89.07461036741745,4.156726878136395,90.599149465561,274.017781019211,16.90407882258296,6.17987938597799,1.8597076414153,4.22508269548416,7110.9,0.23,14.22,0.4811604697182778,0.4811604697182778,755.1349795364966,65.91521167188891,88.75,11327.024693047448,604.1079836291974,1331.25,71.00000000000001,20.1964002880953,1.0771413486984163,12869.499705884473,10.738966378378377,707.861241968109,348437.13205479435,254.57,1821.1937800000003,260.17054,780.5116200000001,27.62933978070939,3.947048540101341,0.20113133553434678,152.7078828985099,RESIDUES,1.268089160863021,0.40013401854692265,13.25912081956463,1.8941601170806617,83.58636545711401,2913.088997372861,195.8539650578217,5.826177994745722,0.3917079301156434,44.19448748603831,2.971301465779078,0.2975108744793189,873.9777554047519,124.8539650578217,2.0000669011604644,0.20569720779567915,0.8733155712352321,0.23521062375735968,1.04002766231666,3.714511122705603,0.5919861375907308,3,2,2,4,1,1,3,16,0.4166666666666667,0.3350996605564538,0.2969020663892388,0.25598294912266967,0.23009307135470533,0.5828598026640511,0.20569720779567915,0.23521062375735968,0.5963650218753918,0.4166666666666667
779,0.432936698198318,0.0210246425122023,0.20619087845087064,0.00173336721491069,0.0227540414780378,0.137466341257095,0.1559556893706324,0.018417138338089,0.00341291469521821,1.08335450931918e-4,216.46834909915898,10.512321256101151,103.09543922543531,0.866683607455345,11.3770207390189,68.7331706285475,77.9778446853162,9.2085691690445,1.706457347609105,0.054167725465959,12582.48,0.796,25.16,0.395141975060105,0.395141975060105,177.495525968149,76.29062502682213,88.75,2662.4328895222347,141.9964207745192,1331.25,71.00000000000001,17.44971940565386,0.9306517016348727,14895.229059290894,10.738966378378377,819.2824571485148,645846.2947448888,471.85,3375.6149,482.2307,1446.6921000000002,44.24678522181732,6.320969317402475,0.7836120809405628,236.43885627847632,RESIDUES,1.2874324813275606,0.4989109753555657,17.737262760361773,2.5338946800516813,98.2190286803121,3503.719319401491,264.3124088932822,7.007438638802982,0.5286248177865644,45.92594854439401,3.4645463816865534,0.8764161217843964,1353.186862252976,193.31240889328225,2.0834496179111177,0.3721962625978936,0.8987767692187549,0.43266104379500636,1.19576785657943,3.753425514538542,0.5737223132248277,3,3,4,2,1,1,3,17,0.5,0.45585889359523885,0.32821246846368807,0.34190647783776384,0.7957600827300931,0.3767774220350533,0.3721962625978936,0.43266104379500636,0.5726822687145141,0.5
78,0.122087985277176,0.0407442152500153,0.20290523110330078,0.0237528495490551,0.0617310553789139,0.356803596019745,0.15278895217180244,0.0180996720343828,0.0210864841938019,0,61.043992638588,20.37210762500765,101.45261555165038,11.87642477452755,30.86552768945695,178.4017980098725,76.39447608590122,9.0498360171914,10.54324209690095,0,8484.9,0.372,16.97,0.386621158130467,0.386621158130467,417.04552855841825,75.07493550822129,88.75,6255.682928376274,333.6364228467346,1331.25,71.00000000000001,17.732282964854733,0.9457217581255859,14657.873894902446,10.738966378378377,806.2272082817134,451676.25348975154,329.99,2360.7484600000003,337.24978000000004,1011.7493400000002,31.445227944837594,4.492175420691085,0.4033268558895089,186.04412832734337,RESIDUES,1.250244010279507,0.4362128296998595,14.182732865970312,2.026104695138616,93.86198844127394,3202.244963524765,223.109679320436,6.4044899270495295,0.446219358640872,42.65398220920342,2.9718264532642023,0.5279934142752672,1064.7677552430516,152.10967932043596,2.2290974200790084,0.663026573002522,0.8951007049340807,0.40415333423774,0.945501940021295,3.7186205262940675,0.6173257800841301,3,2,3,2,3,1,3,17,0.5,0.43204239211108053,0.2690447609172248,0.331838798634364,0.3722854188210961,0.356363321035707,0.663026573002522,0.40415333423774,0.6292230085890843,0.5
780,0.509157121181488,0.0423251427710056,0.09551173562556535,0.0169757232069969,0.0690360963344574,0.185341715812683,0.06177275124192239,0.008162710987031477,0.0117170643061399,0,254.57856059074402,21.1625713855028,47.755867812782675,8.48786160349845,34.5180481672287,92.6708579063415,30.886375620961196,4.081355493515739,5.85853215306995,0,13701.61,0.912,27.4,0.45125324594601984,0.45125324594601984,274.33950934294603,35.33934218145918,88.75,4115.092640144191,219.47160747435686,1331.25,71.00000000000001,37.67048048501711,2.009092292534246,6899.76778159084,10.738966378378377,379.5080075206989,665495.1211139596,486.21,3478.34634,496.90662,1490.71986,98.42702566843244,14.06100366691892,0.822094631129306,204.44252617728841,RESIDUES,1.5146434922517824,0.5795180556194064,33.10942970612886,4.729918529446979,53.526504655606054,2880.8234733385566,238.152209402551,5.761646946677113,0.476304418805102,81.51887656952435,6.739010821981225,0.6551975852933961,1170.065465817857,167.15220940255102,2.0781856689084077,0.3616851810736591,0.8656631457283555,0.17586641569545267,1.10294801041851,3.597937651764117,0.5165973431901597,4,1,4,4,1,1,2,17,0.5,0.3192564939994063,0.9718474391121737,0.0027702326480284266,0.9115822130299897,0.5112083293677153,0.3616851810736591,0.17586641569545267,0.49860815709639816,0.5
781,0.0727238282561302,0.0382355749607086,0.3034289667606353,0.00733069889247417,0.0677410066127777,0.283056110143661,0.19637074175477043,0.025936370104551316,0.00214329804293811,0.00303339259698987,36.3619141280651,19.1177874803543,151.71448338031766,3.665349446237085,33.87050330638885,141.5280550718305,98.18537087738521,12.968185052275658,1.071649021469055,1.516696298494935,7986.64,0.321,15.97,0.35678453174233415,0.35678453174233415,379.8567723394926,112.26871770143507,88.75,5697.851585092389,303.8854178715941,1331.25,71.00000000000001,11.857710921222925,0.6324112491318894,21919.708558788294,10.738966378378377,1205.6499847393645,414461.5444392611,302.8,2166.2312,309.46160000000003,928.3848000000002,19.295056043668612,2.756436577666945,0.330441235044018,203.66417006246715,RESIDUES,1.1242314254994983,0.32739706055988393,10.382329129306628,1.4831898756152326,126.21602054048509,3702.5107628408764,237.51582544307314,7.405021525681753,0.4750316508861463,32.97900642890793,2.115601124747122,0.6498161306064041,1165.6107781015119,166.51582544307314,2.2721254494451903,0.7489451721877074,0.9200436594523463,0.5975848000233904,1.33347503495338,3.8766346253183706,0.603223663998719,1,4,3,1,4,3,3,19,0.6666666666666666,0.4348090611551179,0.094089984845455,0.639857467671973,0.3205791106514995,0.284880984354055,0.7489451721877074,0.5975848000233904,0.6109367544286284,0.6666666666666666
782,0.221952334046364,0.00389209948480129,0.22451404727995364,0.0064530479721725,0.00381609797477722,0.26231461763382,0.2515771152377127,0.022931544825434656,0.0024949989747256,5.41677254659589e-5,110.976167023182,1.9460497424006449,112.25702363997682,3.22652398608625,1.90804898738861,131.15730881691002,125.78855761885634,11.465772412717328,1.2474994873628,0.027083862732979448,9563.01,0.484,19.13,0.38320390384644293,0.38320390384644293,255.01649686165186,83.07019749358285,88.75,3825.247452924778,204.0131974893215,1331.25,71.00000000000001,16.02560292580066,0.8546988227093687,16218.89477550385,10.738966378378377,892.088057928838,583579.2981842333,426.36,3050.1794400000003,435.73992000000004,1307.2197600000002,36.718095442539735,5.245442206077105,0.6616611422310846,225.7925459557297,RESIDUES,1.246307419137015,0.4704180834137121,15.55619148628675,2.222313069469535,103.53100344542936,3515.59395694267,255.60798557340462,7.03118791388534,0.5112159711468093,42.32076079046578,3.077011892178904,0.8028088930435104,1292.2558990138325,184.6079855734046,2.1778422589143274,0.5606799930371038,0.8606171038340803,0.13673459274678498,1.12059783115576,3.7238836620054268,0.5770064573554181,3,3,4,2,2,1,3,18,0.5833333333333334,0.3934961797087849,0.26301904260831754,0.39805120861582033,0.483971044467425,0.34817629217796114,0.5606799930371038,0.13673459274678498,0.5769408277781197,0.5833333333333334
783,0.0621077679097652,0.0157363545149565,0.280975577920675,0.0544729493558407,0.359009593725204,0.102136470377445,0.0988101075142621,0.021094748184084872,0.00560230016708374,5.41677254659589e-5,31.0538839548826,7.86817725747825,140.4877889603375,27.23647467792035,179.504796862602,51.0682351887225,49.40505375713105,10.547374092042435,2.80115008354187,0.027083862732979448,7259.2,0.246,14.52,0.5010841407179826,0.5010841407179826,696.3437120132884,103.96096383064975,88.75,10445.155680199327,557.0749696106308,1331.25,71.00000000000001,12.805287205383923,0.6829486509538094,20297.67574898956,10.738966378378377,1116.4332952411582,323409.1493279369,236.28,1690.34712,241.47816,724.43448,16.25944063729094,2.3227772338987056,0.15211361898892647,174.22531159616153,RESIDUES,1.1264559406794967,0.262631997646176,9.591353009687847,1.3701932870982636,117.1074453058017,3444.8095985683103,213.4466147610217,6.8896191971366205,0.4268932295220434,33.13560659345015,2.053141938052073,0.4462796260983436,997.1263033271518,142.44661476102166,2.1841353459412876,0.573246062872778,0.9104852760353644,0.5234599759760178,1.02321761458498,3.7202031342588224,0.5990428808947155,1,4,2,4,2,2,3,18,0.5833333333333334,0.4294039075411572,0.0969218210528475,0.571057169905046,0.24560496380558428,0.6305927648229974,0.573246062872778,0.5234599759760178,0.6055155210501401,0.5833333333333334
784,0.208004668354988,0.00104724266566336,0.21403783795237588,0.00963137578219175,0.041704248636961,0.197638019919395,0.3007009252309799,0.024003689676523235,0.00321395182982087,1.80559090949828e-5,104.00233417749399,0.52362133283168,107.01891897618795,4.815687891095875,20.8521243184805,98.8190099596975,150.35046261548996,12.001844838261617,1.606975914910435,0.0090279545474914,9218.94,0.448,18.44,0.40687790022790404,0.40687790022790404,265.71102146118847,79.19400004237907,88.75,3985.6653219178265,212.5688171689508,1331.25,71.00000000000001,16.80998559597455,0.8965325651186428,15462.093413679633,10.738966378378377,850.4617038244046,601154.8554112638,439.2,3142.0368,448.8624,1346.5872,39.675187492974246,5.667883927567749,0.6960831606448142,227.31572244932704,RESIDUES,1.265609827416325,0.4824323259350477,16.42767560706365,2.3468108010090933,100.22870472604382,3482.6850465463936,256.8533346745698,6.965370093092787,0.5137066693491396,43.97662758141658,3.243343366127736,0.8133399406250762,1300.9733427219885,185.8533346745698,2.166859640125048,0.5387498410952304,0.9055297503888227,0.48503010236794086,0.906547301948836,3.6644868155526193,0.5990688590133548,3,3,4,3,2,2,3,20,0.75,0.4785864704202407,0.29296245644150737,0.36595065015030875,0.4482936918304034,0.4048942521083404,0.5387498410952304,0.48503010236794086,0.6055492069506937,0.75
79,0.152515456080437,0.0440078191459179,0.2985612880885604,0.00403248984366655,0.0657067000865936,0.130507826805115,0.2527273814678197,0.02761473730206493,0.0242902245372534,3.61118181899656e-5,76.25772804021851,22.00390957295895,149.28064404428022,2.016244921833275,32.8533500432968,65.2539134025575,126.36369073390985,13.807368651032464,12.1451122686267,0.0180559090949828,8845.16,0.41,17.69,0.3473894009143119,0.3473894009143119,256.0991915278139,110.46767659276736,88.75,3841.4878729172083,204.87935322225113,1331.25,71.00000000000001,12.051036475652289,0.6427219453681222,21568.067451517603,10.738966378378377,1186.3086648273047,477454.0399306489,348.82,2495.45828,356.49404,1069.48212,22.589940849388558,3.227134407055509,0.4538130753630566,218.64748856271584,RESIDUES,1.140314795455392,0.37317960964762387,11.32786843300066,1.6182669190000942,125.9679260383139,3768.92197136944,249.76618664887647,7.53784394273888,0.49953237329775296,34.11787128703133,2.2609888643682163,0.7534088795223333,1251.3633065421352,178.76618664887647,2.2973773710816734,0.7993683443780172,0.9087708748834689,0.5101648738455574,0.686533676408974,3.855287917307498,0.7512177832556683,1,4,3,1,4,2,4,19,0.6666666666666666,0.462530501325203,0.11468433575171655,0.624942225057172,0.4095139607032059,0.26237220952541124,0.7993683443780172,0.5101648738455574,0.8028411510875865,0.6666666666666666
796,0.168606802821159,0.0194937828928232,0.25285155501961665,0.00495656114071608,0.0291424933820963,0.306060671806335,0.18739548397064196,0.022449304670095406,0.00904337409883738,0,84.3034014105795,9.746891446411599,126.42577750980833,2.47828057035804,14.57124669104815,153.0303359031675,93.69774198532097,11.224652335047702,4.5216870494186905,0,9076.83,0.434,18.15,0.371398625016212,0.371398625016212,330.4647463379051,93.55507535725816,88.75,4956.971195068577,264.3717970703241,1331.25,71.00000000000001,14.229586101196158,0.758911258730462,18265.996334617106,10.738966378378377,1004.6848087882508,497032.58300758246,363.13,2597.83202,371.11886,1113.3565800000001,27.767943215049268,3.9668490307213244,0.4921579745661227,211.44269825910794,RESIDUES,1.1913737240592863,0.4177217573345415,12.934935342154505,1.8478479060220725,111.45905853302382,3546.0636594647776,243.87555009664672,7.092127318929555,0.48775110019329343,37.903487821729044,2.6067591647525346,0.7035958802924773,1210.1288506765266,172.8755500966467,2.2357565321246136,0.6763235235532081,0.8663980490122017,0.18156555688183365,1.13087806263528,3.8066519115146544,0.6170297086991574,2,4,4,2,3,1,3,19,0.6666666666666666,0.4097388378270271,0.18314049607312252,0.4848812628387116,0.43329886246122024,0.3198933051878843,0.6763235235532081,0.18156555688183365,0.6288390919795162,0.6666666666666666
797,0.368662893772125,0.0269997734576464,0.18535029920935595,0.00133613729849458,0.0280646309256554,0.154116973280907,0.21120200765132902,0.019054936915636037,0.0052123786881566,0,184.3314468860625,13.499886728823201,92.67514960467797,0.66806864924729,14.0323154628277,77.05848664045351,105.6010038256645,9.527468457818019,2.6061893440783,0,11707.14,0.706,23.41,0.40458303673565393,0.40458303673565393,200.54755798801807,68.5796107074617,88.75,3008.213369820271,160.43804639041446,1331.25,71.00000000000001,19.411746235753355,1.0352931325735124,13389.705614883873,10.738966378378377,736.474133629709,646368.4431197795,472.23,3378.3334200000004,482.61906000000005,1447.8571800000002,49.26148435590968,7.037354907987097,0.7846347171359912,230.4514034799988,RESIDUES,1.3237335409514934,0.5119933009762218,19.231947495631175,2.747421070804454,90.78113091886323,3386.643606026438,259.417067485247,6.773287212052876,0.518834134970494,49.38266010976291,3.782714203377966,0.8350196384627367,1318.919472396729,188.417067485247,2.1178499865480545,0.44088710269159725,0.913246821186294,0.5448756316869874,1.24590947706549,3.693990182408104,0.5308469976721791,4,2,4,3,1,2,2,18,0.5833333333333334,0.4762070805552449,0.3907209658074759,0.278048052382643,0.7052740434332989,0.399396237599009,0.44088710269159725,0.5448756316869874,0.5170857247166545,0.5833333333333334
798,0.31411075592041,0.0697472244501114,0.15246345409750964,0.00999350566416979,0.146304458379745,0.207879453897476,0.08126751829683784,0.012419692590832726,0.00581400282680988,0,157.055377960205,34.8736122250557,76.23172704875482,4.996752832084895,73.1522291898725,103.939726948738,40.633759148418925,6.209846295416363,2.90700141340494,0,11458.79,0.68,22.92,0.4541431687325233,0.4541431687325233,424.2021628396949,56.41147801607857,88.75,6363.032442595423,339.3617302717559,1331.25,71.00000000000001,23.598920766099464,1.258609107525305,11013.959924004095,10.738966378378377,605.8009657692987,529876.8115284424,387.12,2769.4564800000003,395.63664,1186.90992,49.09384716370384,7.013406737671977,0.5564839372838806,191.03762698196942,RESIDUES,1.364945294013391,0.5065157393522178,19.381632695948483,2.7688046708497835,76.99858144638631,3030.397512512506,227.1923638204582,6.060795025025012,0.4543847276409164,53.71951984042633,4.027413778375088,0.5625178256953489,1093.3465467432075,156.1923638204582,2.2028401778704256,0.6105959713166207,0.891532550920741,0.37648246387457546,1.33619561365996,3.6802923377966854,0.5016199100023859,4,1,4,4,2,1,2,18,0.5833333333333334,0.46736094212035306,0.46914538156448576,0.17727819744283813,0.6799379524301966,0.5181319818920161,0.6105959713166207,0.37648246387457546,0.47918687675208055,0.5833333333333334
799,0.141087502241135,0.00764324050396681,0.2267755703479053,0.0133509635925293,0.0257091633975506,0.341468721628189,0.21493550035357464,0.021783677175641065,0.00607207370921969,0.00117363408207893,70.5437511205675,3.821620251983405,113.38778517395265,6.67548179626465,12.8545816987753,170.7343608140945,107.46775017678732,10.891838587820533,3.036036854609845,0.586817041039465,8528.54,0.377,17.06,0.38534686409682045,0.38534686409682045,352.4369302404671,83.90696102872496,88.75,5286.553953607006,281.9495441923737,1331.25,71.00000000000001,15.865787339673235,0.8461753247825726,16382.267201932678,10.738966378378377,901.0740333993822,512023.98225139524,374.08,2676.1683199999998,382.30976,1146.9292799999998,31.894473202096215,4.556353314585174,0.5215188769917058,208.13370030768695,RESIDUES,1.2279748026944945,0.4436117934460892,14.196566995116868,2.02808099930241,103.03563391394317,3423.5148270003365,241.1701133715649,6.847029654000673,0.48234022674312976,40.80132071316848,2.8742563240849823,0.6807178914184379,1191.190793600954,170.1701133715649,2.2090661687011175,0.6230280631087046,0.9031303592368116,0.46642293427216686,1.21224132628423,3.732227824371145,0.5587771467237317,2,3,3,2,2,2,3,17,0.5,0.43323683830366266,0.23554266390570303,0.40498082897695437,0.3769389865563598,0.35331037818755806,0.6230280631087046,0.46642293427216686,0.5533028286748665,0.5
80,0.0719224512577057,0.0650239586830139,0.2821293916106222,0.0148143116384745,0.0944429636001587,0.161308526992798,0.25286245965957677,0.02658922392129898,0.0190582349896431,0.011848546564579,35.96122562885285,32.51197934150695,141.06469580531112,7.407155819237251,47.22148180007935,80.654263496399,126.43122982978838,13.29461196064949,9.52911749482155,5.9242732822895,7856.75,0.308,15.71,0.3507842945158484,0.3507842945158484,325.72361839383854,104.38787489593022,88.75,4885.854275907578,260.5788947150708,1331.25,71.00000000000001,12.752917916254098,0.6801556222002187,20381.02724995135,10.738966378378377,1121.017878817763,422390.5422088982,308.6,2207.7244,315.3892,946.1676000000001,21.14924173138879,3.021320247341256,0.3459703078183998,200.084351435213,RESIDUES,1.1451017210322825,0.35163852418919966,10.969882864994085,1.5671261235705836,119.53473519823228,3597.3906389517742,234.5889657334302,7.194781277903548,0.4691779314668604,34.46176715962656,2.2472817457708025,0.6250657221964413,1145.1227601340113,163.58896573343017,2.3306923621262796,0.8658918966899262,0.9228998735308749,0.619734608916431,0.318784573767807,3.815685502512457,0.8212232507527482,1,4,2,1,4,3,4,19,0.6666666666666666,0.4678640106755449,0.1209030826249069,0.5745926150889217,0.3071354705274044,0.27050566684952543,0.8658918966899262,0.619734608916431,0.8936174405125096,0.6666666666666666
800,0.206124141812325,0.00644757878035307,0.24136266335845016,0.00909175910055637,0.0652430802583694,0.296064823865891,0.15189788809418645,0.020479561924934386,0.0013818860752508,0.00190667121205479,103.0620709061625,3.223789390176535,120.68133167922508,4.545879550278185,32.6215401291847,148.0324119329455,75.94894404709322,10.239780962467194,0.6909430376254,0.953335606027395,9485.56,0.476,18.97,0.40252628810703783,0.40252628810703783,377.5144123977426,89.30418544262656,88.75,5662.716185966139,302.01152991819407,1331.25,71.00000000000001,14.906916102552227,0.7950355254694522,17436.038801014438,10.738966378378377,959.0346449168344,506485.3646764402,370.03,2647.19462,378.17066,1134.51198,29.642447404670516,4.234635343524359,0.5106714032138334,210.73532128419737,RESIDUES,1.2073969440094923,0.43049125399508853,13.505306439960359,1.9293294914229084,107.8256005906843,3496.365035690553,243.2971986819598,6.992730071381106,0.4865943973639196,39.15118892089097,2.7243650168923605,0.6987051663061462,1206.0803907737186,172.2971986819598,2.2009570269352055,0.6068356854566423,0.8906504933449102,0.369642147917805,1.21249751492879,3.780875566863662,0.5837229286916403,2,3,4,3,2,1,3,18,0.5833333333333334,0.4476353078257503,0.20570295735110913,0.4496777052406053,0.4756980351602895,0.3944686966623186,0.6068356854566423,0.369642147917805,0.5856500953214947,0.5833333333333334
801,0.19875380396843,0.0262171793729067,0.2390366391241555,0.00620679883286357,0.10805107653141,0.145512744784355,0.2473465365171433,0.023693198174238234,0.00516398996114731,1.80559090949828e-5,99.37690198421501,13.10858968645335,119.51831956207775,3.103399416431785,54.025538265704995,72.7563723921775,123.67326825857165,11.846599087119117,2.581994980573655,0.0090279545474914,9376.79,0.465,18.75,0.41570421825349324,0.41570421825349324,330.26854506298855,88.44355647593753,88.75,4954.028175944828,264.2148360503909,1331.25,71.00000000000001,15.051972727512238,0.8027718788006528,17268.006810328992,10.738966378378377,949.7923793793022,538333.2891789132,393.3,2813.6682000000005,401.9526000000001,1205.8578,31.81315080613593,4.54473582944799,0.5730460880959252,218.25795634652485,RESIDUES,1.2170030961129594,0.4450598618191588,14.123515443460008,2.01764506335143,107.63608206245736,3530.1763151417335,249.4477051089187,7.060352630283467,0.4988954102178374,39.91445454935062,2.8204169421520824,0.750715703570299,1249.133935762431,178.44770510891874,2.242777779922924,0.6903435887118746,0.8913669227138554,0.3751980247432822,1.09412246705118,3.7302188553900684,0.5867688311404617,2,3,4,3,3,1,3,19,0.6666666666666666,0.4692577352814662,0.2195052624051854,0.4425504443592653,0.4643226473629783,0.42604027004471956,0.6903435887118746,0.3751980247432822,0.589599725716661,0.6666666666666666
81,0.0734631344676018,0.0256167352199554,0.28247009798884365,0.012046373449266,0.0717882513999939,0.215145274996758,0.2646401724815366,0.027025122433900803,0.0102182412520051,0.0175866391509771,36.7315672338009,12.808367609977699,141.23504899442182,6.023186724633,35.89412569999695,107.57263749837901,132.3200862407683,13.5125612169504,5.10912062600255,8.79331957548855,7566.56,0.278,15.13,0.3619251035898925,0.3619251035898925,333.3134083016221,104.51393625587214,88.75,4999.701124524331,266.6507266412977,1331.25,71.00000000000001,12.737535755430926,0.6793352402896495,20405.639878714064,10.738966378378377,1122.3716475237918,452365.10043338593,330.5,2364.3970000000004,337.7710000000001,1013.3130000000001,22.622791607536993,3.231827372505285,0.40467597397843963,207.90478375087002,RESIDUES,1.1506317888747135,0.3709386270775491,11.384899478380577,1.626414211197225,120.25705743643194,3643.5023058867714,240.98295119471135,7.2870046117735425,0.4819659023894227,34.86140161218988,2.3057494514868746,0.6791351916051328,1189.8806583629796,169.98295119471135,2.2823320790000645,0.7693258246757373,0.8803158339942861,0.2894973396865792,0.493731843087932,3.8000709478714474,0.770207686822414,1,4,2,2,4,1,4,18,0.5833333333333334,0.41183810271262666,0.1281297628509368,0.5756365866889238,0.27714581178903835,0.29719672282807835,0.7693258246757373,0.2894973396865792,0.8274654132196578,0.5833333333333334
814,0.0183139834553003,0.0144037054851651,0.09546467781811939,0.0437082350254059,0.302903562784195,0.441546738147736,0.0729919494241476,0.008554639108479013,0.00200420594774187,1.08335450931918e-4,9.15699172765015,7.20185274258255,47.73233890905969,21.85411751270295,151.4517813920975,220.773369073868,36.4959747120738,4.277319554239507,1.002102973870935,0.054167725465959,6878.16,0.206,13.76,0.5736072178520265,0.5736072178520265,859.5539871109654,35.32193079270417,88.75,12893.309806664482,687.6431896887724,1331.25,71.00000000000001,37.68904955430615,2.0100826428963288,6896.368325580944,10.738966378378377,379.321027202258,391137.209170058,285.76,2044.3270400000001,292.04672,876.1401599999999,57.876990133910255,8.268141447701463,0.28476014011465056,137.26219981847103,RESIDUES,1.4797821235389248,0.5196591551705241,22.240545869687754,3.177220838526822,52.26876175592272,2496.1500492033315,183.22557457158192,4.9923000984066626,0.36645114914316385,70.66856180237228,5.18730348142315,0.19072139595899487,785.5790220010734,112.22557457158192,1.994786644390608,0.1951535628347802,0.9117755918950557,0.5334663161585245,1.31494699859571,3.4667162627591726,0.39704641344399105,4,1,2,4,1,2,1,15,0.3333333333333333,0.2640761337891474,0.7756387422117119,0.002626040998936252,0.20630816959669082,0.8043429385003763,0.1951535628347802,0.5334663161585245,0.3435861254228072,0.3333333333333333
815,0.36354061961174,0.0115350689738989,0.19114703305065672,0.00341256684623659,0.0380555056035519,0.206253737211227,0.16361094072461105,0.017743339911103266,0.0047011892311275,0,181.77030980587,5.76753448694945,95.57351652532836,1.706283423118295,19.02775280177595,103.1268686056135,81.80547036230553,8.871669955551633,2.35059461556375,0,11568.38,0.691,23.14,0.4136298243328926,0.4136298243328926,256.6650283042339,70.72440222874299,88.75,3849.975424563508,205.33202264338712,1331.25,71.00000000000001,18.82306471385019,1.003896784738677,13808.46166757944,10.738966378378377,759.5069776653797,621893.1954915634,454.35,3250.4199000000003,464.3457,1393.0371000000002,45.958958967050876,6.565565566721553,0.736699541388429,225.96919064869738,RESIDUES,1.30799519020128,0.5026539217592223,18.286006401833266,2.6122866288333233,92.50717794505653,3384.023849586005,255.752410274375,6.768047699172009,0.51150482054875,47.848037494061835,3.616183413572,0.8040301918716457,1293.2668719206251,184.752410274375,2.1457620609544024,0.49662208216130366,0.8767166872048641,0.2615861217694791,1.24669227010091,3.7136533452958855,0.5407630469636338,3,2,4,3,1,1,3,17,0.5,0.4360256811677851,0.3629700378277415,0.2958100488990594,0.6913133402275078,0.421070454667009,0.49662208216130366,0.2615861217694791,0.529943894122786,0.5
816,0.171046674251556,0.0335137210786343,0.16999895150959493,0.0104772057384253,0.0142226507887244,0.295680195093155,0.28063548016548123,0.02053624705970286,0.0038889073766768,0,85.523337125778,16.75686053931715,84.99947575479746,5.23860286921265,7.1113253943622,147.8400975465775,140.3177400827406,10.268123529851431,1.9444536883384,0,9079.36,0.434,18.16,0.398171949073672,0.398171949073672,294.8973775629327,62.89961205855012,88.75,4423.460663443991,235.91790205034619,1331.25,71.00000000000001,21.164677434907002,1.1287827965283737,12280.724257053136,10.738966378378377,675.4768191098128,580873.9839945564,424.38,3036.01452,433.71636,1301.1490800000001,48.267619157554186,6.895374165364884,0.6563627398163513,209.27770146013853,RESIDUES,1.3391418279817855,0.5068624782974256,19.04205927187198,2.7202941816959973,84.23150147143197,3204.464960106478,242.1054487138093,6.408929920212956,0.4842108974276186,50.94570308515736,3.849076978224371,0.6886273691581978,1197.738140996665,171.1054487138093,2.1989283653851635,0.6027848432226858,0.9274272156664451,0.654843939078389,1.23001325390695,3.627215481310644,0.5004256524391553,4,2,4,2,2,3,2,19,0.6666666666666666,0.47121009243473994,0.41898582558186775,0.23100939374651272,0.43381592554291626,0.3840366081024365,0.6027848432226858,0.654843939078389,0.4776382795626931,0.6666666666666666
817,0.21722799539566,0.0268779676407576,0.30829266318678905,0.0107076279819012,0.0286902133375406,0.192976877093315,0.18761347460746786,0.025933093458414113,0.00137315900065005,3.0695044551976e-4,108.61399769783,13.4389838203788,154.14633159339454,5.3538139909506,14.345106668770299,96.4884385466575,93.80673730373393,12.966546729207057,0.686579500325025,0.15347522275988,9773.84,0.506,19.55,0.3405659336149691,0.3405659336149691,244.04546872831872,114.06828537911196,88.75,3660.6820309247805,195.23637498265498,1331.25,71.00000000000001,11.67064092859396,0.6224341828583446,22271.06198861364,10.738966378378377,1224.975481525553,493160.01021154027,360.3,2577.5862,368.2266,1104.6798,22.59686986118233,3.2281242658831903,0.4845734769384253,225.27580873245594,RESIDUES,1.134629991140404,0.37475490221355556,11.302865684818006,1.6146950978311434,129.4252976291029,3845.523990063145,255.18550121965598,7.69104798012629,0.510371002439312,33.71247299179034,2.237129280689488,0.7992362379320793,1289.298508537592,184.18550121965598,2.2454646733115027,0.6957087918017487,0.8830869095168209,0.3109869029912837,1.35799596994144,3.8885674087083735,0.6033327018770607,1,4,4,1,3,1,3,17,0.5,0.40605264157606474,0.10735342665443325,0.6547605081329205,0.5056876938986556,0.24602460438792612,0.6957087918017487,0.3109869029912837,0.6110781441565527,0.5
818,0.202761724591255,0.0197796020656824,0.24175763484835616,0.0227835811674595,0.0353746563196182,0.372482717037201,0.07744770164787772,0.01788392640650272,0.00356894242577255,0.00615955516695976,101.3808622956275,9.8898010328412,120.87881742417808,11.39179058372975,17.6873281598091,186.2413585186005,38.72385082393886,8.941963203251358,1.784471212886275,3.07977758347988,9566.66,0.484,19.13,0.3706626911610364,0.3706626911610364,386.7924051102251,89.450324893891775,88.75,5801.886076653376,309.4339240881801,1331.25,71.00000000000001,14.882561931207766,0.7937366363310809,17464.571541445246,10.738966378378377,960.6040315705261,455244.07268929156,332.6,2379.4204000000004,339.91720000000004,1019.7516000000002,26.600466826951482,3.8000666895644972,0.4103144885771682,197.6977598727335,RESIDUES,1.1961277202352545,0.40559903826598465,12.649074451610984,1.8070106359444265,106.99401318963359,3423.3178508741544,232.63768847194692,6.846635701748308,0.4652753769438938,38.270602761197125,2.600747272275507,0.6085651331918954,1131.4638193036285,161.63768847194694,2.1825397505514395,0.5700599694638655,0.8934818580449482,0.3915992510228534,1.38525455555715,3.816634937444952,0.5596557568154266,2,3,4,2,2,1,3,17,0.5,0.42173880155014715,0.18977911858606467,0.4508879526695642,0.483971044467425,0.3181301610935502,0.5700599694638655,0.3915992510228534,0.5544421248873899,0.5
819,0.0461001135408878,0.0120432339608669,0.14296902263164563,0.0581909492611885,0.419574111700058,0.235006168484688,0.06762342618405823,0.011344171956181554,0.00353895826265216,0.00360987754538655,23.0500567704439,6.02161698043345,71.48451131582281,29.09547463059425,209.787055850029,117.503084242344,33.811713092029116,5.672085978090777,1.76947913132608,1.804938772693275,6992.91,0.218,13.99,0.5996110517829658,0.5996110517829658,885.7005091562124,52.89853837370888,88.75,13285.507637343186,708.5604073249699,1331.25,71.00000000000001,25.166101766275737,1.342192094201373,10328.08219491008,10.738966378378377,568.0756250606181,357922.33175982715,261.5,1870.771,267.25300000000004,801.759,35.36526825719994,5.052181179599994,0.2197082554400439,144.7764604930168,RESIDUES,1.3451060301063469,0.4463615277513698,15.663658470863327,2.237665495837618,71.1541429502878,2727.910263754252,189.36923409909053,5.455820527508504,0.3787384681981811,51.56872661551744,3.5798575900389906,0.24267403377645436,828.5846386936339,118.36923409909053,2.035035344464077,0.2755223824222987,0.8951470169703146,0.4045124819500005,1.2461773725629,3.487737356950226,0.42475113357606137,4,1,2,4,1,1,1,14,0.25,0.33715914189581936,0.4302521010451705,0.14818594252154133,0.21820062047569808,0.8666427034900432,0.2755223824222987,0.4045124819500005,0.3795109150579913,0.25
82,0.0825590267777443,0.0147837996482849,0.10974145010858774,0.0279858354479074,0.0557540766894817,0.499052882194519,0.18227991566061977,0.013296356491744519,0.00224028830416501,0.0123063968494534,41.27951338887215,7.39189982414245,54.87072505429387,13.992917723953699,27.87703834474085,249.5264410972595,91.13995783030988,6.648178245872259,1.120144152082505,6.153198424726701,7721.05,0.293,15.44,0.4443481672517955,0.4443481672517955,514.5016519597544,40.604336540177464,88.75,7717.524779396316,411.60132156780355,1331.25,71.00000000000001,32.78590696052244,1.748581704561197,7927.7223558443775,10.738966378378377,436.0486049213264,504612.72854999785,368.67,2637.4651800000006,376.78074000000004,1130.3422200000002,64.95525859387612,9.279322656268016,0.5070038145056087,170.52666632253255,RESIDUES,1.4642371246624333,0.5374544543289865,24.03581242440497,3.43368748920071,59.45437698441522,2743.2568216184445,210.42260238530264,5.486513643236889,0.4208452047706053,67.56068576330578,5.182269193761908,0.4207076654439815,975.9582166971181,139.4226023853026,2.1160202455150374,0.4372334660100151,0.9135660218406455,0.5473510180894179,0.904984552166268,3.5324764496409946,0.5315892392303434,4,1,2,3,1,2,2,15,0.3333333333333333,0.3603505430019219,0.7194383166167353,0.04637205153373499,0.29317476732161324,0.4946652003419027,0.4372334660100151,0.5473510180894179,0.5180481914626973,0.3333333333333333
832,0.0271887481212616,0.0118296639993787,0.30470432308316203,0.00697803031653166,0.13140869140625,0.356273829936981,0.1330275481939317,0.02378686341643332,0.00480231177061796,0,13.5943740606308,5.91483199968935,152.352161541581,3.48901515826583,65.704345703125,178.1369149684905,66.51377409696585,11.89343170821666,2.40115588530898,0,7239.22,0.244,14.48,0.4015471862405538,0.4015471862405538,538.3319387127457,112.74059954076995,88.75,8074.979080691184,430.66555097019653,1331.25,71.00000000000001,11.808079834794432,0.6297642578557031,22011.840299527623,10.738966378378377,1210.7175079465492,362557.3839610196,264.88,1894.95152,270.70736,812.12208,16.808066727680796,2.4011523896686846,0.2287860815457599,190.57800398250055,RESIDUES,1.1133499324534402,0.28051191489542227,9.674562995367218,1.3820804279096024,125.51973888347656,3632.683540339197,226.81657605609246,7.265367080678394,0.4536331521121849,32.22160920854003,2.0118446857653054,0.5593400510268618,1090.7160323926473,155.81657605609246,2.1929275276404385,0.5908023383169515,0.8792624563235715,0.2813284442687167,1.42571060932514,3.879005792643064,0.5817782809930043,1,4,2,3,2,1,3,16,0.4166666666666667,0.3575106896506481,0.08039379954267385,0.6437653363404482,0.24353671147880046,0.3921229727069628,0.5908023383169515,0.2813284442687167,0.5831284651027084,0.4166666666666667
833,0.208366230130196,0.0248797629028559,0.1698608348816637,0.00979186780750751,0.0213858243077993,0.383154898881912,0.15920506551861727,0.016253638908267032,0.0071019446477294,0,104.18311506509801,12.43988145142795,84.93041744083185,4.895933903753755,10.69291215389965,191.577449440956,79.60253275930863,8.126819454133516,3.5509723238647,0,9664.84,0.495,19.33,0.40487574102729545,0.40487574102729545,370.18531394109107,62.848508906215564,88.75,5552.779709116366,296.14825115287283,1331.25,71.00000000000001,21.18188678090249,1.1297006283148,12270.746711851385,10.738966378378377,674.9280240750629,540845.5390948213,395.14,2826.83156,403.83308,1211.4992399999999,44.97849844326909,6.425499777609869,0.5779663709494486,199.12030411646666,RESIDUES,1.3304215697250623,0.49607657003475564,18.13257536817485,2.5903679097392645,83.61501187388687,3145.783348594425,233.80076064562317,6.29156669718885,0.4676015212912463,50.05342852745572,3.7200685380540643,0.6184004222608959,1139.605324519362,162.80076064562314,2.1815519981994256,0.5680876202841095,0.8965012236392534,0.4150142924214792,1.32019177614925,3.6841527727486216,0.5075369761833728,4,2,4,3,2,1,2,18,0.5833333333333334,0.4431721788148534,0.4028506228710595,0.2305861852412861,0.4943123061013443,0.4000974960607098,0.5680876202841095,0.4150142924214792,0.4868595533500062,0.5833333333333334
834,0.173610210418701,0.0340472757816315,0.2176135161966089,0.0160649754106998,0.0300395283848047,0.317030072212219,0.18486692789196998,0.020150909051299126,0.00657663447782397,0,86.8051052093505,17.02363789081575,108.80675809830446,8.032487705349899,15.01976419240235,158.5150361061095,92.433463945985,10.075454525649564,3.288317238911985,0,9210.79,0.448,18.42,0.3778685881718993,0.3778685881718993,337.05933977067457,80.5170009927453,88.75,5055.890096560119,269.6474718165396,1331.25,71.00000000000001,16.53377527213101,0.8818013478469873,15720.400410043027,10.738966378378377,864.6693665489502,504743.2927483961,368.76,2638.1090400000003,376.8727200000001,1130.61816,32.76462122872284,4.680660175531834,0.5072595266394196,203.7215690267715,RESIDUES,1.2395296464825878,0.4475497097657785,14.48065960577781,2.0686656579682587,99.80320977637575,3361.858650402969,237.56275483628838,6.723717300805938,0.4751255096725768,41.7534012562872,2.950467005815246,0.6502129797087652,1165.9392838540186,166.56275483628838,2.228891238280384,0.6626148680842107,0.9220171623978249,0.612889224653467,1.45270086856157,3.7405590784321534,0.5039737619884771,2,3,4,2,3,3,2,19,0.6666666666666666,0.4664405731549601,0.2527593517823663,0.37690702424935507,0.44725956566701147,0.33539398809339765,0.6626148680842107,0.612889224653467,0.4822391233378455,0.6666666666666666
835,0.358552098274231,0.0127464812248945,0.25044027706980737,0.00138776644598693,0.00961073394864798,0.0962603241205215,0.2455551382899288,0.024345146507024795,9.93769848719239e-4,1.08335450931918e-4,179.2760491371155,6.373240612447249,125.22013853490368,0.693883222993465,4.80536697432399,48.13016206026075,122.7775691449644,12.172573253512397,0.4968849243596195,0.054167725465959,11436.03,0.678,22.87,0.37196708754450103,0.37196708754450103,132.56895866323265,92.66290251582872,88.75,1988.5343799484897,106.05516693058613,1331.25,71.00000000000001,14.366590769942645,0.7662181743969413,18091.805615522884,10.738966378378377,995.1037946404377,637587.5589559986,465.82,3332.47628,476.06804000000005,1428.2041199999999,35.96343509130577,5.137633584472253,0.767437210822528,246.82095977113684,RESIDUES,1.22242178209819,0.4701366197863191,15.244565825259667,2.177795117894238,113.2731504277902,3738.959511602608,272.8008167088815,7.477919023205216,0.545601633417763,40.35012297358069,2.9440132922911793,0.9481966582734607,1412.6057169621704,201.80081670888148,2.03297990682024,0.27141807354103303,0.8836767193735673,0.3155608513197278,1.46512241972212,3.7785647517009533,0.5204593882571269,2,3,4,2,1,1,2,15,0.3333333333333333,0.3789984957391083,0.2273835530938246,0.4774927727480549,0.6773526370217168,0.3212552228963227,0.27141807354103303,0.3155608513197278,0.5036160819529207,0.3333333333333333
836,0.281727939844131,0.0559304133057594,0.20769428846240057,0.0341623350977898,0.104883268475533,0.0970604941248894,0.1876510155200955,0.01962697151303291,0.00280708493664861,0.00845623482018709,140.8639699220655,27.9652066528797,103.84714423120029,17.0811675488949,52.4416342377665,48.5302470624447,93.82550776004776,9.813485756516455,1.403542468324305,4.228117410093545,10557.95,0.587,21.12,0.3979164789766074,0.3979164789766074,279.4603865873822,76.84688673108822,88.75,4191.905798810732,223.56830926990577,1331.25,71.00000000000001,17.32340835951453,0.9239151125074418,15003.835398523817,10.738966378378377,825.2561328882078,537983.2959380399,393.05,2811.8797000000004,401.69710000000003,1205.0913,36.59067816032242,5.227239737188917,0.5723606205669928,209.41288797022867,RESIDUES,1.2619541404191705,0.4672105636172786,15.596101435119786,2.228014490731398,96.97724688861979,3355.0179733194204,242.215977204459,6.710035946638841,0.484431954408918,43.658476173012694,3.15192960323884,0.6895620314091775,1198.5118404312127,171.21597720445897,2.228892089497702,0.6626165677995042,0.8891866456919382,0.35829007665479923,1.38543255878581,3.685073756500394,0.4919793111028525,3,3,4,2,3,1,2,18,0.5833333333333334,0.45203353177671335,0.28720925253916957,0.34651313464116623,0.5868665977249226,0.38342455500860123,0.6626165677995042,0.35829007665479923,0.4666858846549969,0.5833333333333334
837,0.120502829551697,0.00876312330365181,0.17288487391173882,0.027747705578804,0.0578829534351826,0.410284340381622,0.17944844126701337,0.017155743673443816,0.0035966350696981,0.00173336721491069,60.2514147758485,4.381561651825905,86.44243695586941,13.873852789402,28.9414767175913,205.142170190811,89.72422063350669,8.577871836721908,1.79831753484905,0.866683607455345,8223.11,0.345,16.45,0.4215786308720707,0.4215786308720707,452.4921006885914,63.967403347343364,88.75,6787.381510328871,361.99368055087314,1331.25,71.00000000000001,20.81138095869399,1.109940317797013,12489.203291384012,10.738966378378377,686.9437938592888,499247.1845561264,364.75,2609.4215,372.7745,1118.3235,40.79298773206138,5.8275696760087685,0.4964953081879446,189.4932162513496,RESIDUES,1.3147983905593044,0.48048467100383935,16.95406595388657,2.422009421983796,84.10423896934492,3102.701369109013,225.92965360710346,6.205402738218026,0.4518593072142069,48.50441329095894,3.531949739780809,0.5518399673132081,1084.507575249724,154.92965360710343,2.1642360000123655,0.5335109424849926,0.8696772472159883,0.20699558822377442,1.10112176982429,3.632159867062265,0.5346389787953276,3,2,3,3,2,1,3,17,0.5,0.3859384000442367,0.3748394298730366,0.23985226027392004,0.34539813857290586,0.4401141380197905,0.5335109424849926,0.20699558822377442,0.522002797457339,0.5
851,0.0269552133977413,0.00663696648553014,0.25113086020946535,0.00641405675560236,0.0542843416333199,0.442224830389023,0.179881644397974,0.02207695612311365,0.01039516646415,0,13.47760669887065,3.31848324276507,125.56543010473267,3.20702837780118,27.142170816659952,221.1124151945115,89.940822198987,11.038478061556825,5.197583232075,0,7130.88,0.232,14.26,0.3898536637872459,0.3898536637872459,480.42004641577626,92.91841827750217,88.75,7206.3006962366435,384.3360371326211,1331.25,71.00000000000001,14.32708417425061,0.7641111559600328,18141.693341531776,10.738966378378377,997.8477698141946,421556.4476138171,307.99,2203.3604600000003,314.76578,944.29734,23.712849409679286,3.387549915668469,0.3443367198109303,191.58155802495878,RESIDUES,1.1777464539213987,0.3779617584176149,11.80023931976384,1.6857484742519773,109.43433763031346,3425.557342702639,227.63708184120634,6.851114685405277,0.4552741636824127,36.86628987239283,2.44985963021201,0.5662784954003306,1096.4595728884442,156.6370818412063,2.187384186558532,0.5797333651945747,0.9062913252295932,0.4909360802523108,1.35710914759432,3.79181750904927,0.5538136208875382,1,4,2,2,2,2,3,16,0.4166666666666667,0.3906988154344159,0.16438461088136916,0.4796088152741938,0.23216132368148915,0.3641077306977564,0.5797333651945747,0.4909360802523108,0.5468666105624286,0.4166666666666667
852,0.302474617958069,0.0302914790809155,0.14832578840851746,0.0121599622070789,0.0437884964048862,0.246666193008423,0.19466522124409674,0.016151487529277777,0.00545869302004576,1.80559090949828e-5,151.2373089790345,15.14573954045775,74.16289420425873,6.07998110353945,21.894248202443098,123.3330965042115,97.33261062204838,8.075743764638888,2.72934651002288,0.0090279545474914,10829.18,0.615,21.66,0.4237672562748195,0.4237672562748195,295.9860249079764,54.880541711151466,88.75,4439.790373619646,236.7888199263811,1331.25,71.00000000000001,24.257231406473096,1.293719008345232,10715.054954631301,10.738966378378377,589.3602922632477,612856.4472663879,447.75,3203.2035000000005,457.6005,1372.8015,58.366834585182765,8.33811922645468,0.7190009210949666,210.57168453295318,RESIDUES,1.392557773679741,0.5297114806634211,21.9594017723429,3.137057396048985,76.42432498361924,3125.7541571822458,243.16340927414257,6.251508314364491,0.48632681854828513,56.955599557194375,4.4307764043942175,0.6975738027243885,1205.143864918998,172.16340927414254,2.169124571744706,0.5432724686679485,0.8872823542848274,0.343522384323455,1.3345351896918,3.6233621662830253,0.4727613657346726,4,1,4,3,2,1,2,17,0.5,0.4315786694554698,0.5276641432703945,0.16459981586348263,0.6147880041365047,0.4453576282144973,0.5432724686679485,0.343522384323455,0.44176592006841614,0.5
853,0.483030259609222,0.0119595322757959,0.28147641545534124,0.00115935772191733,0.00466105714440346,0.0528299584984779,0.14045002573728596,0.02259173750877381,0.00184170273132622,0,241.515129804611,5.97976613789795,140.7382077276706,0.5796788609586649,2.33052857220173,26.41497924923895,70.22501286864298,11.295868754386904,0.92085136566311,0,13197.74,0.86,26.4,0.3541120478212833,0.3541120478212833,86.67345485240219,104.14627371847625,86.67345485240219,1300.1018227860327,69.33876388192175,1300.1018227860327,69.33876388192175,12.483421406899419,0.6657824750346357,20333.85625249385,10.738966378378377,1118.423331896108,635111.3964925775,464.01,3319.5275399999996,474.21822,1422.65466,31.873704372498285,4.553386338928327,0.7625876058392971,254.31362674434243,RESIDUES,1.1821408982965111,0.45192209921264104,13.975418386236585,1.9964883408909404,123.11556956779384,3874.0129032653617,277.26558510809616,7.748025806530723,0.5545311702161924,37.19780617151438,2.6622708159255764,1,1455.487748583221,207.9268212261744,1.8970537517200552,0,0.8938051866406398,0.39410664942063534,1.59858750946291,3.8836678424062074,0.5416952090359674,1,4,4,1,1,1,3,15,0.3333333333333333,0.2582746078300957,0.1703794951264625,0.5725918055791303,0.8598759048603929,0.27847827002114905,0,0.39410664942063534,0.5311526313413842,0.3333333333333333
854,0.272291868925095,0.024668987840414,0.2691815957427027,0.0161314085125923,0.0870076864957809,0.123814813792706,0.1799088068604471,0.023209679841995255,0.00309904315508902,6.86124549247324e-4,136.1459344625475,12.334493920206999,134.59079787135133,8.065704256296149,43.50384324789045,61.907406896352995,89.95440343022355,11.604839920997627,1.54952157754451,0.343062274623662,10371.59,0.568,20.74,0.3866202712059026,0.3866202712059026,277.9815087731186,99.59719042479998,88.75,4169.722631596778,222.3852070184949,1331.25,71.00000000000001,13.366340901003118,0.7128715147201664,19445.67847645284,10.738966378378377,1069.5708793528759,527410.7210737659,385.32,2756.57928,393.79704,1181.39112,27.677279532110216,3.953897076015745,0.5516540584957279,223.6676874282758,RESIDUES,1.178967743520395,0.41952743841929874,12.852721078071305,1.8361030111530436,117.4218748560975,3680.9157880423845,253.87070124135835,7.361831576084769,0.5077414024827167,36.958028357452804,2.54897452587321,0.7881178927879429,1280.0949086895082,182.87070124135832,2.229710745017054,0.6642512635193425,0.9155469798625917,0.5627132564948278,1.52685970035305,3.8035012352189703,0.5181084517860595,1,4,4,2,3,3,2,19,0.6666666666666666,0.4775826595356501,0.16604353866323712,0.5349187726463557,0.5672182006204757,0.3563611961493509,0.6642512635193425,0.5627132564948278,0.5005676159238048,0.6666666666666666
868,0.0144840208813548,0.00761959375813603,0.3041435835957524,0.010392121039331,0.0942315384745598,0.421074837446213,0.12018713821470779,0.023299765571951857,0.00456743640825152,0,7.2420104406774,3.809796879068015,152.0717917978762,5.196060519665499,47.1157692372799,210.5374187231065,60.09356910735389,11.64988278597593,2.2837182041257598,0,7067.14,0.226,14.13,0.3837544195316735,0.3837544195316735,529.8309872729333,112.53312593042838,88.75,7947.464809093999,423.86478981834665,1331.25,71.00000000000001,11.829850001883194,0.6309253334337706,21971.33247895715,10.738966378378377,1208.4894558206904,354690.60400925204,259.13,1853.8160199999998,264.83086000000003,794.4925799999999,16.473513951315,2.3533591359021435,0.21337886339281079,188.39593897631528,RESIDUES,1.1123167589709422,0.27296747201668936,9.581424394234308,1.368774913462044,125.17248191180299,3617.967093769938,225.03251970703542,7.2359341875398755,0.45006503941407083,32.15024077449588,1.9997002468958145,0.5442535324895809,1078.2276379492478,154.0325197070354,2.1665210838657516,0.5380738101458092,0.8739894391767373,0.24043643866937695,1.64036975014595,3.8885207789035556,0.5339231638248036,1,4,2,2,2,1,2,14,0.25,0.31345578651466893,0.07910322800220367,0.6420471527745538,0.22543950361944162,0.3494952129918717,0.5380738101458092,0.24043643866937695,0.5210745981428828,0.25
869,0.0197979994118214,0.00716469995677471,0.19635484319925292,0.00710525270551443,0.104462407529354,0.552394807338715,0.0919673405438662,0.015548248335719099,0.00520442379638553,0,9.8989997059107,3.582349978387355,98.17742159962646,3.552626352757215,52.231203764677,276.1974036693575,45.9836702719331,7.77412416785955,2.602211898192765,0,7190.67,0.239,14.38,0.44431660534441486,0.44431660534441486,639.8760161481055,72.65129198372358,88.75,9598.140242221582,511.90081291848446,1331.25,71.00000000000001,18.32383105173472,0.977270989425852,14184.67387271403,10.738966378378377,780.199781958958,395473.2724170281,288.93,2067.0052200000005,295.28646000000003,885.8593800000001,28.45104558447607,4.064435083496581,0.29325239142721493,169.85458010185528,RESIDUES,1.2477536196957275,0.41212549717282637,13.380515422309697,1.9115022031870996,90.6509125482623,3083.5615147978965,209.87310469127692,6.167123029595793,0.41974620938255386,42.4433128524228,2.888773192612952,0.41606094722149156,972.1117328389382,138.8731046912769,2.074268333505719,0.3538630247886661,0.8927555456381833,0.3859667316933587,1.52289423679183,3.7310121421067737,0.4818178084016457,3,2,2,3,1,1,2,14,0.25,0.3432520619475772,0.26523517927302026,0.3117675015353125,0.2383660806618408,0.49458958459163826,0.3538630247886661,0.3859667316933587,0.4535094351121756,0.25
870,0.259179204702377,0.0142461117357016,0.21349703773856143,0.0137468110769987,0.021947680041194,0.224572777748108,0.22784134063124653,0.021405365884304032,0.0035637051332742,0,129.5896023511885,7.123055867850799,106.74851886928072,6.87340553849935,10.973840020597,112.286388874054,113.92067031562327,10.702682942152016,1.7818525666371001,0,10096.81,0.539,20.19,0.38844702452421176,0.38844702452421176,251.35768720127652,78.99390396326773,88.75,3770.3653080191475,201.08614976102123,1331.25,71.00000000000001,16.852566251429135,0.8988035334095541,15423.026006233677,10.738966378378377,848.3128787583826,585631.8972238273,427.86,3060.91044,437.27292,1311.8187599999999,38.74869181580553,5.535527402257933,0.6656811912698853,223.20596324236416,RESIDUES,1.26315948133946,0.4783200971290512,16.171531026276607,2.3102187180395153,99.78189875922038,3457.0152475870814,253.49319554695697,6.9140304951741625,0.506986391093914,43.76306365608412,3.2090222514490696,0.7849255907849678,1277.4523688286988,182.49319554695694,2.1822529711759406,0.5694873268729541,0.8989362401166522,0.4338977332781159,1.52592519718134,3.7072502963448426,0.46885759179695335,3,3,4,2,2,2,2,18,0.5833333333333334,0.44554591428938906,0.28910053165926186,0.36429356328435497,0.5387797311271976,0.3607377162704608,0.5694873268729541,0.4338977332781159,0.4367038852661394,0.5833333333333334
871,0.341787040233612,0.00950504094362259,0.39793756201863256,0.00391813227906823,0.0157896615564823,0.0915497690439224,0.11014407321810676,0.02882709562778469,5.23621332831681e-4,1.80559090949828e-5,170.893520116806,4.7525204718112954,198.96878100931627,1.959066139534115,7.89483077824115,45.7748845219612,55.072036609053384,14.413547813892345,0.2618106664158405,0.0090279545474914,11408.98,0.675,22.82,0.3019436506181952,0.3019436506181952,145.98250135555853,147.23689794689403,88.75,2189.7375203333777,116.78600108444682,1331.25,71.00000000000001,9.041551530650695,0.48221608163470386,28747.009480226014,10.738966378378377,1581.1720967084234,488734.9294337807,357.07,2554.4787800000004,364.92554,1094.7766199999999,17.349447153670404,2.4784924505243433,0.4759068833251077,247.50834404112976,RESIDUES,1.0715582041559424,0.30683523107197536,9.620820421842335,1.374402917406048,157.77290594946552,4328.961851324618,273.3628220880277,8.657923702649235,0.5467256441760554,29.40133833087141,1.8566189990407518,0.9529491452534947,1416.539754616194,202.3628220880277,2.1371606345101877,0.4794467078304919,0.9309888507828927,0.6824642556957968,1.73423002658432,4.076830889616473,0.6076656717859338,1,4,4,1,1,4,3,18,0.5833333333333334,0.38879960703003646,0.029394203154105215,0.9294449122056103,0.6747673216132368,0.153493666048077,0.4794467078304919,0.6824642556957968,0.6166967185990954,0.5833333333333334
887,0.0236383806914091,0.0222290605306625,0.31018389347195635,0.00175142311491072,0.136848419904709,0.298650354146957,0.17716246166825253,0.02568383115530013,0.00372582254931331,1.26391358207911e-4,11.81919034570455,11.114530265331249,155.09194673597818,0.87571155745536,68.4242099523545,149.3251770734785,88.58123083412626,12.841915577650065,1.862911274656655,0.0631956791039555,7250.2,0.245,14.5,0.39941593373566836,0.39941593373566836,503.64974643558253,114.76804058462386,88.75,7554.746196533737,402.91979714846605,1331.25,71.00000000000001,11.599483560219946,0.6186391232117305,22407.684464414127,10.738966378378377,1232.4901291506408,377819.4015792044,276.03,1974.7186199999996,282.10265999999996,846.3079799999998,17.20617176995321,2.458024538564745,0.25867699451640863,195.9613759253848,RESIDUES,1.1117437304790279,0.29007218083039954,9.772112000720345,1.3960160001029063,127.59264957931819,3685.2662758468036,231.21802095659464,7.370532551693607,0.46243604191318927,32.11056193931867,2.014655123314637,0.5965599965276539,1121.5261466961624,160.21802095659461,2.2387098847941695,0.6822207939605653,0.8713933719461081,0.2203040566241396,1.63200471287617,3.876378464252579,0.5297365443640298,1,4,2,2,3,1,2,15,0.3333333333333333,0.3384922509652209,0.0783857066480567,0.6605555000467368,0.24457083764219237,0.3870169360148108,0.6822207939605653,0.2203040566241396,0.5156457967439196,0.3333333333333333
888,0.0926679074764252,0.0265899952501059,0.308210774749517,0.0197640862315893,0.0238508973270655,0.272593289613724,0.22406948652863468,0.027211089968681296,0.00504250824451447,0,46.3339537382126,13.29499762505295,154.10538737475852,9.88204311579465,11.92544866353275,136.296644806862,112.03474326431734,13.605544984340648,2.521254122257235,0,8034.43,0.326,16.07,0.33212178412079807,0.33212178412079807,302.5841908457132,114.0379866573213,88.75,4538.762862685698,242.06735267657055,1331.25,71.00000000000001,11.673741698021578,0.6225995572278177,22265.14636790511,10.738966378378377,1224.6501045709354,441652.4378182309,322.67,2308.3811800000003,329.76874000000004,989.3062200000002,20.242212684239817,2.891744669177117,0.3836950477389111,211.94933823245927,RESIDUES,1.1252418325752633,0.34313900197582897,10.63705602078984,1.5195794315414057,128.32031308947765,3768.9285571429464,244.28977893885872,7.537857114285893,0.48857955787771745,33.049764097189794,2.1421789887692233,0.7070987243085933,1213.028452572011,173.28977893885872,2.272772416344995,0.7502370391537112,0.8828388541505033,0.3090632450273618,1.55431432622277,3.8587666093057167,0.5397729468152912,1,4,3,1,4,1,3,17,0.5,0.37233551690090866,0.09536951177045533,0.6545095906029146,0.3257497414684592,0.2257941825808342,0.7502370391537112,0.3090632450273618,0.528660028435733,0.5
889,0.309338510036469,0.025151951238513,0.2778190591037275,0.00584063492715359,0.0519926957786083,0.184269726276398,0.12263529369235057,0.02173540443181993,0.00110839889384806,1.08335450931918e-4,154.6692550182345,12.5759756192565,138.90952955186376,2.920317463576795,25.99634788930415,92.13486313819901,61.317646846175286,10.867702215909965,0.55419944692403,0.054167725465959,11065.96,0.639,22.13,0.37098216299712705,0.37098216299712705,267.868685808033,102.79305186837918,88.75,4018.030287120495,214.2949486464264,1331.25,71.00000000000001,12.950778051658512,0.6907081627551207,20069.648829653273,10.738966378378377,1103.8911279454287,523485.43503404706,382.46,2736.11884,390.87412,1172.62236,26.617741085296785,3.8025344407566837,0.5439663211117572,224.98191035340164,RESIDUES,1.1690699043925536,0.4117504827866923,12.526298674187725,1.7894712391696752,120.17226331998486,3722.7575972800173,254.94520990494118,7.445515194560034,0.5098904198098824,36.21604310422462,2.480179401924796,0.7972042621059187,1287.6164693345881,183.94520990494118,2.2152670290782344,0.635409974276673,0.8861383839402878,0.3346509468841745,1.8903779269963,3.871985195795779,0.46398997210414217,1,4,4,2,3,1,2,17,0.5,0.4212242276652528,0.1526260514493179,0.5613851584300388,0.6390899689762151,0.31889554901142886,0.635409974276673,0.3346509468841745,0.4303920289234399,0.5
904,0.00554452696815133,0.00913960672914982,0.13822759798169182,0.00714547326788306,0.457997769117355,0.299823015928268,0.06414026141166687,0.010924292296171216,0.00698526576161385,7.22236363799311e-5,2.772263484075665,4.56980336457491,69.11379899084591,3.57273663394153,228.9988845586775,149.911507964134,32.070130705833435,5.462146148085608,3.492632880806925,0.03611181818996555,6795.5,0.198,13.59,0.6482138174194837,0.6482138174194837,999.4162145449212,51.14421125322597,88.75,14991.243218173817,799.5329716359371,1331.25,71.00000000000001,26.029338753680168,1.3882314001962759,9985.561678197417,10.738966378378377,549.2359650970748,357171.3085460749,260.95,1866.8363000000002,266.6909,800.0726999999999,36.501419305439924,5.214488472205703,0.21823736410163674,143.1337142487873,RESIDUES,1.3564735244883968,0.45148988599813256,16.017118131565457,2.2881597330807795,69.37576849584255,2699.668838485735,188.02612476980855,5.399337676971469,0.3760522495396171,52.785423263624004,3.6763911332770554,0.2313162962226389,819.1828733886598,117.02612476980853,1.990730915925093,0.1870550625417038,0.889403408851945,0.3599710649971285,1.56239242795311,3.545903731255334,0.37695205936305987,4,1,1,4,1,1,1,13,0.16666666666666666,0.2952408915659915,0.4522539018197307,0.13365755974238097,0.19751809720785937,0.9830847975691123,0.1870550625417038,0.3599710649971285,0.31752971915805966,0.16666666666666666
905,0.0841536745429039,0.0162222925573587,0.2900125558972355,0.00994410272687674,0.0310645326972008,0.373852223157883,0.16313351762294775,0.0239253309369087,0.00769181735813618,0,42.07683727145195,8.11114627867935,145.00627794861776,4.97205136343837,15.5322663486004,186.92611157894152,81.56675881147387,11.96266546845435,3.84590867906809,0,7985.48,0.321,15.97,0.3535969058275225,0.3535969058275225,390.6942999690774,107.30464568197715,88.75,5860.41449953616,312.5554399752619,1331.25,71.00000000000001,12.4062662109288,0.6616675312495361,20950.507038016294,10.738966378378377,1152.3409822225572,422246.5879271014,308.49,2206.93746,315.27678000000003,945.8303400000001,20.567026208173544,2.938146601167649,0.3456883709856306,202.13595241968576,RESIDUES,1.1376308597156226,0.34475687244420966,10.781122061732436,1.5401602945332047,122.07307631866794,3640.455465110904,236.26635469833508,7.280910930221808,0.47253270939667014,33.92635465103962,2.2018278257827406,0.6392502291637485,1156.864482888346,165.2663546983351,2.2298457849715825,0.6645209120228416,0.9206416440919497,0.6022221434171363,1.83208706347783,3.868986037065942,0.4767715422897137,1,4,3,1,3,3,2,17,0.5,0.4014325331623392,0.11122109709098627,0.5987477238847644,0.3205791106514995,0.27724409719752474,0.6645209120228416,0.6022221434171363,0.44696592744813457,0.5
906,0.35337495803833,0.0164476931095123,0.27346035072207486,0.00592233799397945,0.0560633093118668,0.170740514993668,0.10116408683359662,0.020706401303410563,0.00197594962082803,1.44447272759862e-4,176.687479019165,8.22384655475615,136.73017536103742,2.961168996989725,28.0316546559334,85.370257496834,50.582043416798314,10.353200651705281,0.9879748104140149,0.072223636379931,11577.3,0.692,23.15,0.3790562898963694,0.3790562898963694,261.85604850105983,101.18032976716769,88.75,3927.8407275158975,209.48483880084785,1331.25,71.00000000000001,13.1572016326041,0.7017174204055522,19754.775736162686,10.738966378378377,1086.5721595228508,540743.9605832982,395.06,2826.2592400000003,403.75132,1211.25396,27.932892159016284,3.9904131655737545,0.577767427760967,228.2497886180298,RESIDUES,1.1769647452379084,0.4222401948614646,12.910801864599176,1.8444002663713108,119.08568104750209,3724.1413497415588,257.61702717410117,7.4482826994831175,0.5152340543482024,36.80696987558165,2.546117686776863,0.8197979547214651,1306.3191902187082,186.61702717410117,2.1901962888754327,0.5853485861422351,0.9011866197928906,0.4513493242285893,1.80383620038976,3.8705541748873986,0.4845195576685042,1,4,4,2,2,2,2,17,0.5,0.4453095288238597,0.16331191395743325,0.5480294713809993,0.6918304033092036,0.33823947382095704,0.5853485861422351,0.4513493242285893,0.457012801094442,0.5
907,0.157715603709221,0.016076197847724,0.27952348840236685,0.0091081578284502,0.0098021337762475,0.352930665016174,0.14687457427382514,0.02269541326165202,0.00521961785852909,5.41677254659589e-5,78.8578018546105,8.038098923862,139.76174420118343,4.5540789142251,4.90106688812375,176.465332508087,73.43728713691257,11.34770663082601,2.609808929264545,0.027083862732979448,8989.51,0.425,17.98,0.34991026190668356,0.34991026190668356,337.4750504667682,103.42369070887574,88.75,5062.125757001523,269.98004037341457,1331.25,71.00000000000001,12.871809068845705,0.6864964836717711,20192.77680218698,10.738966378378377,1110.6635372504206,461660.1092173272,337.29,2412.9726600000004,344.71038000000004,1034.1311400000002,23.33094713079042,3.332992447255774,0.42288040183148834,209.51581801574383,RESIDUES,1.1553505042839385,0.37882588272482487,11.594064391330015,1.656294913047145,119.49061321540567,3641.0144669181263,242.30013280967216,7.282028933836252,0.48460026561934433,35.2048398385541,2.342791396718916,0.6902736765871653,1199.100929667705,171.30013280967216,2.224814957488163,0.6544753287952381,0.8798585251190735,0.28595093037951835,1.9817203702665,3.8670880693444776,0.4390275816354717,1,4,3,1,3,1,1,14,0.25,0.34696753177047024,0.13434023400378584,0.5666077662112019,0.4245087900723889,0.26841166693055624,0.6544753287952381,0.28595093037951835,0.3980232259864908,0.25
92,0.00654444890096784,0.0205791853368282,0.17873410609364554,0.0264603700488806,0.379074990749359,0.219813704490662,0.14045153716206552,0.016149924337863948,0.00786720402538776,0.00432457961142063,3.27222445048392,10.2895926684141,89.36705304682278,13.230185024440301,189.5374953746795,109.90685224533101,70.22576858103275,8.074962168931973,3.93360201269388,2.162289805710315,6661.02,0.184,13.32,0.5705547981951387,0.5705547981951387,815.7878042420746,66.13161925464885,88.75,12236.817063631119,652.6302433936597,1331.25,71.00000000000001,20.130310054466374,1.0736165362382069,12911.751824204954,10.738966378378377,710.1852357233942,370041.9477111654,270.35,1934.0839,276.2977,828.8931,29.24597827481806,4.17799689640258,0.24344472297022768,158.37726506190074,RESIDUES,1.2724125329421059,0.4141769370745303,13.706374856964532,1.9580535509949333,84.1467011633707,2947.8599991256647,200.4892519146101,5.895719998251329,0.4009785038292202,44.57565128980929,3.03167008723314,0.33670825808635146,906.4247634022705,129.4892519146101,2.1241714111016403,0.45350975705200836,0.888572187163622,0.3535249790113079,1.61462406087211,3.5730531875248075,0.37807451415174564,3,2,1,4,1,1,1,13,0.16666666666666666,0.3263096592033546,0.30379473769403226,0.2577751189876512,0.1835573940020683,0.797029977350917,0.45350975705200836,0.3535249790113079,0.31898520948484566,0.16666666666666666
923,0.0420603938400745,0.00547424610704184,0.23350249513983773,0.00294579425826669,0.220987305045128,0.393467217683792,0.08172969040274619,0.017517047107219724,0.00227974238805473,3.61118181899656e-5,21.03019692003725,2.73712305352092,116.75124756991886,1.472897129133345,110.493652522564,196.733608841896,40.86484520137309,8.758523553609862,1.139871194027365,0.0180559090949828,7440.69,0.264,14.88,0.4883744795620442,0.4883744795620442,702.9093070057036,86.39592320173996,88.75,10543.639605085555,562.3274456045629,1331.25,71.00000000000001,15.408713173785374,0.8217980359352202,16868.220248901875,10.738966378378377,927.8029144924458,373719.5835363619,273.04,1953.3281600000003,279.04688000000004,837.1406400000001,22.609031625703622,3.2298616608148034,0.2506474333286346,174.52144442082704,RESIDUES,1.1888293922716582,0.36082096242005923,11.560975260105348,1.6515678943007641,102.71001287467337,3257.874045201723,213.68873295846822,6.515748090403447,0.4273774659169364,37.7086548122691,2.4733659302359845,0.44832705059584926,998.8211307092773,142.6887329584682,2.096474995207516,0.3982054056530168,0.8992255482008952,0.4361413041733673,1.6576995313508,3.7656674106577057,0.4665086366117465,2,3,2,4,1,2,2,16,0.4166666666666667,0.38436787688443763,0.17961728668061158,0.42559305958675003,0.26421923474663916,0.6001430663202253,0.3982054056530168,0.4361413041733673,0.4336579883760514,0.4166666666666667
924,0.154589533805847,0.0247321520000696,0.2815504796206951,0.00381053215824068,0.117839805781841,0.258825927972794,0.13312390512227967,0.022338526099920257,0.00317114894278347,1.80559090949828e-5,77.2947669029235,12.3660760000348,140.77523981034756,1.90526607912034,58.9199028909205,129.41296398639702,66.56195256113983,11.16926304996013,1.585574471391735,0.0090279545474914,9022.13,0.428,18.04,0.40227875228226145,0.40227875228226145,435.38994282707563,104.17367745965718,88.75,6530.849142406134,348.3119542616605,1331.25,71.00000000000001,12.779139917716224,0.6815541289448654,20339.206647799012,10.738966378378377,1118.717619751292,438327.03522243706,320.24,2290.9969600000004,327.28528,981.8558400000001,21.992090668846966,3.141727238406709,0.37718219196387864,204.04067006669305,RESIDUES,1.1487887775576229,0.36285076796561,11.209794944389214,1.6013992777698882,119.67355158256167,3617.7331826769896,237.8236518465283,7.235466365353979,0.4756473036930566,34.72790124048382,2.2829534067147534,0.6524192035107125,1167.7655629256979,166.8236518465283,2.2415698586862205,0.6879316051255393,0.921716065890108,0.6105542350760303,1.85621891160051,3.856400137950485,0.4643716727227361,1,4,3,3,3,3,2,19,0.6666666666666666,0.45404539040703035,0.12571564542390395,0.5728187484547259,0.4276111685625646,0.39387565243080075,0.6879316051255393,0.6105542350760303,0.43088698120454,0.6666666666666666
925,0.252626359462738,0.0226809587329626,0.23382445411384062,0.0182975623756647,0.0086837662383914,0.228987842798233,0.1713881568610666,0.020692914709448777,0.0118980193510652,0.0309200063347816,126.31317973136899,11.3404793664813,116.91222705692032,9.14878118783235,4.3418831191957,114.4939213991165,85.6940784305333,10.34645735472439,5.9490096755326,15.4600031673908,9879.98,0.517,19.76,0.34553140315413455,0.34553140315413455,232.35102279033504,86.51504802212104,88.75,3485.2653418550253,185.88081823226804,1331.25,71.00000000000001,15.38749651574617,0.8206664808397959,16891.478565183847,10.738966378378377,929.0821919333486,521627.4671903137,381.1,2726.3894000000005,389.48420000000004,1168.4526,31.513470342210177,4.501924334601454,0.5403274604769008,212.5422014324075,RESIDUES,1.2203921797119897,0.4422928327672331,14.060230619382285,2.008604374197469,105.58228803360376,3476.7537191713036,244.77450389113645,6.953507438342607,0.4895490077822729,40.18669351350683,2.829270855037265,0.7111977046921921,1216.421527237955,173.77450389113642,2.219391430292078,0.6436456006809262,0.8978439796170751,0.4254273033096753,1.96677180537699,3.7812603143256593,0.39857862002642697,2,3,4,1,3,1,1,15,0.3333333333333333,0.3868586853490707,0.22442822119015357,0.426579586539898,0.5165460186142711,0.2579208342352216,0.6436456006809262,0.4254273033096753,0.34557294206954664,0.3333333333333333
93,0.00723038660362363,0.0247029513120651,0.22301107195019687,0.00317004323005676,0.268507450819016,0.264836221933365,0.18090218719840007,0.020349786043167076,0.00680243037641048,4.87509532831609e-4,3.615193301811815,12.35147565603255,111.50553597509844,1.58502161502838,134.253725409508,132.4181109666825,90.45109359920004,10.174893021583538,3.40121518820524,0.24375476641580449,6922.47,0.211,13.84,0.5051667417082939,0.5051667417082939,680.3596867436179,82.51409662157285,88.75,10205.395301154267,544.2877493948944,1331.25,71.00000000000001,16.133606916953777,0.8604590355708683,16110.319837682222,10.738966378378377,886.1161093613356,393910.1114447078,287.79,2058.8496600000003,294.12138000000004,882.3641400000001,24.95149003984521,3.5644985771207445,0.2901909149074219,176.84430698253774,RESIDUES,1.2072313889405961,0.38550920121429605,12.265968836382413,1.7522812623403448,99.61360747163994,3229.4814470837955,215.58790538892285,6.458962894167591,0.4311758107778457,39.138542131714566,2.612740297911213,0.46438702543503557,1012.1153377224599,144.58790538892285,2.189176534738711,0.5833123356276043,0.9041467553152114,0.474305039141487,1.4265917757402,3.6941992654162705,0.4865567921900465,2,3,2,4,2,2,2,17,0.5,0.41368930864145576,0.20547426260100027,0.39344588373766287,0.21044467425025853,0.640373825681887,0.5833123356276043,0.474305039141487,0.4596544889106355,0.5
94,0.038786057382822,0.0770434588193893,0.2888283705711369,0.0239411257207394,0.115040250122547,0.249454110860825,0.16334849980473515,0.023858650058507944,0.0139407152310014,0.00575877027586102,19.393028691411,38.52172940969465,144.41418528556846,11.9705628603697,57.5201250612735,124.7270554304125,81.67424990236758,11.929325029253972,6.9703576155007,2.8793851379305098,7694.72,0.291,15.39,0.35276390917599204,0.35276390917599204,425.7559183125199,106.86649711132067,88.75,6386.338774687798,340.6047346500159,1331.25,71.00000000000001,12.457131430192419,0.6643803429435958,20864.96149005893,10.738966378378377,1147.6357194535426,349467.0605777654,255.32,1826.5592800000002,260.93704,782.8111200000001,17.091972969763482,2.441710424251926,0.2031484675162569,183.02587092184862,RESIDUES,1.1244977777608958,0.2831510617192205,9.801890141198987,1.4002700201712839,120.17113851877129,3526.3793839134673,220.64195206570346,7.052758767826934,0.44128390413140695,32.99798794976979,2.06465036311488,0.507125568372781,1047.493664459924,149.64195206570344,2.300755351338162,0.8061135134221938,0.8885226525548167,0.3531408403968823,1.31401500627715,3.855361448255594,0.5970693572837376,1,4,2,1,4,1,3,16,0.4166666666666667,0.3783577016195165,0.09443323198191308,0.5951192157950718,0.29058945191313346,0.27524841087814,0.8061135134221938,0.3531408403968823,0.6029564473534388,0.4166666666666667
941,0.175023838877678,0.031982034444809,0.25266422119736703,0.00562175130471587,0.198523059487343,0.260817229747772,0.05486840810626748,0.017773044921457787,0.00263616279698908,9.02795436559245e-5,87.511919438839,15.991017222404501,126.33211059868351,2.810875652357935,99.2615297436715,130.408614873886,27.43420405313374,8.886522460728893,1.3180813984945399,0.04513977182796225,9411.62,0.468,18.82,0.45276432031393066,0.45276432031393066,559.9281216415392,93.4857618430258,88.75,8398.921824623088,447.9424973132314,1331.25,71.00000000000001,14.240136398902477,0.759473941274799,18252.463339297792,10.738966378378377,1003.9404532893423,409588.5471366943,299.24,2140.76296,305.82328,917.4698400000001,22.899347641778935,3.271335377396991,0.3208973895367454,188.91627128157813,RESIDUES,1.1734637881722918,0.36867975109751994,11.56545748232984,1.6522082117614056,109.70215623248974,3416.396057088071,225.4579433998183,6.832792114176142,0.4509158867996366,36.5445602596107,2.4116821530362045,0.5478510435383547,1081.2056037987281,154.4579433998183,2.1845414397059284,0.5740569530741128,0.8903490201992299,0.3673042375302746,1.9694817598492,3.8263297548063004,0.42108193045865705,1,4,4,4,2,1,1,17,0.5,0.41639698632562167,0.15856670149966368,0.48430724602350134,0.46794208893485006,0.5148285485343492,0.5740569530741128,0.3673042375302746,0.37475304890763356,0.5
942,0.283966809511185,0.0119689805433154,0.3950921070873735,0.00156270316801965,0.00572964828461409,0.0988431870937347,0.16891856074333214,0.030717354983091347,0.00320067815482616,0,141.98340475559252,5.9844902716577,197.54605354368675,0.781351584009825,2.864824142307045,49.42159354686735,84.45928037166607,15.358677491545674,1.60033907741308,0,10597.46,0.591,21.19,0.2969526044502857,0.2969526044502857,138.67778385553504,146.1840796223282,88.75,2080.1667578330253,110.94222708442804,1331.25,71.00000000000001,9.106668820841039,0.4856890037781888,28541.45381599186,10.738966378378377,1569.8659161183703,489635.5231994818,357.72,2559.12888,365.58984000000004,1096.76952,17.506207834749183,2.5008868335355974,0.4776707110539136,247.00744291113068,RESIDUES,1.0732995171251387,0.30949501590313466,9.67049901002392,1.3814998585748461,156.8993020700277,4314.788913387353,272.95328532414044,8.629577826774707,0.5459065706482809,29.516134209243337,1.8671888623530348,0.9494859788667669,1413.672997268983,201.95328532414047,2.1571475865994563,0.519356760667842,0.898775913212246,0.4326544055038762,2.00444184682817,4.051597605494048,0.5282966954748134,1,4,4,1,2,1,2,15,0.3333333333333333,0.33210975477840554,0.031470082996143324,0.92072604362197,0.5904860392967943,0.14153615993035856,0.519356760667842,0.4326544055038762,0.5137787405814689,0.3333333333333333
943,0.342833548784256,0.0201896876096725,0.23328195723891287,0.00373236369341612,0.0159798599779606,0.274397790431976,0.08723064324259762,0.017696834862232228,0.00465735560283065,0,171.416774392128,10.09484380483625,116.64097861945643,1.86618184670806,7.9899299889803,137.198895215988,43.61532162129881,8.848417431116115,2.328677801415325,0,11527.52,0.687,23.06,0.3770592686384915,0.3770592686384915,275.964077940732,86.31432417839775,88.75,4139.46116911098,220.77126235258564,1331.25,71.00000000000001,15.42328011800824,0.8225749396271063,16852.288590939064,10.738966378378377,926.9266253242653,550639.5942476247,402.29,2877.98266,411.1403800000001,1233.4211400000002,33.343048067568425,4.763292581081205,0.5971481893384775,219.81816230441166,RESIDUES,1.227194723077506,0.453582832522778,14.575371104110083,2.082195872015726,105.92448315773092,3516.239931824874,250.72332950008698,7.032479863649748,0.5014466590001739,40.7376176004967,2.904770811642832,0.7615027681347893,1258.0633065006089,179.72332950008698,2.178385201289764,0.5617641432764465,0.8863869386451568,0.3365784771956112,1.7539983669975,3.8311217185295576,0.47649447279251106,2,3,4,2,2,1,2,16,0.4166666666666667,0.4207694557412371,0.23439070610594656,0.42491730086896023,0.6871768355739399,0.3334550272129845,0.5617641432764465,0.3365784771956112,0.44660665064064903,0.4166666666666667
95,0.0405394844710827,0.017861058935523,0.13295933902263618,0.0177699979394674,0.357939034700394,0.300505310297012,0.10982947374880281,0.012202085301279995,0.00918353535234928,0.00121072784531862,20.26974223554135,8.930529467761499,66.4796695113181,8.884998969733699,178.969517350197,150.252655148506,54.914736874401406,6.1010426506399975,4.59176767617464,0.60536392265931,7214.5,0.241,14.43,0.5894772116094827,0.5894772116094827,840.4359468675407,49.19495543837539,88.75,12606.53920301311,672.3487574940326,1331.25,71.00000000000001,27.060701410078625,1.443237408537527,9604.982650995238,10.738966378378377,528.3029724385358,403022.1352797371,294.45,2106.4953,300.9279,902.7837000000001,42.81933546293634,6.11704792327662,0.30803696372306544,153.01995211968284,RESIDUES,1.381329612450782,0.4803194018689664,17.801902291961706,2.5431288988516725,67.95444873022456,2735.3167624099046,196.10911285305272,5.470633524819809,0.39221822570610543,55.60157008041871,3.9863663073891997,0.2996684811852581,875.7637899713689,125.1091128530527,2.0802467058107217,0.3658006705842005,0.9132061166998424,0.5445599702655384,1.33615329808761,3.532662191020296,0.42573690003936704,4,1,2,4,1,2,1,15,0.3333333333333333,0.375038737111088,0.5031789218824163,0.11751488356642475,0.2409513960703206,0.842364135070958,0.3658006705842005,0.5445599702655384,0.38078916124329315,0.3333333333333333
959,0.065864458680152893,0.01782470010221,0.2238313024342063,0.00885920692235231,0.282928258180618,0.263690501451492,0.11170764935016653,0.017965795367956186,0.00377116911113262,0.00355701404623687,32.93222934007645,8.912350051105,111.91565121710315,4.429603461176155,141.464129090309,131.84525072574598,55.85382467508326,8.982897683978093,1.88558455556631,1.778507023118435,7676.59,0.289,15.35,0.5125424606055018,0.5125424606055018,698.8739764030271,82.81758190065632,88.75,10483.109646045406,559.0991811224218,1331.25,71.00000000000001,16.07448526566374,0.8573058808353996,16169.57328784706,10.738966378378377,889.3752275697459,387869.3331027972,283.37,2027.2289800000003,289.60414000000003,868.8124200000001,24.478244033154205,3.496892004736315,0.2783599509935889,175.51977550944568,RESIDUES,1.2047448565453427,0.38059859720702377,12.129486953635611,1.732783850519373,99.77405582633837,3225.160006765406,214.50496845652282,6.450320013530812,0.4290099369130456,38.94293859767773,2.5900897313547726,0.4552293841340785,1004.5347791956596,143.5049684565228,2.15417747379939,0.5134260235422363,0.9210273278963278,0.6052131035921231,1.72671441344514,3.7145789606243325,0.42328668597113733,2,3,2,4,1,3,1,16,0.4166666666666667,0.4169697927034677,0.2019371196382283,0.39595918370942157,0.28852119958634953,0.6580445105180635,0.5134260235422363,0.6052131035921231,0.3776119616707038,0.4166666666666667
96,0.127197191119194,0.0334918275475502,0.17448209105432,0.011365975253284,0.0283221304416656,0.35458967089653,0.20875266462564437,0.018287299588322606,0.0435112044215202,0,63.598595559597,16.7459137737751,87.24104552716,5.682987626642,14.1610652208328,177.294835448265,104.37633231282219,9.143649794161304,21.7556022107601,0,8341.94,0.358,16.68,0.38273554355651107,0.38273554355651107,361.6053887473789,64.55837369009839,88.75,5424.080831210684,289.28431099790316,1331.25,71.00000000000001,20.620872613527126,1.099779872721447,12604.586257764075,10.738966378378377,693.2902045007538,499242.685539542,364.74,2609.3499600000005,372.76428000000004,1118.29284,40.41845868865511,5.774065526950729,0.4964864967898357,189.964279941003,RESIDUES,1.3116607703973528,0.47917892213356633,16.840628175940218,2.405804025134317,84.67868616995466,3111.743771459103,226.31479527976413,6.223487542918206,0.45262959055952823,48.20046716784572,3.505583897855764,0.5550968414512615,1087.2035669583486,155.3147952797641,2.2407934409728827,0.6863812500826709,0.8948007969699846,0.4018275617614518,0.993609080493765,3.6724151222135695,0.5817515965759176,3,2,3,2,3,1,3,17,0.5,0.42671953511701066,0.36934310335866355,0.2447463551382309,0.35729058945191317,0.34705419856396796,0.6863812500826709,0.4018275617614518,0.583093863342943,0.5
960,0.0760052800178528,0.0252404622733593,0.23191610297560658,0.00759983854368329,0.304406464099884,0.298519223928452,0.03935725656151775,0.015926212191581704,8.30571807455271e-4,1.986150018638e-4,38.0026400089264,12.62023113667965,115.95805148780329,3.799919271841645,152.203232049942,149.259611964226,19.678628280758875,7.963106095790852,0.4152859037276355,0.0993075009319,8034.76,0.326,16.07,0.5193104504495861,0.5193104504495861,758.391545532942,85.80895810097444,88.75,11375.87318299413,606.7132364263537,1331.25,71.00000000000001,15.514114487131646,0.827419439313688,16753.619278957816,10.738966378378377,921.4995160100433,350060.50889122026,255.75,1829.6355,261.3765,784.1295,21.322196895189,3.046028127884143,0.2043107458161405,168.01338751134702,RESIDUES,1.1855623754068825,0.34305615831340364,11.205988753218781,1.6008555361741121,101.73187219738091,3214.3237354149846,208.36774562927735,6.4286474708299695,0.4167354912585547,37.459069618728805,2.4282749754878,0.4033311769952746,961.5742194049411,137.36774562927735,2.0876698708482886,0.38062328623597524,0.9169144637427953,0.5733180311293774,2.10354601493561,3.7622122978362453,0.3551779653237085,2,3,3,4,1,3,1,17,0.5,0.398587891344013,0.17510398115527842,0.42073213395756476,0.3257497414684592,0.6742592032383256,0.38062328623597524,0.5733180311293774,0.28929518929702985,0.5
961,0.367009580135345,0.0194258950650692,0.3016192042529583,0.00324602192267776,0.00562439858913422,0.110421434044838,0.16081762620806658,0.024571547448635087,0.00236136605963111,0.0049029178917408,183.5047900676725,9.7129475325346,150.80960212647915,1.6230109613388801,2.81219929456711,55.210717022419,80.40881310403329,12.285773724317544,1.180683029815555,2.4514589458704,11694.66,0.704,23.39,0.33703449250757656,0.33703449250757656,137.9317608422041,111.59910557359457,88.75,2068.9764126330615,110.3454086737633,1331.25,71.00000000000001,11.92885904557811,0.636205815764166,21788.971315233706,10.738966378378377,1198.459042611931,568133.1263530632,415.07,2969.41078,424.20154,1272.60462,26.607836727166312,3.80111953245233,0.6314095602000778,242.84553228679383,RESIDUES,1.1542178576609625,0.4149287294027662,12.45398467344555,1.7791406676350785,128.8096805520339,3919.56259299571,269.5505071976827,7.83912518599142,0.5391010143953654,35.12181009740204,2.4153464833992446,0.920711060793023,1389.8535503837786,198.55050719768266,2.1064871509965437,0.4181977318852099,0.9026906879808254,0.4630133038914936,1.89419912676305,3.908193241026663,0.4816647764786189,1,4,4,1,1,2,2,15,0.3333333333333333,0.38899815915318325,0.13283878840842414,0.6343121043282444,0.704239917269907,0.23756400770630984,0.4181977318852099,0.4630133038914936,0.45331099818099574,0.3333333333333333
97,0.196439519524574,0.0449089035391808,0.22254915946722065,0.0108367465436459,0.0817897841334343,0.263113588094711,0.13654872170090704,0.01875972941517833,0.0249455478042364,1.08335450931918e-4,98.219759762287,22.4544517695904,111.27457973361032,5.41837327182295,40.89489206671715,131.5567940473555,68.27436085045352,9.379864707589164,12.4727739021182,0.054167725465959,9547.22,0.482,19.09,0.3892205635011195,0.3892205635011195,374.85168676748856,82.34318900287164,88.75,5622.775301512328,299.88134941399085,1331.25,71.00000000000001,16.167093066477836,0.8622449635454847,16076.951279912018,10.738966378378377,884.2807381902946,472528.31855384755,345.23,2469.77542,352.82506,1058.4751800000001,29.993681929344138,4.28481170419202,0.4441659688876845,196.85598962395744,RESIDUES,1.225357132207184,0.42978307324404763,13.682324105476928,1.954617729353847,100.89981393335292,3342.1769380061282,231.94945711654765,6.684353876012256,0.4638989142330953,40.58838355033314,2.8168626928993317,0.6027452412884489,1126.6461998158334,160.94945711654762,2.259988490291254,0.7247100272313921,0.8839974178527137,0.31804785328459484,0.643656852429881,3.7761462683644464,0.7210686007814076,2,3,4,2,3,1,4,19,0.6666666666666666,0.46661368044555895,0.23169207301150269,0.3920305198209935,0.4819027921406412,0.3625909543967958,0.7247100272313921,0.31804785328459484,0.7637466201593776,0.6666666666666666
978,0.270556330680847,0.0155004831030965,0.3174599335193636,0.00245505175553262,0.0708039700984955,0.151244968175888,0.14638101491332065,0.0250566284954548,4.87509532831609e-4,5.41677254659589e-5,135.2781653404235,7.750241551548251,158.7299667596818,1.22752587776631,35.40198504924775,75.622484087944,73.19050745666033,12.5283142477274,0.24375476641580449,0.027083862732979448,10460.33,0.577,20.92,0.3674234412312507,0.3674234412312507,276.94517853125933,117.46017540216452,88.75,4154.17767796889,221.55614282500747,1331.25,71.00000000000001,11.333628571913984,0.6044601905020793,22933.305597438823,10.738966378378377,1261.4008744422717,500022.80394675053,365.31,2613.42774,373.34682000000004,1120.0404600000002,22.249479289912934,3.1784970414161333,0.49801437154401546,229.466958705639,RESIDUES,1.1281393330160598,0.37185689221308205,11.180685654245263,1.5972408077493236,132.51144393414728,3905.9361725063845,258.61218543773055,7.811872345012769,0.5172243708754611,33.25328060453762,2.201700998251403,0.8282133131263195,1313.2852980641132,187.6121854377305,2.23190244342253,0.6686276586182753,0.930600446390463,0.6794521974855217,2.09791441812135,3.917883234216793,0.43658877561916437,1,4,4,2,3,4,1,19,0.6666666666666666,0.45446694204323357,0.09904974681998022,0.682850295963458,0.5765253360910032,0.3103695935593783,0.6686276586182753,0.6794521974855217,0.39486081926737576,0.6666666666666666
979,0.137496650218964,0.030667819082737,0.1576183873116967,0.0105186775326729,0.341221332550049,0.281144112348557,0.028881184559315463,0.010899077657610159,8.30571807455271e-4,7.22236349247396e-4,68.74832510948201,15.3339095413685,78.80919365584835,5.25933876633645,170.6106662750245,140.57205617427852,14.440592279657732,5.449538828805079,0.4152859037276355,0.361118174623698,8832.27,0.408,17.66,0.5704318449422723,0.5704318449422723,795.6983332068293,58.318803305327776,88.75,11935.47499810244,636.5586665654635,1331.25,71.00000000000001,22.82711449050571,1.2174461061603048,11386.35229939697,10.738966378378377,626.2836679231767,404290.8472616374,295.37,2113.07698,301.86814,905.60442,36.23320199039402,5.1761717129134315,0.3105217570436166,160.9113287533094,RESIDUES,1.323474827075683,0.45522115057958024,15.791265672915618,2.2558950961308026,77.18346811977945,2878.461384644117,202.5611023887058,5.756922769288234,0.40512220477741157,49.35734654179971,3.4733412022911074,0.3542284505401601,920.9277167209403,131.56110238870576,2.0665111759044623,0.33837349099926795,0.9158633732553003,0.5651668727122533,1.76030699289014,3.6355764367250787,0.37441877827320325,4,1,3,4,1,3,1,17,0.5,0.416647482291787,0.3902632148306105,0.19307362781785126,0.40796277145811793,0.7967354069895374,0.33837349099926795,0.5651668727122533,0.3142448063415414,0.5
98,0.168517261743546,0.0520911701023579,0.2462097577452663,0.0119990771636367,0.0476645827293396,0.150111213326454,0.25014097380638123,0.024241302311420458,0.0487177260220051,3.0695044551976e-4,84.25863087177301,26.04558505117895,123.10487887263315,5.99953858181835,23.8322913646698,75.055606663227,125.07048690319061,12.12065115571023,24.35886301100255,0.15347522275988,8903.37,0.416,17.81,0.34416995832324043,0.34416995832324043,237.34280910193908,91.09761036574854,88.75,3560.142136529086,189.87424728155128,1331.25,71.00000000000001,14.613445892325315,0.77938378092401694,17786.192899518035,10.738966378378377,978.294174868387,493479.80326924985,360.53,2579.23162,368.46166000000005,1105.38498,28.312835096822212,4.044690728117459,0.4851997969110366,208.72381148616114,RESIDUES,1.1986398755223324,0.4210639572680189,13.11305656758192,1.8732937953688455,109.19322834918277,3504.1122927659844,241.65258827108536,7.008224585531969,0.4833051765421707,38.46546883828561,2.6526775762928625,0.6847978446773334,1194.5681178975976,170.65258827108536,2.29655873470821,0.7977336868887922,0.8993894633939598,0.43741245896121733,0.447337887639909,3.774956225308482,0.7686967956345894,2,3,3,1,4,2,4,19,0.6666666666666666,0.46592357798020523,0.19330292594798434,0.46452987475026314,0.41571871768355734,0.2546590962454945,0.7977336868887922,0.43741245896121733,0.8255062363059222,0.6666666666666666
99,0.137042298913002,0.100128807127476,0.20725779785215898,0.0440675690770149,0.0538802556693554,0.135595664381981,0.2824050275087352,0.02293463121354581,0.0165639203041792,1.24044294352643e-4,68.52114945650099,50.064403563738004,103.62889892607949,22.03378453850745,26.9401278346777,67.7978321909905,141.2025137543676,11.467315606772905,8.2819601520896,0.0620221471763215,8868.65,0.412,17.74,0.3428690666779874,0.3428690666779874,233.54954130433512,76.68538520529881,88.75,3503.2431195650265,186.8396330434681,1331.25,71.00000000000001,17.359891932941782,0.9258609030902286,14972.303316839963,10.738966378378377,823.5217734326986,489715.7279950208,357.78,2559.55812,365.65116,1096.9534800000001,33.37739144359334,4.768198777656192,0.47782779346747534,196.97839116037696,RESIDUES,1.2519607933492556,0.44944269897597133,14.700933238725808,2.100133319817972,96.00709569991916,3282.118501721768,232.04953261272422,6.5642370034435364,0.4640990652254484,42.79979155004597,3.0259942229082006,0.6035915098656683,1127.3467282890697,161.0495326127242,2.282131278447966,0.7689248650592725,0.9129125460644819,0.5422833434822989,0.487303412405534,3.6592784649923566,0.6994089809289783,3,3,3,1,4,2,4,20,0.75,0.47727788581628233,0.27168146421815037,0.3451756668686558,0.41209927611168556,0.2515424310648321,0.7689248650592725,0.5422833434822989,0.7356605293031178,0.75
baseline,0.1218,0.0406,0.21878250000000002,0.032,0.0979,0.2227,0.22546439999999998,0.0216531,0.0191,NA,60.900000000000006,20.299999999999997,109.39125000000001,16,48.95,111.35000000000001,112.73219999999999,10.826550000000001,9.549999999999999,NA,8282.32,0.352,16.56,0.39370875,0.39370875,372.90850650000004,80.94952500000001,88.75,5593.6275975,298.3268052,1331.25,71.00000000000001,16.445433126383385,0.8770897667404473,15804.847800000001,10.738966378378377,869.3142273207,473458.96187721076,345.91,2474.6401400000004,353.52002000000005,1060.5600600000002,30.570162579706306,4.367166082815187,0.4459886491702849,196.0492581562262,RESIDUES,1.2309559807722978,0.43323622284343855,13.860848649571617,1.980121235653088,99.64530193942666,3322.593341600414,231.28987346853054,6.645186683200828,0.4625797469370611,41.04524815433338,2.857211002393535,0.597167603038426,1122.029114279714,160.28987346853054,2.274161662931374,0.7530110941681455,0.8965615055641187,0.4154817759779494,NA,3.682701778978489,NA,2,3,3,2,4,1,NA,15,0.3333333333333333,NA,0.23995365901472243,0.380488952764969,0.3510858324715615,0.37334371358040863,0.7530110941681455,0.4154817759779494,NA,0.3333333333333333
